Actual Step 1,Predicted Step 1,Actual Step 2,Predicted Step 2,Actual Step 3,Predicted Step 3
0.0,0.0,0.0,0.0,0.0,0.0
0.0,0.0,0.0,0.0,0.0,0.0
0.0306748466257668,0.074679896,0.7873210633946831,0.11477615,0.4683026584867076,0.12653336
0.0,0.0,0.0306748466257668,0.0,0.0224948875255623,0.0
0.0,0.03717552,0.0,0.043153904,0.0,0.044278532
0.0,0.035985157,0.0,0.06117439,0.0,0.06878452
0.0,0.057139203,0.0,0.0929001,0.0,0.09463805
0.0,0.038696177,0.0,0.05053857,0.0,0.055184044
0.3169734151329244,0.24531087,0.3047034764826176,0.22108579,0.1942740286298568,0.19978723
0.0,0.0,0.0,0.0,0.0,0.0
0.3496932515337423,0.19343868,0.1411042944785276,0.19768828,0.6973415132924337,0.1984989
0.3047034764826176,0.073637255,0.1267893660531697,0.11416169,0.0,0.12589122
0.0,0.0,0.0,0.0,0.0,0.0
0.0,0.0,0.0,0.0,0.0265848670756646,0.0036066547
0.2822085889570552,0.26617146,0.2883435582822086,0.23640525,0.2167689161554192,0.2088398
0.0429447852760736,0.059720393,0.2801635991820041,0.108085334,0.4049079754601227,0.12645729
0.0,0.0,0.0,0.0,0.0,0.0
0.0,0.036254086,0.0,0.06098559,0.0,0.06868529
0.0,0.0,0.0,0.0,0.0,0.0
0.4703476482617587,0.22167622,0.4887525562372188,0.20427288,0.0572597137014315,0.17029786
0.0,0.07851947,0.0,0.098854296,0.0,0.09769887
0.0429447852760736,0.009444699,0.0224948875255623,0.081940606,0.2822085889570552,0.12943695
0.0,0.0,0.0,0.0,0.0,0.0
0.0,0.0,0.0,0.0,0.0,0.0
0.0,0.0,0.0,0.0,0.0,0.0
0.0,0.072021455,0.0,0.061447665,0.0,0.0
0.0,0.0,0.0,0.0,0.0,0.0
0.6175869120654397,0.208702,0.4805725971370143,0.21357769,0.8282208588957056,0.20587787
0.0,0.0,0.0,0.0,0.0,0.0
0.0,0.0,0.0,0.0,0.0,0.0
0.0,0.0,0.0,0.0,0.0,0.0
0.0,0.0,0.0265848670756646,0.067135826,0.3476482617586912,0.11968903
0.0,0.004214816,0.0,0.007424295,0.0,0.0
0.0,0.0,0.0,0.0,0.0265848670756646,0.009952851
0.4539877300613497,0.1906896,0.0306748466257668,0.1812244,0.4437627811860941,0.1685175
0.0,0.0,0.0,0.0,0.0,0.0
0.0,0.006097302,0.0,0.048334666,0.0,0.08364011
0.1288343558282208,0.26257342,0.3231083844580777,0.23341826,0.3578732106339468,0.20648776
0.0,0.0,0.0,0.0,0.0,0.0
0.0,0.0,0.0,0.0,0.0,0.0
0.0,0.0,0.0286298568507157,0.0,0.310838445807771,0.06010902
0.0,0.0158396,0.0,0.05298768,0.0,0.0821763
0.0,0.0,0.0408997955010225,0.029180326,0.2842535787321064,0.08763678
0.0,0.008900903,0.0,0.061644033,0.0,0.09876127
0.2801635991820041,0.04690579,0.4049079754601227,0.107901126,0.3169734151329244,0.1445085
0.0,0.0,0.0,0.0,0.0,0.0
0.0,0.0,0.0,0.0,0.0,0.0
0.0286298568507157,0.034763075,0.2924335378323108,0.09319466,0.1370143149284253,0.12771058
0.0265848670756646,0.0087185055,0.3312883435582822,0.081769526,0.1390593047034765,0.13131888
0.0920245398773006,0.24297597,0.0,0.20991984,0.0940695296523517,0.18512434
0.0,0.0,0.0,0.0,0.0,0.0
0.0920245398773006,0.14580405,0.3435582822085889,0.12506066,0.0572597137014315,0.11911321
0.0,0.03135165,0.0,0.056621432,0.0,0.07409291
0.0511247443762781,0.17916383,0.0920245398773006,0.13767582,0.3435582822085889,0.13185707
0.0,0.0,0.0,0.0,0.0,0.0
0.458077709611452,0.21780127,0.49079754601227,0.2006394,0.4110429447852761,0.18082762
0.0,0.0,0.0,0.0,0.0,0.0
0.3374233128834356,0.3027345,0.2699386503067485,0.27621263,0.3374233128834356,0.21864414
0.0,0.09962047,0.0,0.07031359,0.0,0.059104204
0.0,0.0,0.0,0.0,0.0,0.0
0.1329243353783231,0.16657433,0.0,0.18683219,0.0,0.19670886
0.0429447852760736,0.034096926,0.0224948875255623,0.08874256,0.2801635991820041,0.12142598
0.0,0.0,0.0,0.0,0.0,0.0
0.0,0.0,0.0,0.0,0.0286298568507157,0.0
0.0,0.0,0.0,0.052515477,0.0306748466257668,0.089913934
0.1288343558282208,0.15663278,0.0,0.17693773,0.0,0.1942318
0.0,0.0,0.0,0.0,0.0,0.0
0.0,0.0,0.0,0.0,0.0,0.0
0.0,0.03801404,0.0531697341513292,0.09430076,0.0552147239263803,0.1222764
0.0,0.16912481,0.0,0.16533478,0.0,0.15272787
0.0,0.038345337,0.0,0.069977455,0.0,0.087828845
0.0715746421267893,0.10482122,0.3190184049079755,0.07097289,0.3415132924335378,0.057606995
0.0,0.033416934,0.0,0.063781396,0.0,0.083768785
0.0,0.0,0.0,0.0,0.0,0.0
0.0,0.08291645,0.0,0.11691148,0.0,0.1133871
0.0,0.033722706,0.0,0.043453112,0.0,0.04348872
0.0,0.16475056,0.0,0.19293857,0.0,0.19846357
0.0429447852760736,0.02658619,0.2801635991820041,0.09434044,0.1411042944785276,0.13684481
0.7096114519427403,0.13779478,0.0408997955010225,0.10272351,0.065439672801636,0.0
0.0531697341513292,0.18614781,0.0920245398773006,0.14048229,0.3415132924335378,0.13090208
0.0,0.00079064816,0.0,0.004970804,0.0,0.0
0.0,0.06403854,0.0,0.06675455,0.0,0.064426064
0.0,0.0,0.0,0.0,0.0,0.0
0.0,0.014883913,0.0,0.02313532,0.0,0.007976539
0.0,0.03726618,0.0,0.04303865,0.0,0.044125542
0.0,0.0,0.0,0.0,0.0,0.0
0.0,0.0,0.0,0.0,0.0,0.0
0.0,0.0,0.0,0.0,0.0,0.0
0.0,0.03717552,0.0,0.043153904,0.0,0.044278532
0.2556237218813906,0.2218917,0.310838445807771,0.18498886,0.1124744376278118,0.16728488
0.0,0.0,0.0,0.0,0.0306748466257668,0.028479502
0.3231083844580777,0.07280073,0.1288343558282208,0.085685395,0.6809815950920246,0.08785033
0.0,0.047037102,0.0,0.0735378,0.0,0.07862058
0.0,0.0,0.0,0.0,0.0429447852760736,0.0
0.3149284253578732,0.26566583,0.3762781186094069,0.25401354,0.3374233128834356,0.22670768
0.4662576687116564,0.31863123,0.2310838445807771,0.29562598,0.278118609406953,0.2728612
0.0,0.0,0.0,0.0,0.0408997955010225,0.0
0.0,0.03627777,0.0,0.055558056,0.0,0.06261451
0.0,0.0,0.0265848670756646,0.035780095,0.0265848670756646,0.093633175
0.0,0.0,0.0,0.0,0.0,0.0
0.1411042944785276,0.17261794,0.0,0.18993384,0.0,0.19073209
0.0,0.030024834,0.0,0.063925005,0.0,0.056115024
0.0,0.010357544,0.0,0.0,0.0,0.0
0.6809815950920246,0.1875518,0.1288343558282208,0.17820637,0.3128834355828221,0.14646412
0.0224948875255623,0.035080552,0.3087934560327198,0.10035808,0.3231083844580777,0.14446694
0.0,0.052258097,0.0,0.081398286,0.0,0.07869902
0.3067484662576687,0.2471451,0.2924335378323108,0.21852255,0.5480572597137015,0.18870458
0.0,0.124264166,0.0,0.15108389,0.0,0.15285338
0.0,0.0,0.0,0.0,0.0,0.009623349
0.0,0.0,0.0,0.0,0.0,0.0
0.0,0.10257384,0.0,0.07511233,0.0,0.072977185
0.3169734151329244,0.17199764,0.3231083844580777,0.18378608,0.3578732106339468,0.18506837
0.6830265848670757,0.2451989,0.0940695296523517,0.24424824,0.0674846625766871,0.21873972
0.0,0.0,0.0,0.0,0.0,0.0
0.0,0.0,0.0,0.0,0.0306748466257668,0.0
0.0,0.0,0.0,0.0,0.0,0.0
0.0,0.0,0.0,0.051623993,0.0306748466257668,0.09150183
0.3169734151329244,0.24314272,0.1288343558282208,0.21939826,0.6809815950920246,0.19849236
0.0,0.0035913736,0.0,0.00026401132,0.0,0.0
0.0,0.0,0.0,0.0,0.0,0.0
0.0,0.117839456,0.0,0.11788557,0.0,0.09901635
0.0,0.0,0.0,0.0,0.0,0.0
0.0,0.03454604,0.0,0.06294227,0.0,0.07220961
0.0552147239263803,0.047606334,0.0552147239263803,0.107105866,0.3946830265848671,0.13950239
0.0,0.06986697,0.0,0.06830793,0.0,0.050135277
0.0756646216768916,0.17178425,0.0715746421267893,0.17871858,0.0736196319018405,0.15305297
0.4069529652351739,0.15445355,0.3190184049079755,0.18541318,0.3047034764826176,0.20282304
0.0,0.036333352,0.0,0.060947157,0.0,0.06864868
0.0,0.32332742,0.0,0.29393595,0.0,0.25318676
0.6830265848670757,0.20917559,0.1288343558282208,0.18570653,0.2883435582822086,0.16564879
0.0,0.0,0.0,0.002115585,0.0,0.0
0.0,0.045977734,0.0,0.07762474,0.0306748466257668,0.08298515
0.0,0.0,0.0,0.0,0.0,0.0
0.0,0.0,0.0,0.0,0.0,0.0
0.3762781186094069,0.2980942,0.3701431492842536,0.2808568,0.3456032719836401,0.25341797
0.2883435582822086,0.27901894,0.310838445807771,0.2612285,0.2392638036809816,0.22428834
0.0,0.0,0.0,0.0,0.0,0.0
0.0572597137014315,0.25562093,0.5541922290388549,0.21117224,0.0,0.1763114
0.0,0.0,0.0429447852760736,0.0,0.6850715746421269,0.0019818246
0.0,0.0,0.0,0.0,0.0306748466257668,0.0
0.0,0.070271604,0.0,0.0552489,0.0,0.015040927
0.0,0.03511031,0.0,0.061843418,0.0,0.07702261
0.0,0.0,0.0,0.0,0.0,0.0
0.0,0.037561506,0.0265848670756646,0.094206914,0.3210633946830266,0.12252914
0.4069529652351739,0.17662118,0.2822085889570552,0.18753839,0.0306748466257668,0.17769656
0.0,0.0,0.0,0.0,0.0,0.006921895
0.0,0.047678553,0.0,0.056094088,0.0,0.061655626
0.0,0.0,0.0,0.0,0.0,0.0
0.0,0.09976889,0.0,0.07432317,0.0,0.07423113
0.0,0.0,0.0,0.0,0.0,0.0
0.0,0.18933937,0.0,0.16801333,0.0,0.14257973
0.0,0.038627446,0.0,0.050621957,0.0,0.05530131
0.3599182004089979,0.26276827,0.310838445807771,0.24912983,0.3599182004089979,0.21292269
0.3762781186094069,0.27112055,0.4192229038854806,0.25452608,0.0572597137014315,0.21009439
0.0,0.20396952,0.0920245398773006,0.19718182,0.0,0.15486681
0.0,0.0039122477,0.0,0.060843375,0.0,0.108343154
0.0,0.0,0.0,0.0,0.0,0.0
0.0,0.05319561,0.0,0.08644199,0.0,0.0943792
0.0265848670756646,0.0,0.3047034764826176,0.0449915,0.1288343558282208,0.10638932
0.0,0.0,0.0,0.0,0.0,0.0
0.3047034764826176,0.057783306,0.1288343558282208,0.09792993,0.0,0.13135546
0.0,0.04719322,0.0,0.07353752,0.0,0.078621775
0.0306748466257668,0.05962679,0.3210633946830266,0.10778009,0.1370143149284253,0.12609309
0.0,0.039037198,0.0,0.058450036,0.0,0.06943629
0.0,0.12377385,0.0,0.08963981,0.0,0.085102916
0.0,0.0,0.0,0.0,0.0,0.0
0.0,0.0011620447,0.0,0.0053870976,0.0,0.0
0.0,0.0,0.0,0.0,0.0286298568507157,0.0
0.0224948875255623,0.04186943,0.2801635991820041,0.0901144,0.4069529652351739,0.12780581
0.0572597137014315,0.14468223,0.4458077709611452,0.10800241,0.0,0.10273657
0.0,0.0,0.0,0.0,0.0,0.0
0.0,0.0,0.0,0.0,0.0,0.0
0.0,0.0,0.0286298568507157,0.00640025,0.3067484662576687,0.043508723
0.0,0.0,0.0,0.0,0.0,0.0
0.5460122699386504,0.21254885,0.4049079754601227,0.1880256,0.4110429447852761,0.16768478
0.0,0.00078294426,0.0,0.052479252,0.0,0.08271277
0.0,0.07579538,0.0,0.06917152,0.0,0.07276662
0.0,0.0,0.0,0.0,0.0,0.0
0.0,0.045161862,0.0,0.044900946,0.0,0.04777102
0.2903885480572597,0.26424322,0.0920245398773006,0.23845704,0.0756646216768916,0.19951992
0.0,0.20881253,0.0,0.16461405,0.0,0.14462008
0.0,0.028823435,0.0,0.065404676,0.0,0.08438803
0.0306748466257668,0.17630357,0.0224948875255623,0.16966239,0.6809815950920246,0.13832663
0.0,0.18006006,0.0,0.173649,0.0,0.15933245
0.0715746421267893,0.06847203,0.0715746421267893,0.08899347,0.3231083844580777,0.09011622
0.0,0.0,0.0,0.0,0.0,0.0
0.1186094069529652,0.17690656,0.3190184049079755,0.18731526,0.0,0.17211999
0.3169734151329244,0.24314272,0.2862985685071575,0.21939826,0.6830265848670757,0.19849236
0.3374233128834356,0.19428647,0.0,0.14294125,0.0,0.09877515
0.0756646216768916,0.06088972,0.0736196319018405,0.10441114,0.0224948875255623,0.1284609
0.0,0.0,0.0,0.0,0.0,0.0
0.0,0.12527095,0.0,0.13378254,0.0,0.12527366
0.0,0.0,0.0,0.0,0.0,0.0
0.0,0.0,0.0,0.0,0.0,0.0
0.0,0.26404253,0.0,0.19673672,0.0,0.16954729
0.0756646216768916,0.18026462,0.0940695296523517,0.15800747,0.3435582822085889,0.1431294
0.3496932515337423,0.25632846,0.2883435582822086,0.25377563,0.310838445807771,0.237135
0.0572597137014315,0.13537206,0.4458077709611452,0.12931778,0.0,0.12849233
0.0,0.19528294,0.0,0.20753969,0.0,0.1979836
0.0,0.0,0.0,0.0,0.0,0.0
0.3415132924335378,0.094965264,0.0572597137014315,0.09757063,0.4458077709611452,0.09261316
0.0,0.0,0.0,0.0,0.0,0.0
0.0,0.0,0.0,0.0,0.0,0.0
0.4233128834355829,0.10032076,0.0,0.07191932,0.0,0.0
0.3783231083844581,0.09566825,0.4826175869120654,0.1391377,0.4805725971370143,0.15847962
0.0,0.0,0.0,0.0,0.0429447852760736,0.02673345
0.0,0.0,0.0,0.0,0.0,0.0
0.0,0.0,0.0,0.0,0.0,0.008196913
0.0,0.0,0.0,0.0,0.0,0.0
0.4233128834355829,0.16647789,0.0,0.12097597,0.0,0.10937596
0.0,0.037653558,0.0,0.023294635,0.0,0.0
0.0,0.24327832,0.0,0.18557036,0.0,0.17243336
0.0,0.0,0.0,0.0,0.0,0.0
0.0,0.08806338,0.0,0.06722898,0.0,0.0
0.0,0.0,0.0,0.0,0.0,0.0
0.0,0.03403555,0.0,0.07596817,0.0,0.087154865
0.0,0.0,0.0,0.0,0.0,0.0
0.0,0.11711316,0.0,0.12566935,0.0,0.11914339
0.0,0.0,0.0,0.0,0.0,0.0
0.0,0.043705948,0.0,0.020777881,0.0,0.0
0.392638036809816,0.09526235,0.4560327198364008,0.12631749,0.4805725971370143,0.13548641
0.0,0.0,0.0,0.0,0.0,0.010008581
0.0,0.06882216,0.0,0.07693823,0.0,0.072403684
0.3599182004089979,0.23082834,0.0,0.1880363,0.0,0.14967504
0.3333333333333333,0.2585465,0.0,0.20059517,0.0,0.18366595
0.0,0.050218545,0.0,0.03237117,0.0,0.0
0.3006134969325154,0.07437499,0.4069529652351739,0.114699386,0.3496932515337423,0.12622891
0.0,0.0,0.0,0.0,0.0,0.0
0.2699386503067485,0.22893447,0.0,0.21204917,0.0,0.15966143
0.0,0.038911037,0.0,0.0469435,0.0,0.04987421
0.0715746421267893,0.26205987,0.0940695296523517,0.24751036,0.0,0.21063551
0.1247443762781186,0.41099295,0.7096114519427403,0.3417977,0.0,0.28724146
0.0224948875255623,0.07122108,0.6830265848670757,0.11815237,0.408997955010225,0.13817458
0.0,0.0731238,0.0,0.04463712,0.0,0.018605262
0.229038854805726,0.37032175,0.2760736196319018,0.33174205,0.6809815950920246,0.27647147
0.0,0.052480064,0.0,0.091294065,0.0,0.09488022
0.0,0.07436613,0.0,0.094245166,0.0,0.09421332
0.0,0.0059497803,0.0,0.0362702,0.0,0.011818953
0.0,0.03463982,0.0,0.0679553,0.0,0.074607655
0.8302658486707567,0.09843242,0.5664621676891616,0.13610631,0.4805725971370143,0.1439223
0.0,0.0,0.0,0.0,0.0429447852760736,0.0
0.0,0.0,0.0,0.0,0.0,0.0
0.0,0.10089987,0.0,0.07491578,0.0,0.0747363
0.0,0.012514487,0.0,0.0317946,0.0,0.019950144
0.3435582822085889,0.13256168,0.0572597137014315,0.11026871,0.4458077709611452,0.103798136
0.0,0.037545674,0.0,0.042920947,0.0,0.043989263
0.0,0.0,0.0,0.0,0.0,0.0
0.0,0.0,0.0,0.0,0.0,0.0
0.0,0.0,0.0,0.0,0.0,0.0
0.0,0.0,0.0,0.0,0.0,0.0
0.4110429447852761,0.21869779,0.3537832310838446,0.20603904,0.3476482617586912,0.16987693
0.0,0.19950077,0.0,0.17515811,0.0,0.15340628
0.1288343558282208,0.20303097,0.0920245398773006,0.16450807,0.049079754601227,0.14799005
0.0,0.17263298,0.0,0.14189458,0.0,0.069439024
0.0,0.051733114,0.0,0.09421609,0.0,0.10169673
0.0,0.0,0.0429447852760736,0.0,0.0756646216768916,0.06281915
0.0,0.0,0.0,0.0,0.0,0.0
0.0,0.038327307,0.0,0.056973644,0.0,0.06374265
0.0,0.0,0.0,0.0,0.0,0.0060773194
0.0,0.09078169,0.0,0.07148575,0.0,0.027605586
0.0,0.0,0.0,0.0,0.0,0.0
0.0,0.0,0.0,0.0,0.0,0.0
0.1288343558282208,0.15682279,0.0,0.16463864,0.0,0.16411781
0.0,0.0700874,0.0,0.04200246,0.0,0.01128532
0.0920245398773006,0.1412014,0.4683026584867076,0.10520457,0.3537832310838446,0.09933601
0.0,0.02987802,0.0,0.032464854,0.0,0.028023832
0.0,0.028239526,0.0286298568507157,0.0955427,0.2801635991820041,0.1355708
0.2801635991820041,0.07693997,0.6809815950920246,0.12473636,0.0920245398773006,0.14816952
0.0,0.12519565,0.0,0.09867317,0.0,0.091789305
0.0,0.10434918,0.0,0.12675442,0.0,0.13271254
0.0,0.06826721,0.0,0.092097916,0.0,0.0921981
0.0,0.0,0.0,0.0,0.0,0.0
0.0224948875255623,0.07185133,0.2801635991820041,0.12128643,0.4069529652351739,0.14365588
0.0,0.12841626,0.0,0.13608232,0.0,0.12703449
0.1288343558282208,0.13037533,0.0,0.15671827,0.0,0.16684821
0.3537832310838446,0.2642762,0.3149284253578732,0.22698396,0.0552147239263803,0.19830267
0.3415132924335378,0.072987184,0.0,0.08498134,0.0,0.09584257
0.0920245398773006,0.1706496,0.0,0.17536211,0.0,0.14538239
0.4069529652351739,0.25834352,0.261758691206544,0.19543043,0.5971370143149285,0.18292665
0.0,0.09117691,0.0,0.062446963,0.0,0.036132336
0.0,0.0,0.0,0.0,0.0,0.0
0.0,0.13855897,0.0,0.10468965,0.0,0.09603365
0.3680981595092025,0.18490914,0.3169734151329244,0.20124628,0.3599182004089979,0.20081499
0.3517382413087935,0.25080478,0.310838445807771,0.22443531,0.3149284253578732,0.19651611
0.0,0.042823654,0.0,0.060009014,0.0,0.06566493
0.0,0.0,0.0,0.0,0.0,0.0
0.0,0.0,0.0,0.0,0.0,0.011068709
0.0429447852760736,0.0,0.3558282208588957,0.05657406,0.3680981595092025,0.115441725
0.0,0.1891538,0.0,0.1539314,0.0,0.142095
0.0,0.017344363,0.0,0.019060284,0.0,0.0049215555
0.8302658486707567,0.08549025,0.5664621676891616,0.13278154,0.4805725971370143,0.1542954
0.0,0.0,0.0,0.0,0.0,0.0
0.0,0.027419023,0.0,0.05403436,0.0,0.07194707
0.0,0.0,0.0,0.04442458,0.0,0.07130934
0.0,0.058950678,0.0,0.10991854,0.0,0.13033204
0.0,0.0,0.0,0.0,0.0,0.0
0.3128834355828221,0.07500246,0.4069529652351739,0.10531424,0.3517382413087935,0.11461473
0.3067484662576687,0.25253394,0.2638036809815951,0.19693169,0.0,0.18000463
0.4069529652351739,0.2877164,0.3169734151329244,0.26583827,0.1288343558282208,0.232624
0.0,0.09456666,0.0,0.09133859,0.0,0.08611733
0.294478527607362,0.24899141,0.4171779141104295,0.2233999,0.0572597137014315,0.17067827
0.0940695296523517,0.07742679,0.0,0.099145584,0.0,0.08392885
0.2760736196319018,0.3570181,0.2760736196319018,0.3078335,0.4171779141104295,0.24621898
0.0265848670756646,0.059393622,0.3047034764826176,0.10763291,0.130879345603272,0.12608194
0.0,0.039350033,0.0,0.050430216,0.0,0.05507718
0.0,0.010761499,0.0,0.011218265,0.0,0.0
0.0,0.0,0.0286298568507157,0.0,0.0224948875255623,0.0023228824
0.2801635991820041,0.2765867,0.4069529652351739,0.26844874,0.3169734151329244,0.25612664
0.0,0.0,0.0,0.0,0.0,0.0
0.0,7.560849e-05,0.0,0.0032670647,0.0,0.0
0.0,0.07227996,0.0,0.07780858,0.0,0.0757631
0.0,0.10309455,0.0,0.07619937,0.0,0.07442579
0.0,0.0,0.0,0.0,0.0,0.0
0.5869120654396729,0.20414853,0.0,0.1617794,0.0,0.1491637
0.0,0.0,0.0,0.0,0.0,0.0
0.310838445807771,0.07384981,0.1329243353783231,0.11445401,0.0429447852760736,0.12598982
0.6830265848670757,0.16420472,0.0920245398773006,0.18535095,0.0715746421267893,0.18435922
0.0,0.003998287,0.0,0.002781652,0.0,0.0
0.2903885480572597,0.27053857,0.0940695296523517,0.2379179,0.0,0.21027043
0.0,0.22932947,0.0,0.17967287,0.0,0.16143987
0.0,0.0,0.0,0.0,0.0,0.0
0.2147239263803681,0.18757223,0.1615541922290388,0.1636953,0.0306748466257668,0.1505397
0.0,0.0,0.0,0.0,0.0,0.0
0.0306748466257668,0.07447062,0.0265848670756646,0.11450221,0.3067484662576687,0.12643413
0.0940695296523517,0.13705224,0.0,0.1282344,0.0,0.11918053
0.0920245398773006,0.15529478,0.0470347648261758,0.113512225,0.0920245398773006,0.049087964
0.2883435582822086,0.22297442,0.0920245398773006,0.18200555,0.0511247443762781,0.16402556
0.0,0.037075907,0.0,0.07155861,0.0,0.08182229
0.0,0.0,0.0,0.0,0.0,0.0
0.0552147239263803,0.08161103,0.3946830265848671,0.12535985,0.4069529652351739,0.13996404
0.0,0.02161944,0.0,0.0038787946,0.0,0.0
0.1411042944785276,0.17477418,0.1390593047034765,0.1881936,0.0,0.18592735
0.0,0.03200735,0.0,0.06250776,0.0,0.07591869
0.0306748466257668,0.060307767,0.3047034764826176,0.108788386,0.1288343558282208,0.12696163
0.0531697341513292,0.09915656,0.3946830265848671,0.13786548,0.408997955010225,0.15166336
0.0,0.0,0.0,0.0,0.0,0.0
0.0572597137014315,0.28911453,0.5746421267893661,0.22603166,0.4069529652351739,0.20189884
0.1165644171779141,0.3371445,0.7096114519427403,0.24522348,0.0,0.22111586
0.310838445807771,0.23786241,0.5460122699386504,0.22602099,0.3210633946830266,0.18725568
0.0,0.0,0.0,0.0,0.0,0.0
0.6809815950920246,0.20385607,0.1329243353783231,0.1769726,0.0940695296523517,0.15327202
0.0,0.03649164,0.0,0.055482022,0.0,0.06255173
0.0,0.124786265,0.0,0.13342842,0.0,0.124993026
0.0,0.0,0.0,0.0,0.0,0.0
0.0,0.038571514,0.0,0.050625473,0.0,0.05529824
0.0,0.039544217,0.0,0.050327808,0.0,0.05493766
0.0,0.0,0.0,0.0,0.0429447852760736,0.0
0.0,0.0,0.0,0.0,0.0,0.0
0.0,0.0,0.0,0.0,0.0,0.0
0.0,0.0,0.0,0.0,0.0,0.0
0.0,0.0,0.0,0.033310704,0.0,0.0891553
0.0920245398773006,0.12309484,0.474437627811861,0.10778176,0.3537832310838446,0.101628035
0.0,0.03600402,0.0,0.061128676,0.0,0.06874384
0.0,0.21973133,0.0,0.1781893,0.0,0.15970309
0.0286298568507157,0.0117109865,0.310838445807771,0.08216157,0.1329243353783231,0.12804167
0.0265848670756646,0.0,0.310838445807771,0.04524094,0.1329243353783231,0.101945475
0.0,0.15646829,0.0,0.11354351,0.0,0.07198244
0.0,0.0038513169,0.0,0.00205829,0.0,0.0
0.0,0.04141418,0.0,0.070812985,0.0,0.07584217
0.0593047034764826,0.1948016,0.0920245398773006,0.1544315,0.3415132924335378,0.14352308
0.0,0.0,0.0,0.0,0.0,0.0
0.0,0.0,0.0,0.035141297,0.0,0.09675217
0.4723926380368098,0.12799795,0.0,0.09773457,0.0,0.07869273
0.3476482617586912,0.21065429,0.3374233128834356,0.17377612,0.0,0.15503779
0.0,0.008538112,0.0,0.06354937,0.0,0.09438682
0.2801635991820041,0.13562185,0.4069529652351739,0.15741567,0.3169734151329244,0.14646567
0.0,0.0,0.0,0.0,0.0,0.0
0.0,0.0111150965,0.0,0.055128574,0.0,0.07559455
0.5541922290388549,0.17972794,0.0,0.15089236,0.0,0.128769
0.0,0.24150775,0.0,0.18211669,0.0,0.17106389
0.0,0.1306684,0.0,0.12623636,0.0,0.11752348
0.3496932515337423,0.22828665,0.5173824130879346,0.22745399,0.310838445807771,0.2120086
0.0,0.19937661,0.0,0.14467227,0.0,0.09498419
0.0,0.12764843,0.0,0.154203,0.0,0.14834973
0.0,0.0,0.0,0.0,0.0,0.0
0.0,0.0,0.0,0.0010909215,0.0,0.0
0.0,0.0,0.0,0.0,0.0,0.0
0.0,0.06558311,0.0,0.09834764,0.0,0.115434796
0.0,0.0,0.0,0.0,0.0,0.0
0.0,0.13396835,0.0,0.15513463,0.0,0.14424272
0.0,0.0,0.0,0.0,0.0,0.0
0.0,0.0,0.0,0.0,0.0,0.0
0.0,0.026245229,0.0,0.055814184,0.0,0.050363384
0.0,0.0,0.0,0.052838057,0.0265848670756646,0.089232676
0.0,0.0,0.0,0.0,0.0,0.0
0.0,0.0,0.0,0.0,0.0,0.0
0.0,0.046785887,0.0,0.07330908,0.0,0.07844773
0.0,0.0,0.0,0.0,0.0,0.0
0.0,0.18056571,0.0,0.19808021,0.0,0.19275293
0.0,0.10233101,0.0,0.099629216,0.0,0.09822456
0.0,0.0,0.0,0.0,0.0,0.009470515
0.1329243353783231,0.11374059,0.0,0.15841055,0.0,0.19109428
0.0,0.13453236,0.0,0.15444452,0.0,0.14268288
0.0,0.020898081,0.0,0.055776477,0.0,0.08239581
0.0224948875255623,0.15460823,0.2862985685071575,0.15393901,0.4069529652351739,0.14158487
0.0,0.12527095,0.0,0.13378252,0.0,0.12527363
0.0,0.0,0.0,0.0,0.0,0.0
0.392638036809816,0.2598397,0.5664621676891616,0.25539666,0.441717791411043,0.23427324
0.0,0.0,0.0,0.0,0.0,0.0
0.0,0.0,0.0,0.0,0.0,0.0
0.2862985685071575,0.06598435,0.4069529652351739,0.12001768,0.3169734151329244,0.14902313
0.0,0.20939536,0.0,0.14872839,0.0,0.12176658
0.0,0.023526497,0.0,0.017765626,0.0,0.0032753646
0.3047034764826176,0.1701209,0.1288343558282208,0.16639686,0.0,0.15343435
0.4233128834355829,0.15957308,0.3292433537832311,0.11396124,0.0,0.089278564
0.310838445807771,0.24133727,0.2167689161554192,0.21756005,0.0306748466257668,0.19129476
0.0,0.0012015328,0.0,0.00553149,0.0,0.0
0.0265848670756646,0.059368446,0.3047034764826176,0.107560344,0.1288343558282208,0.12599815
0.0,0.10205392,0.0,0.108652085,0.0,0.092601836
0.0,0.0,0.0,0.0,0.0,0.0
0.0,0.0,0.0,0.0,0.0,0.0
0.0,0.0,0.0286298568507157,0.019687638,0.2842535787321064,0.0774498
0.0,0.0,0.0429447852760736,0.049498156,0.0224948875255623,0.11020385
0.0,0.0,0.0,0.0,0.0,0.0
0.0,0.0,0.0,0.025209188,0.0,0.0
0.4049079754601227,0.09237079,0.3496932515337423,0.12138279,0.1411042944785276,0.14000809
0.0,0.0,0.0,0.0,0.0,0.0
0.3047034764826176,0.19700676,0.261758691206544,0.14884771,0.0,0.13221861
0.0,0.04425052,0.0,0.04464273,0.0,0.046366483
0.0265848670756646,0.07374795,0.3067484662576687,0.104108445,0.130879345603272,0.11345017
0.0,0.020735942,0.0,0.0071148053,0.0,0.0
0.2924335378323108,0.041727595,0.4049079754601227,0.104919985,0.3496932515337423,0.14661974
0.0552147239263803,0.23855008,0.3762781186094069,0.22451538,0.3374233128834356,0.18103467
0.0224948875255623,0.090714574,0.8282208588957056,0.1263513,0.5644171779141105,0.14996113
0.0,0.0,0.0,0.0,0.0,0.0
0.0286298568507157,0.0,0.0224948875255623,0.040514864,0.3087934560327198,0.102761656
0.0,0.078797646,0.0,0.06209104,0.0,0.0049048215
0.0,0.0,0.0,0.0,0.0,0.0
0.0,0.0,0.0,0.0,0.0,0.0
0.2801635991820041,0.0,0.4069529652351739,0.041617252,0.3169734151329244,0.05345297
0.0,0.0,0.0,0.0,0.0,0.0
0.0,0.0,0.0,0.0,0.0,0.0
0.1288343558282208,0.16838461,0.0,0.18971227,0.0,0.19410612
0.3047034764826176,0.26567185,0.1942740286298568,0.23600973,0.5460122699386504,0.2084478
0.3435582822085889,0.20795123,0.0715746421267893,0.22281037,0.0736196319018405,0.22374262
0.0,0.0010076016,0.0,0.011481918,0.0,0.0
0.0,0.008462019,0.0,0.053019457,0.0,0.081043415
0.0,0.040772878,0.0,0.07850807,0.0,0.085441455
0.0,0.037542306,0.0265848670756646,0.09382859,0.0265848670756646,0.12184278
0.0,0.18211618,0.0,0.19754653,0.0,0.18962952
0.0,0.03745903,0.0429447852760736,0.09383909,0.0224948875255623,0.12193989
0.0,0.093103535,0.0,0.07862356,0.0,0.073458806
0.0,0.0491479,0.0,0.05882308,0.0429447852760736,0.024156392
0.1288343558282208,0.23743612,0.2903885480572597,0.22054416,0.408997955010225,0.18720508
0.2924335378323108,0.073804215,0.4069529652351739,0.11397461,0.3496932515337423,0.12600808
0.0,0.0,0.0,0.0,0.0,0.011233702
0.0,0.03868386,0.0,0.05061891,0.0,0.055304743
0.0,0.0,0.0,0.0,0.0,0.0
0.049079754601227,0.13852865,0.0920245398773006,0.11615076,0.474437627811861,0.10484925
0.4458077709611452,0.12127473,0.0,0.0897995,0.0,0.0
0.1186094069529652,0.33647692,0.7096114519427403,0.2446481,0.0,0.22082697
0.196319018404908,0.32763422,0.4805725971370143,0.29065162,0.2699386503067485,0.23206867
0.0,0.0,0.0,0.0,0.0,0.0
0.0,0.0,0.0,0.0,0.0,0.0
0.0,0.08634542,0.0,0.07041028,0.0,0.071345806
0.0,0.0,0.0,0.0,0.0,0.0
0.0,0.16264673,0.0,0.12543029,0.0,0.097362414
0.0,0.05666757,0.0,0.058363855,0.0,0.06295909
0.0940695296523517,0.16528901,0.0572597137014315,0.12814504,0.4233128834355829,0.12336312
0.0,0.0,0.0,0.0,0.0,0.0
0.0,0.0,0.0286298568507157,0.051677115,0.2801635991820041,0.09493935
0.0531697341513292,0.0,0.392638036809816,0.041650034,0.3435582822085889,0.10370242
0.0,0.0,0.0,0.0,0.0,0.0
0.3885480572597137,0.20396504,0.6155419222903886,0.20772943,0.4621676891615542,0.19903241
0.0,0.055118337,0.0,0.10006501,0.0,0.11718301
0.0,0.0,0.0,0.0,0.0,0.0
0.0,0.0,0.0,0.0,0.0,0.0
0.0736196319018405,0.20504168,0.0715746421267893,0.2089087,0.0715746421267893,0.18217407
0.0,0.07100823,0.0,0.058128178,0.0,0.0
0.0,0.040527083,0.0,0.06870531,0.0,0.07883615
0.0,0.0,0.0,0.053103045,0.0286298568507157,0.08931887
0.0,0.0,0.0,0.0,0.0,0.0
0.2903885480572597,0.25817025,0.0920245398773006,0.23733827,0.0511247443762781,0.20213439
0.0,0.036223583,0.0,0.03480266,0.0,0.0
0.5112474437627812,0.20427173,0.0,0.16183704,0.0,0.14923577
0.0,0.17186615,0.0920245398773006,0.13517638,0.4723926380368098,0.12835133
0.703476482617587,0.24384664,0.1226993865030675,0.17234641,0.7096114519427403,0.146759
0.0,0.038942233,0.0,0.050541423,0.0,0.055214845
0.0,0.0,0.0,0.0,0.0,0.0
0.0,0.0818844,0.0,0.115952,0.0,0.11299102
0.0,0.0,0.0,0.0,0.0,0.0
0.0,0.066081345,0.0,0.07166766,0.0,0.023411699
0.0,0.0,0.0,0.0,0.0,0.0
0.1370143149284253,0.17155379,0.0,0.19195741,0.0,0.19650203
0.0,0.0,0.0,0.0,0.0,0.0
0.1288343558282208,0.20854989,0.0,0.19429503,0.0,0.17623255
0.0,0.0,0.0,0.052838042,0.0286298568507157,0.08923267
0.0,0.0,0.0,0.0,0.0,0.0
0.0,0.12640804,0.0,0.15579303,0.0,0.15155017
0.0,0.17821197,0.0,0.1802769,0.0,0.17311127
0.0,0.0,0.0,0.0,0.0,0.0
0.0,0.08898878,0.0,0.11889136,0.0,0.11443889
0.310838445807771,0.27631363,0.3517382413087935,0.24378486,0.310838445807771,0.21474923
0.1574642126789366,0.23054715,0.1288343558282208,0.19045575,0.2903885480572597,0.1732458
0.0,0.0006640181,0.0,0.0044112727,0.0,0.0
0.1390593047034765,0.17507467,0.0306748466257668,0.1922768,0.3169734151329244,0.18958329
0.0,0.032247186,0.0,0.061879314,0.0,0.075874865
0.0,0.0,0.0,0.0,0.0,0.0
0.0,0.026722819,0.0,0.075769946,0.0,0.09932398
0.3047034764826176,0.06845993,0.1288343558282208,0.11940893,0.0,0.14381348
0.0,0.0,0.0,0.0,0.0,0.0
0.3435582822085889,0.13287637,0.0572597137014315,0.107547656,0.4233128834355829,0.10659554
0.0,0.033960894,0.0,0.06384313,0.0,0.08182803
0.0572597137014315,0.2002264,0.5746421267893661,0.16819884,0.0429447852760736,0.1437541
0.4069529652351739,0.15515035,0.3517382413087935,0.1553583,0.1370143149284253,0.14626445
0.0,0.17693207,0.0,0.13019906,0.0,0.0
0.3496932515337423,0.26499408,0.0,0.23667906,0.0,0.19011754
0.0,0.0,0.0,0.0,0.0,0.0
0.0,0.0,0.0,0.0,0.0,0.0
0.2822085889570552,0.06646675,0.1206543967280163,0.111325696,0.0286298568507157,0.12735471
0.0,0.0,0.0,0.0,0.0,0.0
0.6830265848670757,0.075583585,0.2801635991820041,0.12375018,0.4069529652351739,0.14335352
0.1288343558282208,0.262712,0.6830265848670757,0.23352021,0.2903885480572597,0.20654958
0.0,0.0,0.0,0.0,0.0,0.0
0.3292433537832311,0.07360866,0.1411042944785276,0.11410456,0.0,0.12585321
0.3087934560327198,0.077356,0.3231083844580777,0.12602825,0.3578732106339468,0.14861241
0.0,0.0,0.0,0.04390721,0.0,0.07425296
0.0,0.14366299,0.0,0.102897964,0.0,0.05767998
0.4233128834355829,0.030687891,0.0,0.027133279,0.0,0.0
0.0,0.0,0.0,0.0,0.0265848670756646,0.02690494
0.0,0.0,0.0,0.0,0.032719836400818,0.0
0.0,0.0,0.0,0.0,0.0,0.010008581
0.0,0.0,0.0,0.0,0.0,0.011974566
0.0,0.0,0.0429447852760736,0.0,0.2985685071574642,0.0041358024
0.2801635991820041,0.2835102,0.4069529652351739,0.27602702,0.3190184049079755,0.26169497
0.0,0.0,0.0,0.0,0.0,0.0
0.0,0.0,0.0,0.0,0.0,0.0
0.0674846625766871,0.16042015,0.0940695296523517,0.1491529,0.3435582822085889,0.121164575
0.0,0.12054674,0.0,0.108115636,0.0,0.10585733
0.0,0.027071811,0.0,0.06230331,0.0,0.07876937
0.0,0.0,0.0,0.0,0.0,0.0
0.0,0.08517922,0.0,0.11599059,0.0,0.108821325
0.0,0.0,0.0,0.0,0.0,0.0
0.6809815950920246,0.19882423,0.2903885480572597,0.19300964,0.0940695296523517,0.17132539
0.0,0.0,0.0531697341513292,0.029528081,0.392638036809816,0.089950085
0.3292433537832311,0.15737733,0.1288343558282208,0.14540978,0.0940695296523517,0.117463015
0.0920245398773006,0.021526963,0.0572597137014315,0.019843183,0.4233128834355829,0.0
0.4130879345603272,0.24861294,0.3537832310838446,0.1991966,0.4069529652351739,0.17906164
0.0,0.12652686,0.0,0.15147823,0.0,0.14454757
0.0,0.04673478,0.0,0.07225985,0.0,0.08282079
0.0715746421267893,0.08751156,0.0715746421267893,0.095894314,0.0715746421267893,0.09699871
0.0,0.0,0.0,0.0,0.0,0.0
0.0,0.031120598,0.0,0.027178958,0.0,0.0
0.6809815950920246,0.18050145,0.0920245398773006,0.17300393,0.0,0.15761992
0.0,0.0,0.0,0.0,0.0,0.0
0.0,0.0,0.0,0.0,0.0,0.0
0.310838445807771,0.20794168,0.6400817995910021,0.20481262,0.621676891615542,0.1936661
0.0,0.0,0.0,0.0,0.0,0.0
0.4683026584867076,0.25282395,0.4887525562372188,0.20169926,0.0572597137014315,0.18366209
0.0,0.07787415,0.0,0.06279548,0.0,0.0021909922
0.0,0.07768892,0.0,0.09826287,0.0,0.09726892
0.0,0.0,0.0265848670756646,0.03699059,0.3190184049079755,0.0943488
0.0,0.03857089,0.0,0.05627563,0.0,0.06726639
0.0,0.05113632,0.0,0.053888805,0.0,0.0018366352
0.0572597137014315,0.1803847,0.0920245398773006,0.15805177,0.3415132924335378,0.14315732
0.0,0.0,0.0,0.0,0.0,0.0
0.0,0.0,0.0,0.0,0.0,0.0
0.0,0.0,0.0,0.0,0.0,0.0
0.0,0.06236092,0.0,0.0703809,0.0,0.074836865
0.1595092024539877,0.26479137,0.1288343558282208,0.25267002,0.2883435582822086,0.21712056
0.0,0.09108962,0.0,0.061679702,0.0,0.053395554
0.0,0.0,0.0,0.0,0.0,0.0
0.0,0.0,0.0,0.0,0.0,0.0
0.310838445807771,0.24805063,0.3599182004089979,0.23227164,0.5480572597137015,0.19353971
0.0,0.20893605,0.0,0.15293172,0.0,0.104296125
0.0,0.03617788,0.0,0.06106152,0.0,0.068727
0.0,0.0,0.0,0.0,0.0,0.0
0.0429447852760736,0.01141119,0.0756646216768916,0.08374536,0.0756646216768916,0.13227428
0.3190184049079755,0.073363796,0.1370143149284253,0.12312986,0.3190184049079755,0.14588842
0.0,0.038665555,0.0429447852760736,0.0647334,0.0224948875255623,0.058004208
0.0306748466257668,0.038419336,0.4519427402862986,0.08256358,0.4314928425357873,0.11337064
0.0,0.16801694,0.0,0.12790005,0.0,0.11453476
0.0,0.0,0.0,0.0,0.0,0.010664016
0.0613496932515337,0.15940405,0.0940695296523517,0.14896803,0.3435582822085889,0.120927505
0.0,0.13162163,0.0,0.15265617,0.0,0.14376174
0.0,0.0,0.0,0.0,0.0,0.0
0.0,0.03801404,0.0306748466257668,0.09430076,0.3047034764826176,0.1222764
0.0,0.0,0.0,0.0,0.0,0.0
0.1288343558282208,0.19328365,0.2903885480572597,0.15812893,0.6809815950920246,0.14541702
0.4049079754601227,0.0,0.3169734151329244,0.014595836,0.1288343558282208,0.019476585
0.0,0.09030269,0.0,0.11294456,0.0,0.097199365
0.2985685071574642,0.21544354,0.0306748466257668,0.19607443,0.0224948875255623,0.17402883
0.4376278118609407,0.15242694,0.0,0.13167602,0.0,0.109888025
0.1492842535787321,0.18247895,0.0,0.1948176,0.0,0.19210735
0.0,0.0,0.0,0.0,0.0,0.0
0.5623721881390593,0.17497402,0.3783231083844581,0.14297459,0.3047034764826176,0.13432229
0.0,0.0,0.0,0.0,0.0,0.0
0.0,0.0,0.0,0.052232236,0.0429447852760736,0.08950346
0.0224948875255623,0.023551501,0.3231083844580777,0.06646901,0.3578732106339468,0.090749726
0.0,0.0,0.0,0.0,0.0,0.0
0.0,0.1264776,0.0,0.13466646,0.0,0.12594976
0.0,0.21077624,0.0940695296523517,0.16482818,0.0572597137014315,0.1528086
0.0,0.0,0.0,0.0,0.0,0.0
0.0204498977505112,0.08025403,0.2801635991820041,0.124450386,0.3210633946830266,0.14531788
0.0552147239263803,0.07210387,0.3967280163599182,0.11930966,0.3885480572597137,0.14012223
0.1431492842535787,0.12334213,0.0,0.16553302,0.0,0.19603747
0.0572597137014315,0.17793542,0.0920245398773006,0.13440718,0.4703476482617587,0.12906991
0.0,0.00087416917,0.0,0.0,0.0,0.0
0.3783231083844581,0.2451935,0.3047034764826176,0.18613864,0.261758691206544,0.17400919
0.1288343558282208,0.16210444,0.0,0.19022122,0.0,0.20124596
0.0224948875255623,0.07573345,0.6809815950920246,0.12015069,0.703476482617587,0.13210925
0.0,0.044518553,0.0,0.07187757,0.0,0.084345356
0.0,0.02362629,0.0,0.07714077,0.0,0.09688467
0.0,0.04729423,0.0,0.073609285,0.0,0.07867575
0.0,0.24532834,0.0,0.18447793,0.0,0.17328961
0.4069529652351739,0.16248797,0.3169734151329244,0.18753377,0.1595092024539877,0.19325009
0.0429447852760736,0.0,0.2822085889570552,0.04459907,0.4069529652351739,0.09286788
0.3006134969325154,0.048756033,0.3496932515337423,0.10902845,0.3496932515337423,0.1468582
0.0,0.0,0.0,0.0,0.0,0.0
0.2801635991820041,0.07377255,0.4049079754601227,0.11391112,0.3169734151329244,0.12596294
0.0,0.0,0.0,0.0,0.0265848670756646,0.0
0.0,0.0499197,0.0,0.02657704,0.0,0.0
0.0,0.0,0.0,0.0,0.0,0.0
0.3067484662576687,0.0733667,0.1288343558282208,0.11379547,0.0347648261758691,0.12575795
0.310838445807771,0.3581219,0.2822085889570552,0.30353123,0.6196319018404909,0.26319847
0.0,0.106332995,0.0,0.085967734,0.0,0.08701961
0.0,0.08146269,0.0,0.06616785,0.0,0.058930352
0.0,0.0,0.0,0.0,0.0,0.0
0.0,0.0,0.0,0.0,0.0,0.0
0.0,0.12997937,0.0,0.09834672,0.0,0.09039819
0.0,0.0,0.0,0.0,0.0429447852760736,0.0
0.0,0.0,0.0,0.0,0.0,0.0
0.0,0.08633487,0.0,0.055277012,0.0,0.041456826
0.0,0.09883478,0.0,0.07921328,0.0,0.081577376
0.0,0.0,0.0429447852760736,0.023307532,1.0,0.08454183
0.0,0.0,0.0265848670756646,0.028899461,0.3067484662576687,0.0890716
0.0,0.0769121,0.0,0.09768807,0.0,0.09684375
0.6830265848670757,0.18100643,0.2903885480572597,0.18833128,0.0920245398773006,0.16507941
0.0,0.028800458,0.0,0.0091492385,0.0,0.0
0.0,0.0,0.0,0.0,0.0,0.0
0.0,0.0,0.0,0.0,0.0286298568507157,0.037922844
0.3496932515337423,0.24910848,0.310838445807771,0.22385767,0.3517382413087935,0.20205152
0.0,0.0,0.0,0.046653204,0.0,0.07260766
0.0,0.0,0.0,0.0,0.0,0.0
0.0,0.0,0.0,0.0,0.0,0.0
0.310838445807771,0.17791247,0.0,0.13659713,0.0,0.12878193
0.0,0.0,0.0,0.0,0.0,0.0
0.0,0.078968324,0.0,0.066446766,0.0,0.0502616
0.0,0.037639126,0.0,0.06591635,0.0,0.0674817
0.0,0.0,0.0,0.0,0.0,0.0
0.0408997955010225,0.06011463,0.0224948875255623,0.10860089,0.2883435582822086,0.12686127
0.0,0.12671755,0.0,0.13484256,0.0,0.1260811
0.0,0.0,0.0,0.0,0.0,0.0
0.3578732106339468,0.066178605,0.3680981595092025,0.102570206,0.310838445807771,0.11799272
0.4069529652351739,0.16009226,0.3496932515337423,0.16720973,0.310838445807771,0.16623174
0.0,0.03983099,0.0,0.05036638,0.0,0.05500266
0.0,0.028113917,0.0,0.055614263,0.0,0.06758492
0.0,0.0,0.0,0.0,0.0,0.0
0.0265848670756646,0.0,0.0265848670756646,0.0031997263,0.3312883435582822,0.05807972
0.0265848670756646,0.059645656,0.3210633946830266,0.107991435,0.1370143149284253,0.12638564
0.4805725971370143,0.28554714,0.8282208588957056,0.25036168,0.2740286298568507,0.22291246
0.0,0.017218277,0.0,0.018200204,0.0,0.0036624148
0.2638036809815951,0.24538504,0.3435582822085889,0.1857251,0.2638036809815951,0.17178531
0.3578732106339468,0.16425397,0.3599182004089979,0.123537466,0.0,0.0
0.310838445807771,0.2811259,0.1595092024539877,0.25863186,0.0,0.21608192
0.0,0.0,0.0,0.05338987,0.0429447852760736,0.09004654
0.0,0.0,0.0265848670756646,0.012428835,0.3047034764826176,0.07201819
0.0,0.036000058,0.0,0.061234586,0.0,0.06884153
0.0,0.04390804,0.0,0.07238701,0.0,0.07525806
0.0,0.0,0.0286298568507157,0.044183306,0.0224948875255623,0.1065542
0.0,0.0,0.0265848670756646,0.0,0.3292433537832311,0.037343822
0.0,0.037561506,0.0429447852760736,0.094206914,0.3006134969325154,0.12252914
0.0,0.05450943,0.0,0.030282818,0.0,0.0134158805
0.0286298568507157,0.0,0.6809815950920246,0.06739277,0.2801635991820041,0.12183567
0.0552147239263803,0.2775349,0.5869120654396729,0.22093065,0.0,0.19681206
0.0572597137014315,0.27778432,0.5276073619631902,0.20736742,0.0,0.19077012
0.3190184049079755,0.07385016,0.1370143149284253,0.114029765,0.0,0.12602437
0.1370143149284253,0.2735418,0.6809815950920246,0.24140215,0.3149284253578732,0.21277618
0.0,0.0,0.0,0.0,0.0,0.0
0.3047034764826176,0.074906334,0.1288343558282208,0.115090325,0.0,0.12665345
0.0,0.0,0.0,0.0,0.0,0.0
0.3435582822085889,0.19835967,0.0715746421267893,0.19492106,0.1083844580777096,0.18926531
0.0,0.037542306,0.0265848670756646,0.09382859,0.3047034764826176,0.12184278
0.3619631901840491,0.12793827,0.4130879345603272,0.13171813,0.4028629856850716,0.0971819
0.0,0.0,0.0,0.0,0.0306748466257668,0.0
0.0,0.0,0.0,0.0,0.0429447852760736,0.0
0.3374233128834356,0.23438269,0.0572597137014315,0.21844664,0.5746421267893661,0.18027234
0.0,0.0,0.0,0.0,0.0,0.0
0.0,0.0,0.0429447852760736,0.036391966,0.0756646216768916,0.055010244
0.0,0.03636524,0.0,0.055479385,0.0,0.06251073
0.3190184049079755,0.25445852,0.3128834355828221,0.24951376,0.310838445807771,0.23178805
0.0,0.0,0.0,0.0,0.0,0.0
0.0,0.0,0.0,0.0,0.0,0.0
0.7586912065439674,0.293374,0.3701431492842536,0.24873066,0.6155419222903886,0.21338852
0.3312883435582822,0.26465774,0.212678936605317,0.24576542,0.5460122699386504,0.22132432
0.0572597137014315,0.18416977,0.4376278118609407,0.16138789,0.0,0.12725556
0.0,0.0,0.0,0.0,0.0,0.0
0.0,0.0,0.0,0.0,0.0,0.0
0.0,0.036000058,0.0,0.061234586,0.0,0.06884153
0.0,0.0,0.0,0.017527737,0.0,0.017215915
0.0,0.0,0.0,0.0,0.0,0.0
0.0,0.04685305,0.0,0.073334396,0.0,0.07846695
0.0,0.0173093,0.0,0.019462287,0.0,0.005443312
0.4683026584867076,0.12990668,0.3537832310838446,0.09656587,0.3599182004089979,0.07678072
0.0715746421267893,0.075131804,0.0715746421267893,0.08901571,0.0715746421267893,0.09030816
0.0306748466257668,0.29265857,0.4437627811860941,0.2556411,0.4519427402862986,0.22736245
0.0715746421267893,0.17876357,0.0736196319018405,0.17651337,0.0715746421267893,0.16280791
0.0715746421267893,0.048504204,0.3231083844580777,0.07043487,0.3415132924335378,0.07726443
0.0715746421267893,0.077332556,0.0715746421267893,0.09658426,0.0715746421267893,0.09727084
0.0,0.07566089,0.0,0.09628526,0.0,0.095799506
0.0,0.04087104,0.0,0.07174168,0.0,0.07253003
0.0,0.08167735,0.0,0.11503591,0.0,0.112370566
0.0,0.13114318,0.0,0.15587956,0.0,0.14683774
0.3578732106339468,0.21875054,0.6809815950920246,0.20169018,0.1002044989775051,0.1835473
0.0,0.0,0.0286298568507157,0.023279078,0.310838445807771,0.07340323
0.0,0.0,0.0,0.0,0.0,0.0
0.0,0.13028963,0.0,0.13745967,0.0,0.12807557
0.0,0.03531027,0.0,0.06460428,0.0,0.07600859
0.0,0.0,0.0,0.0,0.0,0.0
0.0,0.0,0.0,0.0,0.0,0.0
0.0,0.0,0.0,0.05204866,0.0286298568507157,0.090837434
0.0715746421267893,0.08012276,0.0715746421267893,0.08371198,0.3885480572597137,0.08199473
0.0,0.0,0.0,0.0,0.0,0.0
0.0,0.020398296,0.0,0.027523845,0.0,0.0
0.0,0.0,0.0,0.0,0.0,0.0
0.1002044989775051,0.3332277,0.0552147239263803,0.2836573,0.1002044989775051,0.24703962
0.0,0.07309289,0.0,0.06202371,0.0,0.0
0.0552147239263803,0.08225844,0.0531697341513292,0.12844953,0.3946830265848671,0.1490886
0.0,0.03719656,0.0,0.043053366,0.0,0.044138312
0.0,0.014896356,0.0,0.013671644,0.0,0.0
0.0,0.07723829,0.0,0.097943075,0.0,0.097036034
0.0,0.0,0.0,0.0,0.0,0.0
0.0,0.0,0.0,0.0,0.0,0.011233702
0.0,0.0,0.0,0.0,0.0,0.0
0.0,0.22644371,0.0,0.16100985,0.0,0.13191932
0.2903885480572597,0.15596282,0.6809815950920246,0.12625082,0.5460122699386504,0.11949056
0.0,0.04025048,0.0,0.06998107,0.0,0.06842424
0.2862985685071575,0.08015458,0.6830265848670757,0.123123586,0.0920245398773006,0.13558012
0.2883435582822086,0.07442835,0.4049079754601227,0.10489837,0.3169734151329244,0.11429175
0.0,0.0,0.0,0.0,0.0,0.0
0.0,0.0069223717,0.0,0.0075981766,0.0,0.0
0.2760736196319018,0.24213175,0.4171779141104295,0.2196629,0.0572597137014315,0.164276
0.3435582822085889,0.15288758,0.0,0.105928265,0.0,0.08771847
0.0940695296523517,0.11260184,0.3435582822085889,0.08508772,0.0572597137014315,0.071509495
0.0,0.103201374,0.0,0.07717739,0.0,0.07661776
0.0,0.038031325,0.0,0.07804916,0.0,0.089294694
0.0,0.17071171,0.0,0.1668267,0.0,0.15379775
0.32719836400818,0.07509428,0.2924335378323108,0.109552085,0.2535787321063394,0.11124066
0.0,0.0,0.0,0.0,0.0,0.0
0.0,0.037218094,0.0,0.042953506,0.0,0.043998875
0.0,0.036244564,0.0,0.055558518,0.0,0.06260678
0.2719836400817996,0.22696443,0.32719836400818,0.18267356,0.1288343558282208,0.16660266
0.0,0.045360122,0.0,0.022381715,0.0,0.0
0.0,0.0,0.0,0.0,0.0,0.0
0.0,0.0,0.0,0.0,0.0265848670756646,0.0
0.3047034764826176,0.037663408,0.1288343558282208,0.10218093,0.0,0.14522909
0.2883435582822086,0.23710595,0.6830265848670757,0.21091546,0.1288343558282208,0.18550648
0.0,0.0,0.0,0.0,0.0,0.0
0.0,0.0,0.0429447852760736,0.024067573,0.0756646216768916,0.07420853
0.0,0.008753158,0.0,0.048823133,0.0,0.048957363
0.0,0.0,0.0,0.0017876774,0.0,0.0
0.5664621676891616,0.31761864,0.4805725971370143,0.300884,0.3374233128834356,0.28276393
0.0,0.0,0.0,0.0,0.0,0.0
0.0265848670756646,0.059772924,0.3067484662576687,0.108097866,0.1288343558282208,0.12642874
0.6809815950920246,0.20762488,0.2883435582822086,0.18372254,0.0920245398773006,0.16679473
0.0,0.054626867,0.0,0.045670852,0.0,0.0
0.0408997955010225,0.174045,0.065439672801636,0.12520082,0.7116564417177915,0.0
0.0,0.1324282,0.0,0.10162457,0.0,0.091351226
0.0,0.0,0.0,0.0,0.0,0.0
0.0,0.08769149,0.0,0.11824706,0.0,0.11463556
0.3374233128834356,0.30732992,0.2699386503067485,0.2785312,0.3353783231083845,0.21712708
0.0,0.0,0.0,0.0,0.0,0.0
0.0,0.18890584,0.0,0.17176056,0.0,0.15484697
0.0,0.07462252,0.0,0.07218966,0.0,0.034205027
0.2699386503067485,0.183233,0.3374233128834356,0.161727,0.3292433537832311,0.13131097
0.4192229038854806,0.2310429,0.0572597137014315,0.21859431,0.5746421267893661,0.17455778
0.0,0.0,0.0,0.0,0.0,0.0
0.0,0.012681976,0.0,0.0020905733,0.0,0.0
0.0,0.0,0.0,0.0,0.0,0.0
0.0715746421267893,0.10958093,0.0715746421267893,0.12111259,0.0695296523517382,0.11774358
0.6809815950920246,0.19017139,0.2351738241308793,0.15877396,0.2903885480572597,0.14504503
0.0,0.0,0.0,0.0,0.0,0.0
0.0,0.26547605,0.0,0.1975694,0.0,0.16921066
0.0,0.0,0.0531697341513292,0.0,0.0388548057259713,0.0
0.4212678936605317,0.16134256,0.0552147239263803,0.15401939,0.4376278118609407,0.11247026
0.3496932515337423,0.2672851,0.4069529652351739,0.2541597,0.1370143149284253,0.21347947
0.0,0.20975712,0.0,0.14903447,0.0,0.12190065
0.0,0.08900878,0.0,0.076802045,0.0,0.07119022
0.0,0.0,0.0,0.0,0.0,0.0
0.0,0.017538734,0.0,0.019880071,0.0,0.0061499625
0.0,0.00015255809,0.0,0.045483127,0.0,0.08086398
0.0,0.036772273,0.0,0.05540219,0.0,0.062480327
0.0,0.0,0.0,0.00020120293,0.0,0.0
0.0,0.0,0.0,0.0,0.0,0.0
0.0,0.076973066,0.0,0.09774862,0.0,0.09688899
0.0,0.0,0.0,0.0,0.0,0.0
0.0,0.0,0.0,0.0,0.0,0.0
0.0,0.04683358,0.0,0.07339333,0.0,0.07851076
0.0,0.0,0.0429447852760736,0.0,0.0756646216768916,0.014277011
0.0,0.12458741,0.0,0.098563924,0.0,0.09135721
0.1288343558282208,0.15551871,0.0286298568507157,0.18488285,0.2801635991820041,0.19965306
0.0,0.0,0.0,0.0,0.0,0.0
0.0,0.03652264,0.0,0.060412075,0.0,0.06797925
0.7873210633946831,0.07385782,0.4683026584867076,0.10429245,0.310838445807771,0.1137078
0.0,0.0,0.0,0.0,0.0286298568507157,0.039048687
0.0,0.0,0.0,0.0,0.0,0.0
0.0,0.037244543,0.0,0.04313849,0.0,0.04426503
0.1411042944785276,0.173447,0.0,0.17726666,0.0,0.18297046
0.0,0.037948236,0.0,0.050241455,0.0,0.055115506
0.0,0.13955629,0.0,0.12359718,0.0,0.116046645
0.0,0.0009956583,0.0,0.0052506253,0.0,0.0
0.0,0.0,0.0,0.0,0.0,0.0
0.0,0.029918931,0.0,0.032616794,0.0,0.02825202
0.0,0.037602656,0.0265848670756646,0.09394789,0.3128834355828221,0.12200816
0.0,0.0,0.0,0.01223781,0.0,0.02042079
0.0,0.0,0.0,0.0,0.0,0.0
0.0,0.0,0.0,0.0,0.0,0.0
0.4519427402862986,0.22695188,0.0,0.20650074,0.0,0.18360166
0.0,0.115942135,0.0,0.118200116,0.0,0.08664732
0.4683026584867076,0.24163657,0.49079754601227,0.20920435,0.0552147239263803,0.18656272
0.0,0.086282276,0.0,0.11713848,0.0,0.1105116
0.3762781186094069,0.2519098,0.3374233128834356,0.2361784,0.0572597137014315,0.20064245
0.6400817995910021,0.25594226,0.6196319018404909,0.24833891,0.4683026584867076,0.21450353
0.0,0.037046015,0.0,0.055356152,0.0,0.062452484
0.3149284253578732,0.21077386,0.0286298568507157,0.18752037,0.0224948875255623,0.16733643
0.3067484662576687,0.08058895,0.0,0.118831396,0.0,0.12950876
0.0,0.0,0.0,0.0,0.0,0.0
0.408997955010225,0.27393,0.0,0.25894827,0.0,0.24116443
0.7014314928425358,0.15447329,0.7096114519427403,0.11487391,0.0368098159509202,0.103110254
0.0,0.0,0.0,0.0,0.0,0.0
0.0,0.0,0.0,0.0,0.0,0.0
0.572597137014315,0.20261642,0.4805725971370143,0.21585785,0.8302658486707567,0.21368684
0.0,0.23605093,0.0,0.17966539,0.0,0.16851428
0.3047034764826176,0.25389814,0.261758691206544,0.18871967,0.0,0.17354436
0.0,0.025195763,0.0,0.0134571865,0.0,0.0
0.0,0.07927975,0.0,0.09939784,0.0,0.09809354
0.0,0.0,0.0,0.0,0.0,0.0
0.0,0.09532713,0.0,0.0649527,0.0,0.05617118
0.2883435582822086,0.19302016,0.6809815950920246,0.19160776,0.1288343558282208,0.15812671
0.0,0.0,0.0,0.0,0.0,0.0
0.0,0.0,0.0,0.0,0.0,0.0
0.0,0.0,0.0,0.0,0.0,0.0
0.0,0.10739899,0.0,0.09701448,0.0,0.097144604
0.4805725971370143,0.3282969,0.8282208588957056,0.29743952,0.294478527607362,0.26170525
0.0,0.0,0.0,0.0,0.0,0.0
0.0,0.02983772,0.0,0.03231372,0.0,0.027796589
0.0,0.0,0.0,0.0,0.0,0.0
0.0,0.036717445,0.0,0.055417277,0.0,0.062497973
0.0265848670756646,0.059368446,0.3047034764826176,0.107560344,0.1288343558282208,0.12599815
0.0,0.0,0.0245398773006135,0.03728614,0.0265848670756646,0.08915833
0.8302658486707567,0.09573698,0.5664621676891616,0.12560251,0.4805725971370143,0.13295135
0.3578732106339468,0.078279704,0.3701431492842536,0.11728937,0.3169734151329244,0.12872283
0.0,0.0,0.0,0.0,0.0,0.0
0.0,0.0,0.0,0.0,0.0,0.0
0.0286298568507157,0.1332002,0.2801635991820041,0.16820365,0.4049079754601227,0.18323976
0.0,0.0,0.0,0.0,0.0,0.0
0.0,0.10088412,0.0,0.08223327,0.0,0.04604426
0.0,0.057855833,0.0,0.034546345,0.0,0.024876624
0.0,0.10545847,0.0,0.07380309,0.0,0.05602593
0.2760736196319018,0.248326,0.6809815950920246,0.21194696,0.1288343558282208,0.18518162
0.0,0.21652143,0.0,0.21758908,0.0,0.19726658
0.2903885480572597,0.14582588,0.3353783231083845,0.14424913,0.3333333333333333,0.12613568
0.0,0.0,0.0265848670756646,0.045583956,0.3312883435582822,0.107617386
0.0,0.0,0.0449897750511247,0.0,0.0756646216768916,0.030691698
0.0,0.13370478,0.0,0.13985288,0.0,0.13100572
0.703476482617587,0.26057684,0.7096114519427403,0.19791025,0.1165644171779141,0.18453082
0.0,0.17136529,0.0,0.16506568,0.0,0.13296723
0.0,0.0,0.0,0.0,0.0,0.0
0.0,0.03647741,0.0,0.07394016,0.0,0.088737845
0.0,0.0,0.0,0.0,0.0,0.0
0.0,0.0,0.0,0.0,0.0,0.0
0.2883435582822086,0.1881007,0.310838445807771,0.1772857,0.2433537832310838,0.16200536
0.0,0.12478627,0.0,0.13342842,0.0,0.12499303
0.3251533742331288,0.1042073,0.3435582822085889,0.07609847,0.0,0.070868656
0.0,0.0,0.0,0.0,0.0,0.0
0.0,0.0,0.0,0.0,0.0,0.010664016
0.0531697341513292,0.18165144,0.0920245398773006,0.1369471,0.0572597137014315,0.10712326
0.0,0.0,0.0,0.0,0.0,0.011603743
0.0,0.0,0.0,0.0,0.0,0.0
0.0,0.0,0.0,0.0,0.0,0.0
0.0715746421267893,0.07515165,0.0715746421267893,0.097943924,0.0715746421267893,0.09579644
0.0,0.0,0.0286298568507157,0.0,0.0224948875255623,0.022802867
0.0,0.036314756,0.0,0.055498607,0.0,0.062531814
0.0,0.038549073,0.0,0.032633923,0.0,0.0
0.5480572597137015,0.19119143,0.4683026584867076,0.1839975,0.4887525562372188,0.16146815
0.3128834355828221,0.0732153,0.1329243353783231,0.11356522,0.0,0.12564288
0.3210633946830266,0.074311465,0.1370143149284253,0.12226783,0.0,0.14349337
0.0,0.01883813,0.0,0.041418903,0.0,0.02440098
0.0,0.37102562,0.0,0.32912922,0.0,0.2836777
0.0,0.08981453,0.0,0.07942652,0.0,0.07169026
0.0,0.090980686,0.0,0.09341173,0.0,0.09203916
0.0,0.0,0.0,0.0,0.0,0.0
0.3374233128834356,0.15407768,0.0,0.10774111,0.0,0.0
0.0,0.07003112,0.0,0.048816726,0.0,0.033875383
0.0429447852760736,0.21208152,0.0224948875255623,0.2036241,0.2862985685071575,0.189223
0.0,0.25581706,0.0,0.22566085,0.0,0.17386313
0.1288343558282208,0.16808352,0.0,0.18910743,0.0,0.19386354
0.0,0.053439017,0.0,0.059196454,0.0,0.06512347
0.0,0.17095509,0.0,0.16700494,0.0,0.15393391
0.0511247443762781,0.15513901,0.0920245398773006,0.14994012,0.3415132924335378,0.12408477
0.0,0.1949512,0.0,0.1452202,0.0,0.13103962
0.0,0.117408104,0.0,0.113386616,0.0,0.10392735
0.0756646216768916,0.06846867,0.392638036809816,0.11020023,0.4560327198364008,0.12622058
0.0,0.091707624,0.0,0.08068164,0.0,0.011302941
0.0,0.03708636,0.0,0.055362158,0.0,0.062465064
0.0,0.073294595,0.0,0.059726384,0.0,0.0
0.4069529652351739,0.16299288,0.3190184049079755,0.16541654,0.1329243353783231,0.16632524
0.0,0.0,0.0,0.0,0.0,0.0
0.0,0.0,0.0,0.0,0.0,0.010664016
0.0,0.0,0.0,0.0,0.0,0.0
0.0,0.0,0.0,0.0,0.0,0.0
0.0306748466257668,0.035042867,0.3210633946830266,0.09910126,0.1370143149284253,0.13868824
0.0286298568507157,0.059368446,0.3047034764826176,0.107560344,0.130879345603272,0.12599815
0.0,0.0,0.0,0.0,0.0,0.0
