ID,Predicted_sourceID,BodyGroup_from,BodyGroup_to,Predicted_timediff,SN
1,MRI_MSR_104,ABDOMEN,ABDOMEN,0.0,182625
2,MRI_MSR_21,ABDOMEN,ABDOMEN,12.339234352111816,182625
3,MRI_FRR_257,ABDOMEN,ABDOMEN,145.71875,182625
4,MRI_FRR_264,ABDOMEN,ABDOMEN,144.65342712402344,182625
5,MRI_FRR_3,ABDOMEN,ABDOMEN,136.25057983398438,182625
6,MRI_CCS_11,ABDOMEN,ABDOMEN,101.53396606445312,182625
7,MRI_FRR_3,ABDOMEN,ABDOMEN,136.25057983398438,182625
8,MRI_FRR_3,ABDOMEN,ABDOMEN,136.25057983398438,182625
9,MRI_CCS_11,ABDOMEN,ABDOMEN,101.53396606445312,182625
10,MRI_CCS_11,ABDOMEN,ABDOMEN,101.53396606445312,182625
11,MRI_CCS_11,ABDOMEN,ABDOMEN,101.53396606445312,182625
12,MRI_FRR_3,ABDOMEN,ABDOMEN,136.25057983398438,182625
13,MRI_FRR_3,ABDOMEN,ABDOMEN,136.25057983398438,182625
14,MRI_FRR_3,ABDOMEN,ABDOMEN,136.25057983398438,182625
15,MRI_FRR_3,ABDOMEN,ABDOMEN,136.25057983398438,182625
16,MRI_FRR_3,ABDOMEN,ABDOMEN,136.25057983398438,182625
17,MRI_FRR_34,ABDOMEN,ABDOMEN,104.4582977294922,182625
18,MRI_MSR_100,ABDOMEN,ABDOMEN,15.671978950500488,182625
19,MRI_MSR_104,ABDOMEN,ABDOMEN,0.0,182625
20,MRI_MSR_21,ABDOMEN,ABDOMEN,12.339234352111816,182625
21,MRI_FRR_257,ABDOMEN,ABDOMEN,145.71875,182625
22,MRI_FRR_264,ABDOMEN,ABDOMEN,144.65342712402344,182625
23,MRI_FRR_3,ABDOMEN,ABDOMEN,136.25057983398438,182625
24,MRI_CCS_11,ABDOMEN,ABDOMEN,101.53396606445312,182625
25,MRI_FRR_3,ABDOMEN,ABDOMEN,136.25057983398438,182625
26,MRI_CCS_11,ABDOMEN,ABDOMEN,101.53396606445312,182625
27,MRI_CCS_11,ABDOMEN,ABDOMEN,101.53396606445312,182625
28,MRI_CCS_11,ABDOMEN,ABDOMEN,101.53396606445312,182625
29,MRI_CCS_11,ABDOMEN,ABDOMEN,101.53396606445312,182625
30,MRI_MSR_100,ABDOMEN,ABDOMEN,15.671978950500488,182625
31,MRI_MSR_104,ABDOMEN,ABDOMEN,0.0,182625
32,MRI_MSR_21,ABDOMEN,ABDOMEN,12.339235305786133,182625
33,MRI_FRR_257,ABDOMEN,ABDOMEN,145.71875,182625
34,MRI_FRR_264,ABDOMEN,ABDOMEN,144.65342712402344,182625
35,MRI_FRR_3,ABDOMEN,ABDOMEN,136.25057983398438,182625
36,MRI_CCS_11,ABDOMEN,ABDOMEN,101.53396606445312,182625
37,MRI_FRR_3,ABDOMEN,ABDOMEN,136.25057983398438,182625
38,MRI_FRR_3,ABDOMEN,ABDOMEN,136.25057983398438,182625
39,MRI_FRR_3,ABDOMEN,ABDOMEN,136.25057983398438,182625
40,MRI_FRR_3,ABDOMEN,ABDOMEN,136.25057983398438,182625
41,MRI_CCS_11,ABDOMEN,ABDOMEN,101.53396606445312,182625
42,MRI_CCS_11,ABDOMEN,ABDOMEN,101.53396606445312,182625
43,MRI_CCS_11,ABDOMEN,ABDOMEN,101.53396606445312,182625
44,MRI_CCS_11,ABDOMEN,ABDOMEN,101.53396606445312,182625
45,MRI_FRR_3,ABDOMEN,ABDOMEN,136.25057983398438,182625
46,MRI_FRR_3,ABDOMEN,ABDOMEN,136.25057983398438,182625
47,MRI_FRR_3,ABDOMEN,ABDOMEN,136.25057983398438,182625
48,MRI_FRR_3,ABDOMEN,ABDOMEN,136.25057983398438,182625
49,MRI_FRR_3,ABDOMEN,ABDOMEN,136.25057983398438,182625
50,MRI_FRR_264,ABDOMEN,ABDOMEN,144.65342712402344,182625
51,MRI_FRR_3,ABDOMEN,ABDOMEN,136.25057983398438,182625
52,MRI_FRR_34,ABDOMEN,ABDOMEN,104.4582977294922,182625
53,MRI_MSR_104,ABDOMEN,ABDOMEN,0.0,182625
54,MRI_MSR_21,ABDOMEN,ABDOMEN,12.339234352111816,182625
55,MRI_FRR_257,ABDOMEN,ABDOMEN,145.71875,182625
56,MRI_FRR_264,ABDOMEN,ABDOMEN,144.65342712402344,182625
57,MRI_FRR_3,ABDOMEN,ABDOMEN,136.25057983398438,182625
58,MRI_CCS_11,ABDOMEN,ABDOMEN,101.53396606445312,182625
59,MRI_FRR_3,ABDOMEN,ABDOMEN,136.25057983398438,182625
60,MRI_CCS_11,ABDOMEN,ABDOMEN,101.53396606445312,182625
61,MRI_FRR_3,ABDOMEN,ABDOMEN,136.25057983398438,182625
62,MRI_FRR_3,ABDOMEN,ABDOMEN,136.25057983398438,182625
63,MRI_FRR_3,ABDOMEN,ABDOMEN,136.2505645751953,182625
64,MRI_FRR_3,ABDOMEN,ABDOMEN,136.2505645751953,182625
65,MRI_FRR_3,ABDOMEN,ABDOMEN,136.25057983398438,182625
66,MRI_FRR_3,ABDOMEN,ABDOMEN,136.25057983398438,182625
67,MRI_CCS_11,ABDOMEN,ABDOMEN,101.53396606445312,182625
68,MRI_FRR_3,ABDOMEN,ABDOMEN,136.25057983398438,182625
69,MRI_FRR_3,ABDOMEN,ABDOMEN,136.25057983398438,182625
70,MRI_FRR_3,ABDOMEN,ABDOMEN,136.25057983398438,182625
71,MRI_FRR_34,ABDOMEN,ABDOMEN,104.4582977294922,182625
72,MRI_MSR_100,ABDOMEN,ABDOMEN,15.671978950500488,182625
73,MRI_MSR_104,ABDOMEN,ABDOMEN,0.0,182625
74,MRI_MSR_21,ABDOMEN,ABDOMEN,12.339234352111816,182625
75,MRI_FRR_257,ABDOMEN,ABDOMEN,145.71875,182625
76,MRI_FRR_264,ABDOMEN,ABDOMEN,144.65342712402344,182625
77,MRI_FRR_3,ABDOMEN,ABDOMEN,136.25057983398438,182625
78,MRI_CCS_11,ABDOMEN,ABDOMEN,101.53396606445312,182625
79,MRI_FRR_3,ABDOMEN,ABDOMEN,136.25057983398438,182625
80,MRI_FRR_3,ABDOMEN,ABDOMEN,136.25057983398438,182625
81,MRI_FRR_3,ABDOMEN,ABDOMEN,136.25057983398438,182625
82,MRI_CCS_11,ABDOMEN,ABDOMEN,101.53396606445312,182625
83,MRI_CCS_11,ABDOMEN,ABDOMEN,101.53396606445312,182625
84,MRI_CCS_11,ABDOMEN,ABDOMEN,101.53396606445312,182625
85,MRI_CCS_11,ABDOMEN,ABDOMEN,101.53396606445312,182625
86,MRI_CCS_11,ABDOMEN,ABDOMEN,101.53396606445312,182625
87,MRI_MSR_100,ABDOMEN,ABDOMEN,15.671978950500488,182625
88,MRI_FRR_3,ABDOMEN,ABDOMEN,136.25057983398438,182625
89,MRI_MSR_104,ABDOMEN,ABDOMEN,0.0,182625
90,MRI_MSR_21,ABDOMEN,ABDOMEN,12.339234352111816,182625
91,MRI_FRR_257,ABDOMEN,ABDOMEN,145.71875,182625
92,MRI_FRR_264,ABDOMEN,ABDOMEN,144.65342712402344,182625
93,MRI_FRR_3,ABDOMEN,ABDOMEN,136.25057983398438,182625
94,MRI_CCS_11,ABDOMEN,ABDOMEN,101.53396606445312,182625
95,MRI_CCS_11,ABDOMEN,ABDOMEN,101.53396606445312,182625
96,MRI_FRR_3,ABDOMEN,ABDOMEN,136.2505645751953,182625
97,MRI_FRR_3,ABDOMEN,ABDOMEN,136.25057983398438,182625
98,MRI_CCS_11,ABDOMEN,ABDOMEN,101.53396606445312,182625
99,MRI_CCS_11,ABDOMEN,ABDOMEN,101.53396606445312,182625
100,MRI_CCS_11,ABDOMEN,ABDOMEN,101.53396606445312,182625
101,MRI_CCS_11,ABDOMEN,ABDOMEN,101.53396606445312,182625
102,MRI_MSR_100,ABDOMEN,ABDOMEN,15.671978950500488,182625
103,MRI_MSR_104,ABDOMEN,ABDOMEN,0.0,182625
104,MRI_MSR_21,ABDOMEN,ABDOMEN,12.339234352111816,182625
105,MRI_FRR_257,ABDOMEN,ABDOMEN,145.71875,182625
106,MRI_FRR_264,ABDOMEN,ABDOMEN,144.65342712402344,182625
107,MRI_FRR_3,ABDOMEN,ABDOMEN,136.25057983398438,182625
108,MRI_CCS_11,ABDOMEN,ABDOMEN,101.53396606445312,182625
109,MRI_CCS_11,ABDOMEN,ABDOMEN,101.53396606445312,182625
110,MRI_FRR_3,ABDOMEN,ABDOMEN,136.25057983398438,182625
111,MRI_FRR_3,ABDOMEN,ABDOMEN,136.25057983398438,182625
112,MRI_FRR_3,ABDOMEN,ABDOMEN,136.25057983398438,182625
113,MRI_FRR_3,ABDOMEN,ABDOMEN,136.25057983398438,182625
114,MRI_CCS_11,ABDOMEN,ABDOMEN,101.53396606445312,182625
115,MRI_CCS_11,ABDOMEN,ABDOMEN,101.53396606445312,182625
116,MRI_CCS_11,ABDOMEN,ABDOMEN,101.53396606445312,182625
117,MRI_CCS_11,ABDOMEN,ABDOMEN,101.53396606445312,182625
118,MRI_FRR_3,ABDOMEN,ABDOMEN,136.25057983398438,182625
119,MRI_MSR_100,ABDOMEN,ABDOMEN,15.671978950500488,182625
120,MRI_MSR_104,ABDOMEN,ABDOMEN,0.0,182625
121,MRI_MSR_21,ABDOMEN,ABDOMEN,12.339234352111816,182625
122,MRI_FRR_257,ABDOMEN,ABDOMEN,145.71875,182625
123,MRI_FRR_264,ABDOMEN,ABDOMEN,144.65342712402344,182625
124,MRI_FRR_3,ABDOMEN,ABDOMEN,136.25057983398438,182625
125,MRI_CCS_11,ABDOMEN,ABDOMEN,101.53396606445312,182625
126,MRI_CCS_11,ABDOMEN,ABDOMEN,101.53396606445312,182625
127,MRI_FRR_3,ABDOMEN,ABDOMEN,136.2505645751953,182625
128,MRI_FRR_3,ABDOMEN,ABDOMEN,136.2505645751953,182625
129,MRI_FRR_3,ABDOMEN,ABDOMEN,136.25057983398438,182625
130,MRI_CCS_11,ABDOMEN,ABDOMEN,101.53396606445312,182625
131,MRI_FRR_3,ABDOMEN,ABDOMEN,136.25057983398438,182625
132,MRI_FRR_3,ABDOMEN,ABDOMEN,136.25057983398438,182625
133,MRI_CCS_11,ABDOMEN,ABDOMEN,101.53396606445312,182625
134,MRI_FRR_3,ABDOMEN,ABDOMEN,136.25057983398438,182625
135,MRI_FRR_3,ABDOMEN,ABDOMEN,136.25057983398438,182625
136,MRI_FRR_3,ABDOMEN,ABDOMEN,136.25057983398438,182625
137,MRI_FRR_3,ABDOMEN,ABDOMEN,136.25057983398438,182625
138,MRI_FRR_3,ABDOMEN,ABDOMEN,136.25057983398438,182625
139,MRI_FRR_34,ABDOMEN,ABDOMEN,104.4582977294922,182625
140,MRI_MSR_100,ABDOMEN,ABDOMEN,15.671978950500488,182625
141,MRI_MSR_104,ABDOMEN,ABDOMEN,0.0,182625
142,MRI_MSR_21,ABDOMEN,ABDOMEN,12.339234352111816,182625
143,MRI_FRR_264,ABDOMEN,ABDOMEN,144.65342712402344,182625
144,MRI_FRR_3,ABDOMEN,ABDOMEN,136.25057983398438,182625
145,MRI_FRR_3,ABDOMEN,ABDOMEN,136.25057983398438,182625
146,MRI_CCS_11,ABDOMEN,ABDOMEN,101.53396606445312,182625
147,MRI_CCS_11,ABDOMEN,ABDOMEN,101.53396606445312,182625
148,MRI_CCS_11,ABDOMEN,ABDOMEN,101.53396606445312,182625
149,MRI_FRR_3,ABDOMEN,ABDOMEN,136.25057983398438,182625
150,MRI_FRR_3,ABDOMEN,ABDOMEN,136.25057983398438,182625
151,MRI_CCS_11,ABDOMEN,ABDOMEN,101.53396606445312,182625
152,MRI_CCS_11,ABDOMEN,ABDOMEN,101.53396606445312,182625
153,MRI_FRR_3,ABDOMEN,ABDOMEN,136.25057983398438,182625
154,MRI_FRR_3,ABDOMEN,ABDOMEN,136.25057983398438,182625
155,MRI_FRR_3,ABDOMEN,ABDOMEN,136.25057983398438,182625
156,MRI_CCS_11,ABDOMEN,ABDOMEN,101.53396606445312,182625
157,MRI_FRR_3,ABDOMEN,ABDOMEN,136.25057983398438,182625
158,MRI_FRR_3,ABDOMEN,ABDOMEN,136.25057983398438,182625
159,MRI_FRR_264,ABDOMEN,ABDOMEN,144.65342712402344,182625
160,MRI_FRR_3,ABDOMEN,ABDOMEN,136.2505645751953,182625
161,MRI_FRR_3,ABDOMEN,ABDOMEN,136.25057983398438,182625
162,MRI_CCS_11,ABDOMEN,ABDOMEN,101.53396606445312,182625
163,MRI_MSR_100,ABDOMEN,ABDOMEN,15.671978950500488,182625
164,MRI_MSR_104,ABDOMEN,ABDOMEN,0.0,182625
165,MRI_MSR_21,ABDOMEN,ABDOMEN,12.339234352111816,182625
166,MRI_FRR_264,ABDOMEN,ABDOMEN,144.65342712402344,182625
167,MRI_FRR_257,ABDOMEN,ABDOMEN,145.71875,182625
168,MRI_FRR_3,ABDOMEN,ABDOMEN,136.25057983398438,182625
169,MRI_FRR_3,ABDOMEN,ABDOMEN,136.25057983398438,182625
170,MRI_CCS_11,ABDOMEN,ABDOMEN,101.53396606445312,182625
171,MRI_CCS_11,ABDOMEN,ABDOMEN,101.53396606445312,182625
172,MRI_FRR_3,ABDOMEN,ABDOMEN,136.25057983398438,182625
173,MRI_FRR_3,ABDOMEN,ABDOMEN,136.25057983398438,182625
174,MRI_FRR_3,ABDOMEN,ABDOMEN,136.25057983398438,182625
175,MRI_FRR_3,ABDOMEN,ABDOMEN,136.25057983398438,182625
176,MRI_FRR_264,ABDOMEN,ABDOMEN,144.65342712402344,182625
177,MRI_FRR_3,ABDOMEN,ABDOMEN,136.25057983398438,182625
178,MRI_FRR_3,ABDOMEN,ABDOMEN,136.25057983398438,182625
179,MRI_FRR_3,ABDOMEN,ABDOMEN,136.25057983398438,182625
180,MRI_FRR_264,ABDOMEN,ABDOMEN,144.65342712402344,182625
181,MRI_FRR_264,ABDOMEN,ABDOMEN,144.65342712402344,182625
182,MRI_FRR_3,ABDOMEN,ABDOMEN,136.25057983398438,182625
183,MRI_FRR_3,ABDOMEN,ABDOMEN,136.25057983398438,182625
184,MRI_FRR_264,ABDOMEN,ABDOMEN,144.65342712402344,182625
185,MRI_FRR_3,ABDOMEN,ABDOMEN,136.25057983398438,182625
186,MRI_FRR_3,ABDOMEN,ABDOMEN,136.25057983398438,182625
187,MRI_FRR_34,ABDOMEN,ABDOMEN,104.4582977294922,182625
188,MRI_MSR_104,ABDOMEN,ABDOMEN,0.0,182625
189,MRI_MSR_21,ABDOMEN,ABDOMEN,12.339234352111816,182625
190,MRI_FRR_257,ABDOMEN,ABDOMEN,145.71875,182625
191,MRI_FRR_264,ABDOMEN,ABDOMEN,144.65342712402344,182625
192,MRI_FRR_3,ABDOMEN,ABDOMEN,136.2505645751953,182625
193,MRI_FRR_3,ABDOMEN,ABDOMEN,136.25057983398438,182625
194,MRI_FRR_3,ABDOMEN,ABDOMEN,136.25057983398438,182625
195,MRI_FRR_3,ABDOMEN,ABDOMEN,136.25057983398438,182625
196,MRI_FRR_3,ABDOMEN,ABDOMEN,136.25057983398438,182625
197,MRI_CCS_11,ABDOMEN,ABDOMEN,101.53396606445312,182625
198,MRI_FRR_3,ABDOMEN,ABDOMEN,136.25057983398438,182625
199,MRI_FRR_34,ABDOMEN,ABDOMEN,104.4582977294922,182625
200,MRI_MSR_100,ABDOMEN,ABDOMEN,15.671978950500488,182625
201,MRI_MSR_104,ABDOMEN,ABDOMEN,0.0,182625
202,MRI_MSR_21,ABDOMEN,ABDOMEN,12.339234352111816,182625
203,MRI_FRR_257,ABDOMEN,ABDOMEN,145.71875,182625
204,MRI_FRR_264,ABDOMEN,ABDOMEN,144.65342712402344,182625
205,MRI_FRR_3,ABDOMEN,ABDOMEN,136.25057983398438,182625
206,MRI_FRR_3,ABDOMEN,ABDOMEN,136.25057983398438,182625
207,MRI_CCS_11,ABDOMEN,ABDOMEN,101.53396606445312,182625
208,MRI_FRR_3,ABDOMEN,ABDOMEN,136.25057983398438,182625
209,MRI_FRR_3,ABDOMEN,ABDOMEN,136.25057983398438,182625
210,MRI_FRR_3,ABDOMEN,ABDOMEN,136.25057983398438,182625
211,MRI_FRR_3,ABDOMEN,ABDOMEN,136.25057983398438,182625
212,MRI_FRR_3,ABDOMEN,ABDOMEN,136.25057983398438,182625
213,MRI_FRR_3,ABDOMEN,ABDOMEN,136.25057983398438,182625
214,MRI_FRR_3,ABDOMEN,ABDOMEN,136.25057983398438,182625
215,MRI_FRR_264,ABDOMEN,ABDOMEN,144.65342712402344,182625
216,MRI_FRR_3,ABDOMEN,ABDOMEN,136.25057983398438,182625
217,MRI_CCS_11,ABDOMEN,ABDOMEN,101.53396606445312,182625
218,MRI_FRR_3,ABDOMEN,ABDOMEN,136.25057983398438,182625
219,MRI_FRR_3,ABDOMEN,ABDOMEN,136.25057983398438,182625
220,MRI_FRR_3,ABDOMEN,ABDOMEN,136.25057983398438,182625
221,MRI_FRR_3,ABDOMEN,ABDOMEN,136.25057983398438,182625
222,MRI_FRR_264,ABDOMEN,ABDOMEN,144.65342712402344,182625
223,MRI_FRR_34,ABDOMEN,ABDOMEN,104.4582977294922,182625
224,Not Vital,ABDOMEN,ABDOMEN,62.25564193725586,182625
225,MRI_MSR_104,ABDOMEN,ABDOMEN,0.0,182625
226,MRI_MSR_21,ABDOMEN,ABDOMEN,12.339234352111816,182625
227,MRI_FRR_264,ABDOMEN,ABDOMEN,144.65342712402344,182625
228,MRI_FRR_257,ABDOMEN,ABDOMEN,145.71875,182625
229,MRI_FRR_3,ABDOMEN,ABDOMEN,136.25057983398438,182625
230,MRI_FRR_3,ABDOMEN,ABDOMEN,136.25057983398438,182625
231,MRI_CCS_11,ABDOMEN,ABDOMEN,101.53396606445312,182625
232,MRI_CCS_11,ABDOMEN,ABDOMEN,101.53396606445312,182625
233,MRI_CCS_11,ABDOMEN,ABDOMEN,101.53396606445312,182625
234,MRI_CCS_11,ABDOMEN,ABDOMEN,101.53396606445312,182625
235,MRI_FRR_3,ABDOMEN,ABDOMEN,136.25057983398438,182625
236,MRI_FRR_3,ABDOMEN,ABDOMEN,136.25057983398438,182625
237,MRI_FRR_3,ABDOMEN,ABDOMEN,136.25057983398438,182625
238,MRI_FRR_3,ABDOMEN,ABDOMEN,136.25057983398438,182625
239,MRI_MSR_100,ABDOMEN,ABDOMEN,15.671978950500488,182625
240,MRI_MSR_104,ABDOMEN,ABDOMEN,0.0,182625
241,MRI_MSR_21,ABDOMEN,ABDOMEN,12.339234352111816,182625
242,MRI_FRR_257,ABDOMEN,ABDOMEN,145.71875,182625
243,MRI_FRR_264,ABDOMEN,ABDOMEN,144.65342712402344,182625
244,MRI_FRR_3,ABDOMEN,ABDOMEN,136.25057983398438,182625
245,MRI_CCS_11,ABDOMEN,ABDOMEN,101.53396606445312,182625
246,MRI_CCS_11,ABDOMEN,ABDOMEN,101.53396606445312,182625
247,MRI_CCS_11,ABDOMEN,ABDOMEN,101.53396606445312,182625
248,MRI_CCS_11,ABDOMEN,ABDOMEN,101.53396606445312,182625
249,MRI_FRR_3,ABDOMEN,ABDOMEN,136.25057983398438,182625
250,MRI_CCS_11,ABDOMEN,ABDOMEN,101.53396606445312,182625
251,MRI_MSR_100,ABDOMEN,ABDOMEN,15.671978950500488,182625
252,MRI_MSR_104,ABDOMEN,ABDOMEN,0.0,182625
253,MRI_MSR_21,ABDOMEN,ABDOMEN,12.339234352111816,182625
254,MRI_FRR_264,ABDOMEN,ABDOMEN,144.65342712402344,182625
255,MRI_FRR_257,ABDOMEN,ABDOMEN,145.71875,182625
256,MRI_FRR_3,ABDOMEN,ABDOMEN,136.2505645751953,182625
257,MRI_CCS_11,ABDOMEN,ABDOMEN,101.53396606445312,182625
258,MRI_FRR_3,ABDOMEN,ABDOMEN,136.25057983398438,182625
259,MRI_FRR_3,ABDOMEN,ABDOMEN,136.25057983398438,182625
260,MRI_MSR_100,ABDOMEN,ABDOMEN,15.671978950500488,182625
261,MRI_MSR_104,ABDOMEN,ABDOMEN,0.0,182625
262,MRI_MSR_21,ABDOMEN,ABDOMEN,12.339234352111816,182625
263,MRI_FRR_257,ABDOMEN,ABDOMEN,145.71875,182625
264,MRI_FRR_264,ABDOMEN,ABDOMEN,144.65342712402344,182625
265,MRI_FRR_3,ABDOMEN,ABDOMEN,136.25057983398438,182625
266,MRI_CCS_11,ABDOMEN,ABDOMEN,101.53396606445312,182625
267,MRI_FRR_3,ABDOMEN,ABDOMEN,136.25057983398438,182625
268,MRI_FRR_3,ABDOMEN,ABDOMEN,136.25057983398438,182625
269,MRI_MSR_100,ABDOMEN,ABDOMEN,15.671978950500488,182625
270,MRI_MSR_104,ABDOMEN,ABDOMEN,0.0,182625
271,MRI_MSR_21,ABDOMEN,ABDOMEN,12.339234352111816,182625
272,MRI_FRR_257,ABDOMEN,ABDOMEN,145.71875,182625
273,MRI_FRR_264,ABDOMEN,ABDOMEN,144.65342712402344,182625
274,MRI_FRR_3,ABDOMEN,ABDOMEN,136.25057983398438,182625
275,MRI_CCS_11,ABDOMEN,ABDOMEN,101.53396606445312,182625
276,MRI_FRR_3,ABDOMEN,ABDOMEN,136.25057983398438,182625
277,MRI_CCS_11,ABDOMEN,ABDOMEN,101.53396606445312,182625
278,MRI_CCS_11,ABDOMEN,ABDOMEN,101.53396606445312,182625
279,MRI_FRR_3,ABDOMEN,ABDOMEN,136.25057983398438,182625
280,MRI_CCS_11,ABDOMEN,ABDOMEN,101.53396606445312,182625
281,MRI_FRR_3,ABDOMEN,ABDOMEN,136.25057983398438,182625
282,MRI_FRR_3,ABDOMEN,ABDOMEN,136.25057983398438,182625
283,MRI_FRR_3,ABDOMEN,ABDOMEN,136.25057983398438,182625
284,MRI_MSR_104,ABDOMEN,ABDOMEN,0.0,182625
285,MRI_MSR_21,ABDOMEN,ABDOMEN,12.339234352111816,182625
286,MRI_FRR_257,ABDOMEN,ABDOMEN,145.71875,182625
287,MRI_FRR_264,ABDOMEN,ABDOMEN,144.65342712402344,182625
288,MRI_FRR_3,ABDOMEN,ABDOMEN,136.2505645751953,182625
289,MRI_MSR_100,ABDOMEN,ABDOMEN,15.671978950500488,182625
290,MRI_MSR_104,ABDOMEN,ABDOMEN,0.0,182625
291,MRI_MSR_21,ABDOMEN,ABDOMEN,12.339234352111816,182625
292,MRI_FRR_257,ABDOMEN,ABDOMEN,145.71875,182625
293,MRI_FRR_264,ABDOMEN,ABDOMEN,144.65342712402344,182625
294,MRI_FRR_3,ABDOMEN,ABDOMEN,136.25057983398438,182625
295,MRI_CCS_11,ABDOMEN,ABDOMEN,101.53396606445312,182625
296,MRI_CCS_11,ABDOMEN,ABDOMEN,101.53396606445312,182625
297,MRI_CCS_11,ABDOMEN,ABDOMEN,101.53396606445312,182625
298,MRI_CCS_11,ABDOMEN,ABDOMEN,101.53396606445312,182625
299,MRI_CCS_11,ABDOMEN,ABDOMEN,101.53396606445312,182625
300,MRI_CCS_11,ABDOMEN,ABDOMEN,101.53396606445312,182625
301,MRI_CCS_11,ABDOMEN,ABDOMEN,101.53396606445312,182625
302,MRI_CCS_11,ABDOMEN,ABDOMEN,101.53396606445312,182625
303,MRI_CCS_11,ABDOMEN,ABDOMEN,101.53396606445312,182625
304,MRI_FRR_3,ABDOMEN,ABDOMEN,136.25057983398438,182625
305,MRI_CCS_11,ABDOMEN,ABDOMEN,101.53396606445312,182625
306,MRI_FRR_3,ABDOMEN,ABDOMEN,136.25057983398438,182625
307,MRI_FRR_3,ABDOMEN,ABDOMEN,136.25057983398438,182625
308,MRI_MSR_100,ABDOMEN,ABDOMEN,15.671978950500488,182625
309,MRI_MSR_104,ABDOMEN,ABDOMEN,0.0,182625
310,MRI_MSR_21,ABDOMEN,ABDOMEN,12.339234352111816,182625
311,MRI_FRR_257,ABDOMEN,ABDOMEN,145.71875,182625
312,MRI_FRR_264,ABDOMEN,ABDOMEN,144.65342712402344,182625
313,MRI_MSR_104,ABDOMEN,ABDOMEN,0.0,182625
314,MRI_MSR_21,ABDOMEN,ABDOMEN,12.339234352111816,182625
315,MRI_FRR_264,ABDOMEN,ABDOMEN,144.65342712402344,182625
316,MRI_FRR_257,ABDOMEN,ABDOMEN,145.71875,182625
317,MRI_MSR_104,ABDOMEN,ABDOMEN,0.0,182625
318,MRI_MSR_21,ABDOMEN,ABDOMEN,12.339234352111816,182625
319,MRI_FRR_257,ABDOMEN,ABDOMEN,145.71875,182625
320,MRI_FRR_264,ABDOMEN,ABDOMEN,144.65342712402344,182625
321,MRI_MSR_104,ABDOMEN,ABDOMEN,0.0,182625
322,MRI_MSR_21,ABDOMEN,ABDOMEN,12.339234352111816,182625
323,MRI_FRR_264,ABDOMEN,ABDOMEN,144.65342712402344,182625
324,MRI_FRR_257,ABDOMEN,ABDOMEN,145.71875,182625
325,MRI_MSR_104,ABDOMEN,ABDOMEN,0.0,182625
326,MRI_MSR_21,ABDOMEN,ABDOMEN,12.339234352111816,182625
327,MRI_FRR_257,ABDOMEN,ABDOMEN,145.71875,182625
328,MRI_FRR_264,ABDOMEN,ABDOMEN,144.65342712402344,182625
329,MRI_FRR_3,ABDOMEN,ABDOMEN,136.25057983398438,182625
330,MRI_CCS_11,ABDOMEN,ABDOMEN,101.53396606445312,182625
331,MRI_CCS_11,ABDOMEN,ABDOMEN,101.53396606445312,182625
332,MRI_CCS_11,ABDOMEN,ABDOMEN,101.53396606445312,182625
333,MRI_FRR_3,ABDOMEN,ABDOMEN,136.25057983398438,182625
334,MRI_FRR_3,ABDOMEN,ABDOMEN,136.25057983398438,182625
335,MRI_CCS_11,ABDOMEN,ABDOMEN,101.53396606445312,182625
336,MRI_CCS_11,ABDOMEN,ABDOMEN,101.53396606445312,182625
337,MRI_CCS_11,ABDOMEN,ABDOMEN,101.53396606445312,182625
338,MRI_FRR_3,ABDOMEN,ABDOMEN,136.25057983398438,182625
339,MRI_FRR_34,ABDOMEN,ABDOMEN,104.4582977294922,182625
340,MRI_MSR_104,ABDOMEN,ABDOMEN,0.0,182625
341,MRI_MSR_21,ABDOMEN,ABDOMEN,12.339234352111816,182625
342,MRI_FRR_257,ABDOMEN,ABDOMEN,145.71875,182625
343,MRI_FRR_264,ABDOMEN,ABDOMEN,144.65342712402344,182625
344,MRI_FRR_3,ABDOMEN,ABDOMEN,136.25057983398438,182625
345,MRI_CCS_11,ABDOMEN,ABDOMEN,101.53396606445312,182625
346,MRI_CCS_11,ABDOMEN,ABDOMEN,101.53396606445312,182625
347,MRI_CCS_11,ABDOMEN,ABDOMEN,101.53396606445312,182625
348,MRI_FRR_3,ABDOMEN,ABDOMEN,136.25057983398438,182625
349,MRI_FRR_3,ABDOMEN,ABDOMEN,136.25057983398438,182625
350,MRI_CCS_11,ABDOMEN,ABDOMEN,101.53396606445312,182625
351,MRI_FRR_3,ABDOMEN,ABDOMEN,136.2505645751953,182625
352,MRI_FRR_3,ABDOMEN,ABDOMEN,136.2505645751953,182625
353,MRI_FRR_3,ABDOMEN,ABDOMEN,136.25057983398438,182625
354,MRI_FRR_3,ABDOMEN,ABDOMEN,136.25057983398438,182625
355,MRI_CCS_11,ABDOMEN,ABDOMEN,101.53396606445312,182625
356,MRI_CCS_11,ABDOMEN,ABDOMEN,101.53396606445312,182625
357,MRI_FRR_3,ABDOMEN,ABDOMEN,136.25057983398438,182625
358,MRI_FRR_34,ABDOMEN,ABDOMEN,104.4582977294922,182625
359,MRI_MSR_100,ABDOMEN,ABDOMEN,15.671978950500488,182625
360,MRI_MSR_104,ABDOMEN,ABDOMEN,0.0,182625
361,MRI_MSR_21,ABDOMEN,ABDOMEN,12.339234352111816,182625
362,MRI_FRR_257,ABDOMEN,ABDOMEN,145.71875,182625
363,MRI_FRR_264,ABDOMEN,ABDOMEN,144.65342712402344,182625
364,MRI_FRR_3,ABDOMEN,ABDOMEN,136.25057983398438,182625
365,MRI_CCS_11,ABDOMEN,ABDOMEN,101.53396606445312,182625
366,MRI_FRR_3,ABDOMEN,ABDOMEN,136.25057983398438,182625
367,MRI_FRR_3,ABDOMEN,ABDOMEN,136.25057983398438,182625
368,MRI_FRR_3,ABDOMEN,ABDOMEN,136.25057983398438,182625
369,MRI_FRR_3,ABDOMEN,ABDOMEN,136.25057983398438,182625
370,MRI_CCS_11,ABDOMEN,ABDOMEN,101.53396606445312,182625
371,MRI_CCS_11,ABDOMEN,ABDOMEN,101.53396606445312,182625
372,MRI_CCS_11,ABDOMEN,ABDOMEN,101.53396606445312,182625
373,MRI_FRR_3,ABDOMEN,ABDOMEN,136.25057983398438,182625
374,MRI_FRR_34,ABDOMEN,ABDOMEN,104.4582977294922,182625
375,MRI_MSR_100,ABDOMEN,ABDOMEN,15.671978950500488,182625
376,MRI_MSR_104,ABDOMEN,ABDOMEN,0.0,182625
377,MRI_MSR_21,ABDOMEN,ABDOMEN,12.339234352111816,182625
378,MRI_FRR_257,ABDOMEN,ABDOMEN,145.71875,182625
379,MRI_FRR_264,ABDOMEN,ABDOMEN,144.65342712402344,182625
380,MRI_FRR_3,ABDOMEN,ABDOMEN,136.25057983398438,182625
381,MRI_FRR_3,ABDOMEN,ABDOMEN,136.25057983398438,182625
382,MRI_FRR_3,ABDOMEN,ABDOMEN,136.25057983398438,182625
383,MRI_FRR_3,ABDOMEN,ABDOMEN,136.2505645751953,182625
384,MRI_FRR_3,ABDOMEN,ABDOMEN,136.2505645751953,182625
385,MRI_FRR_3,ABDOMEN,ABDOMEN,136.25057983398438,182625
386,MRI_FRR_3,ABDOMEN,ABDOMEN,136.25057983398438,182625
387,MRI_CCS_11,ABDOMEN,ABDOMEN,101.53396606445312,182625
388,MRI_CCS_11,ABDOMEN,ABDOMEN,101.53396606445312,182625
389,MRI_FRR_3,ABDOMEN,ABDOMEN,136.25057983398438,182625
390,MRI_FRR_3,ABDOMEN,ABDOMEN,136.25057983398438,182625
391,MRI_FRR_3,ABDOMEN,ABDOMEN,136.25057983398438,182625
392,MRI_FRR_3,ABDOMEN,ABDOMEN,136.25057983398438,182625
393,MRI_FRR_3,ABDOMEN,ABDOMEN,136.25057983398438,182625
394,MRI_FRR_34,ABDOMEN,ABDOMEN,104.4582977294922,182625
395,MRI_FRR_3,ABDOMEN,ABDOMEN,136.25057983398438,182625
396,MRI_FRR_34,ABDOMEN,ABDOMEN,104.4582977294922,182625
397,MRI_MSR_100,ABDOMEN,ABDOMEN,15.671978950500488,182625
398,MRI_MSR_104,ABDOMEN,ABDOMEN,0.0,182625
399,MRI_MSR_21,ABDOMEN,ABDOMEN,12.339234352111816,182625
400,MRI_FRR_264,ABDOMEN,ABDOMEN,144.65342712402344,182625
401,MRI_FRR_257,ABDOMEN,ABDOMEN,145.71875,182625
402,MRI_FRR_3,ABDOMEN,ABDOMEN,136.25057983398438,182625
403,MRI_CCS_11,ABDOMEN,ABDOMEN,101.53396606445312,182625
404,MRI_FRR_3,ABDOMEN,ABDOMEN,136.25057983398438,182625
405,MRI_CCS_11,ABDOMEN,ABDOMEN,101.53396606445312,182625
406,MRI_CCS_11,ABDOMEN,ABDOMEN,101.53396606445312,182625
407,MRI_CCS_11,ABDOMEN,ABDOMEN,101.53396606445312,182625
408,MRI_CCS_11,ABDOMEN,ABDOMEN,101.53396606445312,182625
409,MRI_CCS_11,ABDOMEN,ABDOMEN,101.53396606445312,182625
410,MRI_CCS_11,ABDOMEN,ABDOMEN,101.53396606445312,182625
411,MRI_CCS_11,ABDOMEN,ABDOMEN,101.53396606445312,182625
412,MRI_CCS_11,ABDOMEN,ABDOMEN,101.53396606445312,182625
413,MRI_FRR_3,ABDOMEN,ABDOMEN,136.25057983398438,182625
414,MRI_CCS_11,ABDOMEN,ABDOMEN,101.53396606445312,182625
415,MRI_FRR_3,ABDOMEN,ABDOMEN,136.2505645751953,182625
416,MRI_FRR_34,ABDOMEN,ABDOMEN,104.4582977294922,182625
417,MRI_MSR_100,ABDOMEN,ABDOMEN,15.671978950500488,182625
418,MRI_MSR_104,ABDOMEN,ABDOMEN,0.0,182625
419,MRI_MSR_21,ABDOMEN,ABDOMEN,12.339234352111816,182625
420,MRI_FRR_257,ABDOMEN,ABDOMEN,145.71875,182625
421,MRI_FRR_264,ABDOMEN,ABDOMEN,144.65342712402344,182625
422,MRI_FRR_3,ABDOMEN,ABDOMEN,136.25057983398438,182625
423,MRI_CCS_11,ABDOMEN,ABDOMEN,101.53396606445312,182625
424,MRI_FRR_3,ABDOMEN,ABDOMEN,136.25057983398438,182625
425,MRI_CCS_11,ABDOMEN,ABDOMEN,101.53396606445312,182625
426,MRI_CCS_11,ABDOMEN,ABDOMEN,101.53396606445312,182625
427,MRI_FRR_3,ABDOMEN,ABDOMEN,136.25057983398438,182625
428,MRI_CCS_11,ABDOMEN,ABDOMEN,101.53396606445312,182625
429,MRI_CCS_11,ABDOMEN,ABDOMEN,101.53396606445312,182625
430,MRI_CCS_11,ABDOMEN,ABDOMEN,101.53396606445312,182625
431,MRI_CCS_11,ABDOMEN,ABDOMEN,101.53396606445312,182625
432,MRI_CCS_11,ABDOMEN,ABDOMEN,101.53396606445312,182625
433,MRI_CCS_11,ABDOMEN,ABDOMEN,101.53396606445312,182625
434,MRI_FRR_3,ABDOMEN,ABDOMEN,136.25057983398438,182625
435,MRI_MSR_104,ABDOMEN,ABDOMEN,0.0,182625
436,MRI_MSR_21,ABDOMEN,ABDOMEN,12.339234352111816,182625
437,MRI_FRR_257,ABDOMEN,ABDOMEN,145.71875,182625
438,MRI_FRR_264,ABDOMEN,ABDOMEN,144.65342712402344,182625
439,MRI_FRR_3,ABDOMEN,ABDOMEN,136.25057983398438,182625
440,MRI_FRR_3,ABDOMEN,ABDOMEN,136.25057983398438,182625
441,MRI_CCS_11,ABDOMEN,ABDOMEN,101.53396606445312,182625
442,MRI_CCS_11,ABDOMEN,ABDOMEN,101.53396606445312,182625
443,MRI_FRR_3,ABDOMEN,ABDOMEN,136.25057983398438,182625
444,MRI_FRR_3,ABDOMEN,ABDOMEN,136.25057983398438,182625
445,MRI_FRR_3,ABDOMEN,ABDOMEN,136.25057983398438,182625
446,MRI_FRR_3,ABDOMEN,ABDOMEN,136.25057983398438,182625
447,MRI_FRR_3,ABDOMEN,ABDOMEN,136.2505645751953,182625
448,MRI_FRR_3,ABDOMEN,ABDOMEN,136.2505645751953,182625
449,MRI_FRR_3,ABDOMEN,ABDOMEN,136.25057983398438,182625
450,MRI_CCS_11,ABDOMEN,ABDOMEN,101.53396606445312,182625
451,MRI_CCS_11,ABDOMEN,ABDOMEN,101.53396606445312,182625
452,MRI_FRR_3,ABDOMEN,ABDOMEN,136.25057983398438,182625
453,MRI_FRR_3,ABDOMEN,ABDOMEN,136.25057983398438,182625
454,MRI_FRR_3,ABDOMEN,ABDOMEN,136.25057983398438,182625
455,MRI_FRR_3,ABDOMEN,ABDOMEN,136.25057983398438,182625
456,MRI_FRR_264,ABDOMEN,ABDOMEN,144.65342712402344,182625
457,MRI_FRR_3,ABDOMEN,ABDOMEN,136.25057983398438,182625
458,Not Vital,ABDOMEN,ABDOMEN,62.255638122558594,182625
459,MRI_MSR_104,ABDOMEN,ABDOMEN,0.0,182625
460,MRI_MSR_21,ABDOMEN,ABDOMEN,12.339234352111816,182625
461,MRI_FRR_257,ABDOMEN,ABDOMEN,145.71875,182625
462,MRI_FRR_264,ABDOMEN,ABDOMEN,144.65342712402344,182625
463,MRI_FRR_3,ABDOMEN,ABDOMEN,136.25057983398438,182625
464,MRI_FRR_3,ABDOMEN,ABDOMEN,136.25057983398438,182625
465,MRI_CCS_11,ABDOMEN,ABDOMEN,101.53396606445312,182625
466,MRI_FRR_3,ABDOMEN,ABDOMEN,136.25057983398438,182625
467,MRI_FRR_3,ABDOMEN,ABDOMEN,136.25057983398438,182625
468,MRI_CCS_11,ABDOMEN,ABDOMEN,101.53396606445312,182625
469,MRI_FRR_3,ABDOMEN,ABDOMEN,136.25057983398438,182625
470,MRI_CCS_11,ABDOMEN,ABDOMEN,101.53396606445312,182625
471,MRI_CCS_11,ABDOMEN,ABDOMEN,101.53396606445312,182625
472,MRI_CCS_11,ABDOMEN,ABDOMEN,101.53396606445312,182625
473,MRI_CCS_11,ABDOMEN,ABDOMEN,101.53396606445312,182625
474,MRI_FRR_3,ABDOMEN,ABDOMEN,136.25057983398438,182625
475,MRI_FRR_264,ABDOMEN,ABDOMEN,144.65342712402344,182625
476,MRI_FRR_3,ABDOMEN,ABDOMEN,136.25057983398438,182625
477,MRI_FRR_3,ABDOMEN,ABDOMEN,136.25057983398438,182625
478,MRI_FRR_3,ABDOMEN,ABDOMEN,136.25057983398438,182625
479,MRI_FRR_264,ABDOMEN,ABDOMEN,144.65342712402344,182625
480,MRI_FRR_3,ABDOMEN,ABDOMEN,136.2505645751953,182625
481,MRI_FRR_34,ABDOMEN,ABDOMEN,104.4582977294922,182625
482,Not Vital,ABDOMEN,ABDOMEN,62.255638122558594,182625
483,MRI_MSR_104,ABDOMEN,ABDOMEN,0.0,182625
484,MRI_MSR_21,ABDOMEN,ABDOMEN,12.339234352111816,182625
485,MRI_FRR_257,ABDOMEN,ABDOMEN,145.71875,182625
486,MRI_FRR_264,ABDOMEN,ABDOMEN,144.65342712402344,182625
487,MRI_FRR_3,ABDOMEN,ABDOMEN,136.25057983398438,182625
488,MRI_FRR_3,ABDOMEN,ABDOMEN,136.25057983398438,182625
489,MRI_CCS_11,ABDOMEN,ABDOMEN,101.53396606445312,182625
490,MRI_CCS_11,ABDOMEN,ABDOMEN,101.53396606445312,182625
491,MRI_CCS_11,ABDOMEN,ABDOMEN,101.53396606445312,182625
492,MRI_FRR_3,ABDOMEN,ABDOMEN,136.25057983398438,182625
493,MRI_FRR_3,ABDOMEN,ABDOMEN,136.25057983398438,182625
494,MRI_CCS_11,ABDOMEN,ABDOMEN,101.53396606445312,182625
495,MRI_CCS_11,ABDOMEN,ABDOMEN,101.53396606445312,182625
496,MRI_CCS_11,ABDOMEN,ABDOMEN,101.53396606445312,182625
497,MRI_CCS_11,ABDOMEN,ABDOMEN,101.53396606445312,182625
498,MRI_CCS_11,ABDOMEN,ABDOMEN,101.53396606445312,182625
499,MRI_MSR_100,ABDOMEN,ABDOMEN,15.671978950500488,182625
500,MRI_MSR_104,ABDOMEN,ABDOMEN,0.0,182625
501,MRI_MSR_21,ABDOMEN,ABDOMEN,12.339234352111816,182625
502,MRI_FRR_257,ABDOMEN,ABDOMEN,145.71875,182625
503,MRI_FRR_264,ABDOMEN,ABDOMEN,144.65342712402344,182625
504,MRI_FRR_3,ABDOMEN,ABDOMEN,136.25057983398438,182625
505,MRI_CCS_11,ABDOMEN,ABDOMEN,101.53396606445312,182625
506,MRI_CCS_11,ABDOMEN,ABDOMEN,101.53396606445312,182625
507,MRI_FRR_3,ABDOMEN,ABDOMEN,136.25057983398438,182625
508,MRI_FRR_3,ABDOMEN,ABDOMEN,136.25057983398438,182625
509,MRI_FRR_3,ABDOMEN,ABDOMEN,136.25057983398438,182625
510,MRI_FRR_3,ABDOMEN,ABDOMEN,136.25057983398438,182625
511,MRI_FRR_3,ABDOMEN,ABDOMEN,136.2505645751953,182625
512,MRI_CCS_11,ABDOMEN,ABDOMEN,101.53396606445312,182625
513,MRI_CCS_11,ABDOMEN,ABDOMEN,101.53396606445312,182625
514,MRI_MSR_100,ABDOMEN,ABDOMEN,15.671978950500488,182625
515,MRI_MSR_104,ABDOMEN,ABDOMEN,0.0,182625
516,MRI_MSR_21,ABDOMEN,ABDOMEN,12.339234352111816,182625
517,MRI_FRR_264,ABDOMEN,ABDOMEN,144.65342712402344,182625
518,MRI_FRR_257,ABDOMEN,ABDOMEN,145.71875,182625
519,MRI_FRR_3,ABDOMEN,ABDOMEN,136.25057983398438,182625
520,MRI_CCS_11,ABDOMEN,ABDOMEN,101.53396606445312,182625
521,MRI_CCS_11,ABDOMEN,ABDOMEN,101.53396606445312,182625
522,MRI_CCS_11,ABDOMEN,ABDOMEN,101.53396606445312,182625
523,MRI_FRR_3,ABDOMEN,ABDOMEN,136.25057983398438,182625
524,MRI_FRR_3,ABDOMEN,ABDOMEN,136.25057983398438,182625
525,MRI_CCS_11,ABDOMEN,ABDOMEN,101.53396606445312,182625
526,MRI_CCS_11,ABDOMEN,ABDOMEN,101.53396606445312,182625
527,MRI_CCS_11,ABDOMEN,ABDOMEN,101.53396606445312,182625
528,MRI_FRR_3,ABDOMEN,ABDOMEN,136.25057983398438,182625
529,MRI_FRR_3,ABDOMEN,ABDOMEN,136.25057983398438,182625
530,MRI_CCS_11,ABDOMEN,ABDOMEN,101.53396606445312,182625
531,MRI_CCS_11,ABDOMEN,ABDOMEN,101.53396606445312,182625
532,MRI_FRR_3,ABDOMEN,ABDOMEN,136.25057983398438,182625
533,MRI_MSR_100,ABDOMEN,ABDOMEN,15.671978950500488,182625
534,MRI_MSR_104,ABDOMEN,ABDOMEN,0.0,182625
535,MRI_MSR_21,ABDOMEN,ABDOMEN,12.339234352111816,182625
536,MRI_FRR_264,ABDOMEN,ABDOMEN,144.65342712402344,182625
537,MRI_FRR_257,ABDOMEN,ABDOMEN,145.71875,182625
538,MRI_FRR_3,ABDOMEN,ABDOMEN,136.25057983398438,182625
539,MRI_CCS_11,ABDOMEN,ABDOMEN,101.53396606445312,182625
540,MRI_CCS_11,ABDOMEN,ABDOMEN,101.53396606445312,182625
541,MRI_FRR_3,ABDOMEN,ABDOMEN,136.25057983398438,182625
542,MRI_FRR_3,ABDOMEN,ABDOMEN,136.25057983398438,182625
543,MRI_CCS_11,ABDOMEN,ABDOMEN,101.53396606445312,182625
544,MRI_CCS_11,ABDOMEN,ABDOMEN,101.53396606445312,182625
545,MRI_CCS_11,ABDOMEN,ABDOMEN,101.53396606445312,182625
546,MRI_FRR_3,ABDOMEN,ABDOMEN,136.25057983398438,182625
547,MRI_FRR_3,ABDOMEN,ABDOMEN,136.25057983398438,182625
548,MRI_MSR_100,ABDOMEN,ABDOMEN,15.671978950500488,182625
549,MRI_MSR_104,ABDOMEN,HEAD,0.0,182625
550,MRI_MSR_21,ABDOMEN,HEAD,14.04751968383789,182625
551,MRI_FRR_257,ABDOMEN,HEAD,170.6781768798828,182625
552,MRI_FRR_264,ABDOMEN,HEAD,167.5399169921875,182625
553,MRI_FRR_3,ABDOMEN,HEAD,158.91915893554688,182625
554,MRI_FRR_3,ABDOMEN,HEAD,158.91915893554688,182625
555,MRI_CCS_11,ABDOMEN,HEAD,126.70094299316406,182625
556,MRI_CCS_11,ABDOMEN,HEAD,126.70094299316406,182625
557,MRI_FRR_264,ABDOMEN,HEAD,167.5399169921875,182625
558,MRI_FRR_3,ABDOMEN,HEAD,158.91915893554688,182625
559,MRI_FRR_3,ABDOMEN,HEAD,158.91915893554688,182625
560,MRI_FRR_3,ABDOMEN,HEAD,158.91915893554688,182625
561,MRI_FRR_3,ABDOMEN,HEAD,158.91915893554688,182625
562,MRI_CCS_11,ABDOMEN,HEAD,126.70094299316406,182625
563,MRI_FRR_3,ABDOMEN,HEAD,158.91915893554688,182625
564,MRI_CCS_11,ABDOMEN,HEAD,126.70094299316406,182625
565,MRI_CCS_11,ABDOMEN,HEAD,126.70094299316406,182625
566,MRI_FRR_3,ABDOMEN,HEAD,158.91915893554688,182625
567,MRI_FRR_34,ABDOMEN,HEAD,128.3245849609375,182625
568,MRI_MSR_100,ABDOMEN,HEAD,18.19042015075684,182625
569,MRI_MSR_104,ABDOMEN,HEAD,0.0,182625
570,MRI_MSR_21,ABDOMEN,HEAD,14.04751968383789,182625
571,MRI_FRR_257,ABDOMEN,HEAD,170.6781768798828,182625
572,MRI_FRR_264,ABDOMEN,HEAD,167.5399169921875,182625
573,MRI_CCS_11,ABDOMEN,HEAD,126.70094299316406,182625
574,MRI_CCS_11,ABDOMEN,HEAD,126.70094299316406,182625
575,MRI_CCS_11,ABDOMEN,HEAD,126.70094299316406,182625
576,MRI_FRR_264,ABDOMEN,HEAD,167.5399169921875,182625
577,MRI_FRR_3,ABDOMEN,HEAD,158.91915893554688,182625
578,MRI_FRR_3,ABDOMEN,HEAD,158.91915893554688,182625
579,MRI_FRR_3,ABDOMEN,HEAD,158.91915893554688,182625
580,MRI_CCS_11,ABDOMEN,HEAD,126.70094299316406,182625
581,MRI_FRR_264,ABDOMEN,HEAD,167.5399169921875,182625
582,MRI_FRR_3,ABDOMEN,HEAD,158.91915893554688,182625
583,MRI_FRR_34,ABDOMEN,HEAD,128.3245849609375,182625
584,MRI_MSR_100,ABDOMEN,HEAD,18.19042015075684,182625
585,MRI_MSR_104,ABDOMEN,KNEE,0.0,182625
586,MRI_MSR_21,ABDOMEN,KNEE,16.200733184814453,182625
587,MRI_FRR_257,ABDOMEN,KNEE,197.89337158203125,182625
588,MRI_FRR_264,ABDOMEN,KNEE,194.47857666015625,182625
589,MRI_FRR_3,ABDOMEN,KNEE,185.8314971923828,182625
590,MRI_CCS_11,ABDOMEN,KNEE,148.34063720703125,182625
591,MRI_FRR_3,ABDOMEN,KNEE,185.8314971923828,182625
592,MRI_CCS_11,ABDOMEN,KNEE,148.34063720703125,182625
593,MRI_FRR_264,ABDOMEN,KNEE,194.47857666015625,182625
594,MRI_FRR_3,ABDOMEN,KNEE,185.8314971923828,182625
595,MRI_FRR_3,ABDOMEN,KNEE,185.8314971923828,182625
596,MRI_FRR_264,ABDOMEN,KNEE,194.47857666015625,182625
597,MRI_FRR_264,ABDOMEN,KNEE,194.47857666015625,182625
598,MRI_FRR_264,ABDOMEN,KNEE,194.47857666015625,182625
599,MRI_FRR_264,ABDOMEN,KNEE,194.47857666015625,182625
600,MRI_MPT_1005,ABDOMEN,KNEE,90.19393920898438,182625
601,MRI_FRR_264,ABDOMEN,KNEE,194.47857666015625,182625
602,MRI_FRR_3,ABDOMEN,KNEE,185.8314971923828,182625
603,MRI_FRR_34,ABDOMEN,KNEE,163.78421020507812,182625
604,MRI_MSR_100,ABDOMEN,KNEE,25.261898040771484,182625
605,MRI_MSR_104,ABDOMEN,KNEE,0.0,182625
606,MRI_MSR_21,ABDOMEN,KNEE,16.200733184814453,182625
607,MRI_FRR_257,ABDOMEN,KNEE,197.89340209960935,182625
608,MRI_FRR_264,ABDOMEN,KNEE,194.4785919189453,182625
609,MRI_FRR_3,ABDOMEN,KNEE,185.8314971923828,182625
610,MRI_CCS_11,ABDOMEN,KNEE,148.34063720703125,182625
611,MRI_FRR_3,ABDOMEN,KNEE,185.8314971923828,182625
612,MRI_CCS_11,ABDOMEN,KNEE,148.34063720703125,182625
613,MRI_CCS_11,ABDOMEN,KNEE,148.34063720703125,182625
614,MRI_FRR_264,ABDOMEN,KNEE,194.47857666015625,182625
615,MRI_FRR_3,ABDOMEN,KNEE,185.8314971923828,182625
616,MRI_FRR_264,ABDOMEN,KNEE,194.47857666015625,182625
617,MRI_FRR_3,ABDOMEN,KNEE,185.8314971923828,182625
618,MRI_FRR_264,ABDOMEN,KNEE,194.47857666015625,182625
619,MRI_FRR_257,ABDOMEN,KNEE,197.89337158203125,182625
620,MRI_FRR_3,ABDOMEN,KNEE,185.8314971923828,182625
621,MRI_FRR_264,ABDOMEN,KNEE,194.47857666015625,182625
622,MRI_FRR_3,ABDOMEN,KNEE,185.8314971923828,182625
623,MRI_FRR_264,ABDOMEN,KNEE,194.47857666015625,182625
624,MRI_FRR_3,ABDOMEN,KNEE,185.8314971923828,182625
625,MRI_MSR_100,ABDOMEN,KNEE,25.261898040771484,182625
626,MRI_MSR_104,ABDOMEN,KNEE,0.0,182625
627,MRI_MSR_21,ABDOMEN,KNEE,16.200733184814453,182625
628,MRI_FRR_257,ABDOMEN,KNEE,197.89337158203125,182625
629,MRI_FRR_264,ABDOMEN,KNEE,194.47857666015625,182625
630,MRI_FRR_3,ABDOMEN,KNEE,185.8314971923828,182625
631,MRI_CCS_11,ABDOMEN,KNEE,148.34063720703125,182625
632,MRI_CCS_11,ABDOMEN,KNEE,148.34063720703125,182625
633,MRI_FRR_3,ABDOMEN,KNEE,185.8314971923828,182625
634,MRI_FRR_3,ABDOMEN,KNEE,185.8314971923828,182625
635,MRI_FRR_3,ABDOMEN,KNEE,185.8314971923828,182625
636,MRI_CCS_11,ABDOMEN,KNEE,148.34063720703125,182625
637,MRI_FRR_3,ABDOMEN,KNEE,185.8314971923828,182625
638,MRI_CCS_11,ABDOMEN,KNEE,148.34063720703125,182625
639,MRI_MSR_100,ABDOMEN,KNEE,25.26190185546875,182625
640,MRI_MSR_104,ABDOMEN,KNEE,0.0,182625
641,MRI_MSR_21,ABDOMEN,KNEE,16.200733184814453,182625
642,MRI_FRR_257,ABDOMEN,KNEE,197.89337158203125,182625
643,MRI_FRR_264,ABDOMEN,KNEE,194.47857666015625,182625
644,MRI_FRR_3,ABDOMEN,KNEE,185.8314971923828,182625
645,MRI_MSR_100,ABDOMEN,KNEE,25.261898040771484,182625
646,MRI_MSR_104,HEAD,ABDOMEN,0.0,182625
647,MRI_MSR_21,HEAD,ABDOMEN,11.979662895202637,182625
648,MRI_FRR_264,HEAD,ABDOMEN,134.642578125,182625
649,MRI_FRR_257,HEAD,ABDOMEN,138.44419860839844,182625
650,MRI_FRR_3,HEAD,ABDOMEN,122.31004333496094,182625
651,MRI_FRR_3,HEAD,ABDOMEN,122.31004333496094,182625
652,MRI_CCS_11,HEAD,ABDOMEN,105.20599365234376,182625
653,MRI_FRR_3,HEAD,ABDOMEN,122.31004333496094,182625
654,MRI_FRR_3,HEAD,ABDOMEN,122.31004333496094,182625
655,MRI_FRR_3,HEAD,ABDOMEN,122.31004333496094,182625
656,MRI_CCS_11,HEAD,ABDOMEN,105.20599365234376,182625
657,MRI_FRR_264,HEAD,ABDOMEN,134.642578125,182625
658,MRI_FRR_3,HEAD,ABDOMEN,122.31004333496094,182625
659,MRI_FRR_264,HEAD,ABDOMEN,134.642578125,182625
660,MRI_FRR_257,HEAD,ABDOMEN,138.44419860839844,182625
661,MRI_FRR_3,HEAD,ABDOMEN,122.31004333496094,182625
662,MRI_MSR_104,HEAD,ABDOMEN,0.0,182625
663,MRI_MSR_21,HEAD,ABDOMEN,11.979662895202637,182625
664,MRI_FRR_264,HEAD,ABDOMEN,134.642578125,182625
665,MRI_FRR_257,HEAD,ABDOMEN,138.44419860839844,182625
666,MRI_FRR_3,HEAD,ABDOMEN,122.31004333496094,182625
667,MRI_CCS_11,HEAD,ABDOMEN,105.20599365234376,182625
668,MRI_CCS_11,HEAD,ABDOMEN,105.20599365234376,182625
669,MRI_CCS_11,HEAD,ABDOMEN,105.20599365234376,182625
670,MRI_FRR_3,HEAD,ABDOMEN,122.31004333496094,182625
671,MRI_FRR_3,HEAD,ABDOMEN,122.31002807617188,182625
672,MRI_CCS_11,HEAD,ABDOMEN,105.2060089111328,182625
673,MRI_CCS_11,HEAD,ABDOMEN,105.20599365234376,182625
674,MRI_CCS_11,HEAD,ABDOMEN,105.20599365234376,182625
675,MRI_FRR_3,HEAD,ABDOMEN,122.31004333496094,182625
676,MRI_FRR_264,HEAD,ABDOMEN,134.642578125,182625
677,MRI_MPT_1005,HEAD,ABDOMEN,30.968896865844727,182625
678,MRI_FRR_264,HEAD,ABDOMEN,134.642578125,182625
679,MRI_FRR_3,HEAD,ABDOMEN,122.31004333496094,182625
680,MRI_MSR_100,HEAD,ABDOMEN,11.398195266723633,182625
681,MRI_MSR_104,HEAD,HEAD,0.0,182625
682,MRI_MSR_21,HEAD,HEAD,13.280474662780762,182625
683,MRI_FRR_257,HEAD,HEAD,156.441162109375,182625
684,MRI_FRR_264,HEAD,HEAD,150.73321533203125,182625
685,MRI_FRR_3,HEAD,HEAD,139.1241912841797,182625
686,MRI_FRR_3,HEAD,HEAD,139.1241912841797,182625
687,MRI_FRR_3,HEAD,HEAD,139.1241912841797,182625
688,MRI_MSR_100,HEAD,HEAD,12.45060920715332,182625
689,MRI_MSR_104,HEAD,HEAD,0.0,182625
690,MRI_MSR_21,HEAD,HEAD,13.280474662780762,182625
691,MRI_FRR_257,HEAD,HEAD,156.441162109375,182625
692,MRI_FRR_264,HEAD,HEAD,150.73321533203125,182625
693,MRI_FRR_3,HEAD,HEAD,139.1241912841797,182625
694,MRI_FRR_3,HEAD,HEAD,139.1241912841797,182625
695,MRI_MSR_100,HEAD,HEAD,12.45060920715332,182625
696,MRI_MSR_104,HEAD,HEAD,0.0,182625
697,MRI_MSR_21,HEAD,HEAD,13.280474662780762,182625
698,MRI_FRR_257,HEAD,HEAD,156.441162109375,182625
699,MRI_FRR_264,HEAD,HEAD,150.73321533203125,182625
700,MRI_FRR_3,HEAD,HEAD,139.1241912841797,182625
701,MRI_FRR_3,HEAD,HEAD,139.1241912841797,182625
702,MRI_FRR_3,HEAD,HEAD,139.1241912841797,182625
703,MRI_FRR_3,HEAD,HEAD,139.1241912841797,182625
704,MRI_FRR_3,HEAD,HEAD,139.1241912841797,182625
705,MRI_FRR_3,HEAD,HEAD,139.1241912841797,182625
706,MRI_FRR_3,HEAD,HEAD,139.1241912841797,182625
707,MRI_FRR_264,HEAD,HEAD,150.73321533203125,182625
708,MRI_FRR_264,HEAD,HEAD,150.73321533203125,182625
709,MRI_FRR_3,HEAD,HEAD,139.1241912841797,182625
710,MRI_FRR_34,HEAD,HEAD,99.30332946777344,182625
711,MRI_MSR_100,HEAD,HEAD,12.45060920715332,182625
712,MRI_MSR_104,HEAD,HEAD,0.0,182625
713,MRI_MSR_21,HEAD,HEAD,13.280474662780762,182625
714,MRI_FRR_257,HEAD,HEAD,156.441162109375,182625
715,MRI_FRR_264,HEAD,HEAD,150.73321533203125,182625
716,MRI_FRR_3,HEAD,HEAD,139.1241912841797,182625
717,MRI_FRR_3,HEAD,HEAD,139.1241912841797,182625
718,MRI_CCS_11,HEAD,HEAD,122.6407699584961,182625
719,MRI_FRR_3,HEAD,HEAD,139.1241912841797,182625
720,MRI_FRR_3,HEAD,HEAD,139.1241912841797,182625
721,MRI_FRR_3,HEAD,HEAD,139.1241912841797,182625
722,MRI_CCS_11,HEAD,HEAD,122.6407699584961,182625
723,MRI_FRR_3,HEAD,HEAD,139.1241912841797,182625
724,MRI_FRR_34,HEAD,HEAD,99.30332946777344,182625
725,MRI_MSR_100,HEAD,HEAD,12.45060920715332,182625
726,MRI_MSR_104,HEAD,HEAD,0.0,182625
727,MRI_MSR_21,HEAD,HEAD,13.280474662780762,182625
728,MRI_FRR_257,HEAD,HEAD,156.441162109375,182625
729,MRI_FRR_264,HEAD,HEAD,150.73321533203125,182625
730,MRI_FRR_3,HEAD,HEAD,139.1241912841797,182625
731,MRI_FRR_3,HEAD,HEAD,139.1241912841797,182625
732,MRI_FRR_3,HEAD,HEAD,139.1241912841797,182625
733,MRI_FRR_3,HEAD,HEAD,139.1241912841797,182625
734,MRI_FRR_3,HEAD,HEAD,139.1241912841797,182625
735,MRI_FRR_3,HEAD,HEAD,139.1241912841797,182625
736,MRI_CCS_11,HEAD,HEAD,122.6407699584961,182625
737,MRI_FRR_3,HEAD,HEAD,139.1241912841797,182625
738,MRI_FRR_34,HEAD,HEAD,99.30332946777344,182625
739,MRI_MSR_100,HEAD,HEAD,12.45060920715332,182625
740,MRI_MSR_104,HEAD,HEAD,0.0,182625
741,MRI_MSR_21,HEAD,HEAD,13.280474662780762,182625
742,MRI_FRR_257,HEAD,HEAD,156.441162109375,182625
743,MRI_FRR_264,HEAD,HEAD,150.73321533203125,182625
744,MRI_FRR_3,HEAD,HEAD,139.1241912841797,182625
745,MRI_MSR_104,HEAD,HEAD,0.0,182625
746,MRI_MSR_21,HEAD,HEAD,13.280474662780762,182625
747,MRI_FRR_264,HEAD,HEAD,150.73321533203125,182625
748,MRI_FRR_257,HEAD,HEAD,156.441162109375,182625
749,MRI_FRR_3,HEAD,HEAD,139.1241912841797,182625
750,MRI_FRR_3,HEAD,HEAD,139.1241912841797,182625
751,MRI_FRR_3,HEAD,HEAD,139.1241912841797,182625
752,MRI_FRR_3,HEAD,HEAD,139.1241912841797,182625
753,MRI_FRR_3,HEAD,HEAD,139.1241912841797,182625
754,MRI_CCS_11,HEAD,HEAD,122.6407699584961,182625
755,MRI_FRR_264,HEAD,HEAD,150.73321533203125,182625
756,MRI_FRR_34,HEAD,HEAD,99.30332946777344,182625
757,MRI_MSR_100,HEAD,HEAD,12.45060920715332,182625
758,MRI_MSR_104,HEAD,HEAD,0.0,182625
759,MRI_MSR_21,HEAD,HEAD,13.280474662780762,182625
760,MRI_FRR_264,HEAD,HEAD,150.73321533203125,182625
761,MRI_FRR_257,HEAD,HEAD,156.441162109375,182625
762,MRI_FRR_3,HEAD,HEAD,139.1241912841797,182625
763,MRI_FRR_3,HEAD,HEAD,139.1241912841797,182625
764,MRI_FRR_3,HEAD,HEAD,139.1241912841797,182625
765,MRI_FRR_3,HEAD,HEAD,139.1241912841797,182625
766,MRI_FRR_3,HEAD,HEAD,139.1241912841797,182625
767,MRI_FRR_3,HEAD,HEAD,139.1241912841797,182625
768,MRI_CCS_11,HEAD,HEAD,122.6407699584961,182625
769,MRI_FRR_264,HEAD,HEAD,150.73321533203125,182625
770,MRI_FRR_3,HEAD,HEAD,139.1241912841797,182625
771,MRI_FRR_34,HEAD,HEAD,99.30332946777344,182625
772,MRI_MSR_100,HEAD,HEAD,12.45060920715332,182625
773,MRI_MSR_104,HEAD,HEAD,0.0,182625
774,MRI_MSR_21,HEAD,HEAD,13.280474662780762,182625
775,MRI_FRR_264,HEAD,HEAD,150.73321533203125,182625
776,MRI_FRR_257,HEAD,HEAD,156.441162109375,182625
777,MRI_FRR_3,HEAD,HEAD,139.1241912841797,182625
778,MRI_FRR_3,HEAD,HEAD,139.1241912841797,182625
779,MRI_FRR_3,HEAD,HEAD,139.1241912841797,182625
780,MRI_FRR_3,HEAD,HEAD,139.1241912841797,182625
781,MRI_FRR_3,HEAD,HEAD,139.1241912841797,182625
782,MRI_FRR_3,HEAD,HEAD,139.1241912841797,182625
783,MRI_FRR_3,HEAD,HEAD,139.1241912841797,182625
784,MRI_FRR_264,HEAD,HEAD,150.73321533203125,182625
785,MRI_FRR_3,HEAD,HEAD,139.1241912841797,182625
786,MRI_CCS_11,HEAD,HEAD,122.6407699584961,182625
787,MRI_FRR_3,HEAD,HEAD,139.1241912841797,182625
788,MRI_MSR_104,HEAD,HEAD,0.0,182625
789,MRI_MSR_21,HEAD,HEAD,13.280474662780762,182625
790,MRI_FRR_257,HEAD,HEAD,156.441162109375,182625
791,MRI_FRR_264,HEAD,HEAD,150.73321533203125,182625
792,MRI_FRR_3,HEAD,HEAD,139.1241912841797,182625
793,MRI_FRR_3,HEAD,HEAD,139.1241912841797,182625
794,MRI_FRR_3,HEAD,HEAD,139.1241912841797,182625
795,MRI_FRR_3,HEAD,HEAD,139.1241912841797,182625
796,MRI_FRR_3,HEAD,HEAD,139.1241912841797,182625
797,MRI_FRR_3,HEAD,HEAD,139.1241912841797,182625
798,MRI_FRR_3,HEAD,HEAD,139.1241912841797,182625
799,MRI_CCS_11,HEAD,HEAD,122.6407699584961,182625
800,MRI_FRR_264,HEAD,HEAD,150.73321533203125,182625
801,MRI_FRR_3,HEAD,HEAD,139.1241912841797,182625
802,MRI_FRR_34,HEAD,HEAD,99.30332946777344,182625
803,MRI_MSR_100,HEAD,HEAD,12.45060920715332,182625
804,MRI_MSR_104,HEAD,HEAD,0.0,182625
805,MRI_MSR_21,HEAD,HEAD,13.280474662780762,182625
806,MRI_FRR_257,HEAD,HEAD,156.441162109375,182625
807,MRI_FRR_264,HEAD,HEAD,150.73321533203125,182625
808,MRI_FRR_3,HEAD,HEAD,139.1241912841797,182625
809,MRI_FRR_3,HEAD,HEAD,139.1241912841797,182625
810,MRI_CCS_11,HEAD,HEAD,122.6407699584961,182625
811,MRI_FRR_3,HEAD,HEAD,139.1241912841797,182625
812,MRI_FRR_3,HEAD,HEAD,139.1241912841797,182625
813,MRI_FRR_3,HEAD,HEAD,139.1241912841797,182625
814,MRI_FRR_3,HEAD,HEAD,139.1241912841797,182625
815,MRI_FRR_3,HEAD,HEAD,139.1241912841797,182625
816,MRI_CCS_11,HEAD,HEAD,122.6407699584961,182625
817,MRI_FRR_264,HEAD,HEAD,150.73321533203125,182625
818,MRI_FRR_3,HEAD,HEAD,139.1241912841797,182625
819,MRI_FRR_34,HEAD,HEAD,99.30332946777344,182625
820,MRI_MSR_104,HEAD,KNEE,0.0,182625
821,MRI_MSR_21,HEAD,KNEE,14.692178726196287,182625
822,MRI_FRR_257,HEAD,KNEE,174.1829833984375,182625
823,MRI_FRR_264,HEAD,KNEE,167.38197326660156,182625
824,MRI_FRR_3,HEAD,KNEE,157.1661834716797,182625
825,MRI_FRR_3,HEAD,KNEE,157.1661834716797,182625
826,MRI_CCS_11,HEAD,KNEE,135.0936279296875,182625
827,MRI_CCS_11,HEAD,KNEE,135.0936279296875,182625
828,MRI_FRR_264,HEAD,KNEE,167.38197326660156,182625
829,MRI_FRR_3,HEAD,KNEE,157.1661834716797,182625
830,MRI_CCS_11,HEAD,KNEE,135.0936279296875,182625
831,MRI_FRR_3,HEAD,KNEE,157.1661834716797,182625
832,MRI_CCS_11,HEAD,KNEE,135.0936279296875,182625
833,MRI_FRR_264,HEAD,KNEE,167.38197326660156,182625
834,MRI_FRR_3,HEAD,KNEE,157.1661834716797,182625
835,MRI_MSR_100,HEAD,KNEE,14.846055030822754,182625
836,MRI_MSR_104,HEAD,KNEE,0.0,182625
837,MRI_MSR_21,HEAD,KNEE,14.692178726196287,182625
838,MRI_FRR_264,HEAD,KNEE,167.38197326660156,182625
839,MRI_FRR_257,HEAD,KNEE,174.1829833984375,182625
840,MRI_FRR_3,HEAD,KNEE,157.1661834716797,182625
841,MRI_FRR_3,HEAD,KNEE,157.1661834716797,182625
842,MRI_FRR_3,HEAD,KNEE,157.1661834716797,182625
843,MRI_FRR_3,HEAD,KNEE,157.1661834716797,182625
844,MRI_CCS_11,HEAD,KNEE,135.0936279296875,182625
845,MRI_FRR_264,HEAD,KNEE,167.38197326660156,182625
846,MRI_FRR_3,HEAD,KNEE,157.1661834716797,182625
847,MRI_FRR_3,HEAD,KNEE,157.1661834716797,182625
848,MRI_FRR_264,HEAD,KNEE,167.38197326660156,182625
849,MRI_FRR_264,HEAD,KNEE,167.38197326660156,182625
850,MRI_FRR_3,HEAD,KNEE,157.1661834716797,182625
851,MRI_FRR_34,HEAD,KNEE,124.67938232421876,182625
852,MRI_MSR_104,KNEE,ABDOMEN,0.0,182625
853,MRI_FRR_257,KNEE,ABDOMEN,136.22430419921875,182625
854,MRI_FRR_264,KNEE,ABDOMEN,130.73410034179688,182625
855,MRI_CCS_11,KNEE,ABDOMEN,109.18513488769533,182625
856,MRI_MSR_34,KNEE,ABDOMEN,14.139681816101074,182625
857,MRI_MPT_1005,KNEE,ABDOMEN,28.56922912597656,182625
858,MRI_FRR_257,KNEE,ABDOMEN,136.22430419921875,182625
859,MRI_FRR_264,KNEE,ABDOMEN,130.73410034179688,182625
860,MRI_FRR_264,KNEE,ABDOMEN,130.73410034179688,182625
861,MRI_CCS_11,KNEE,ABDOMEN,109.18513488769533,182625
862,MRI_FRR_257,KNEE,ABDOMEN,136.22430419921875,182625
863,MRI_FRR_264,KNEE,ABDOMEN,130.73410034179688,182625
864,MRI_MSR_100,KNEE,ABDOMEN,10.554864883422852,182625
865,MRI_MSR_104,KNEE,ABDOMEN,0.0,182625
866,MRI_FRR_257,KNEE,ABDOMEN,136.22430419921875,182625
867,MRI_CCS_11,KNEE,ABDOMEN,109.18513488769533,182625
868,MRI_FRR_264,KNEE,ABDOMEN,130.73410034179688,182625
869,MRI_FRR_264,KNEE,ABDOMEN,130.73410034179688,182625
870,MRI_FRR_264,KNEE,ABDOMEN,130.73410034179688,182625
871,MRI_CCS_11,KNEE,ABDOMEN,109.18513488769533,182625
872,MRI_CCS_11,KNEE,ABDOMEN,109.18513488769533,182625
873,MRI_CCS_11,KNEE,ABDOMEN,109.18513488769533,182625
874,MRI_FRR_257,KNEE,ABDOMEN,136.22430419921875,182625
875,MRI_CCS_11,KNEE,ABDOMEN,109.18513488769533,182625
876,MRI_CCS_11,KNEE,ABDOMEN,109.18513488769533,182625
877,MRI_CCS_11,KNEE,ABDOMEN,109.18513488769533,182625
878,MRI_CCS_11,KNEE,ABDOMEN,109.18513488769533,182625
879,MRI_CCS_11,KNEE,ABDOMEN,109.18513488769533,182625
880,MRI_CCS_11,KNEE,ABDOMEN,109.18513488769533,182625
881,MRI_FRR_264,KNEE,ABDOMEN,130.73410034179688,182625
882,MRI_MSR_34,KNEE,ABDOMEN,14.139681816101074,182625
883,MRI_FRR_264,KNEE,ABDOMEN,130.73410034179688,182625
884,MRI_MSR_34,KNEE,ABDOMEN,14.139681816101074,182625
885,MRI_MSR_100,KNEE,ABDOMEN,10.554866790771484,182625
886,MRI_MSR_104,KNEE,ABDOMEN,0.0,182625
887,MRI_FRR_257,KNEE,ABDOMEN,136.22430419921875,182625
888,MRI_FRR_264,KNEE,ABDOMEN,130.73410034179688,182625
889,MRI_CCS_11,KNEE,ABDOMEN,109.18513488769533,182625
890,MRI_CCS_11,KNEE,ABDOMEN,109.18513488769533,182625
891,MRI_FRR_264,KNEE,ABDOMEN,130.73410034179688,182625
892,MRI_FRR_34,KNEE,ABDOMEN,79.46842193603516,182625
893,MRI_FRR_257,KNEE,ABDOMEN,136.22430419921875,182625
894,MRI_FRR_264,KNEE,ABDOMEN,130.73410034179688,182625
895,MRI_MSR_34,KNEE,ABDOMEN,14.13968276977539,182625
896,MRI_MSR_100,KNEE,ABDOMEN,10.554864883422852,182625
897,MRI_MSR_104,KNEE,ABDOMEN,0.0,182625
898,MRI_FRR_257,KNEE,ABDOMEN,136.22430419921875,182625
899,MRI_FRR_264,KNEE,ABDOMEN,130.73410034179688,182625
900,MRI_CCS_11,KNEE,ABDOMEN,109.18513488769533,182625
901,MRI_CCS_11,KNEE,ABDOMEN,109.18513488769533,182625
902,MRI_FRR_264,KNEE,ABDOMEN,130.73410034179688,182625
903,MRI_FRR_34,KNEE,ABDOMEN,79.46842193603516,182625
904,MRI_FRR_257,KNEE,ABDOMEN,136.22430419921875,182625
905,MRI_FRR_264,KNEE,ABDOMEN,130.73410034179688,182625
906,MRI_MSR_34,KNEE,ABDOMEN,14.139681816101074,182625
907,MRI_EXU_95,KNEE,ABDOMEN,131.10806274414062,182625
908,MRI_MSR_100,KNEE,ABDOMEN,10.554866790771484,182625
909,MRI_MSR_104,KNEE,ABDOMEN,0.0,182625
910,MRI_FRR_257,KNEE,ABDOMEN,136.22430419921875,182625
911,MRI_CCS_11,KNEE,ABDOMEN,109.18513488769533,182625
912,MRI_FRR_264,KNEE,ABDOMEN,130.73410034179688,182625
913,MRI_CCS_11,KNEE,ABDOMEN,109.18513488769533,182625
914,MRI_FRR_264,KNEE,ABDOMEN,130.73410034179688,182625
915,MRI_FRR_257,KNEE,ABDOMEN,136.22430419921875,182625
916,MRI_FRR_264,KNEE,ABDOMEN,130.73410034179688,182625
917,MRI_FRR_257,KNEE,ABDOMEN,136.22430419921875,182625
918,MRI_FRR_264,KNEE,ABDOMEN,130.73410034179688,182625
919,MRI_FRR_264,KNEE,ABDOMEN,130.73410034179688,182625
920,MRI_FRR_34,KNEE,ABDOMEN,79.46842193603516,182625
921,MRI_FRR_264,KNEE,ABDOMEN,130.73410034179688,182625
922,MRI_FRR_34,KNEE,ABDOMEN,79.46842193603516,182625
923,MRI_FRR_257,KNEE,ABDOMEN,136.22430419921875,182625
924,MRI_MSR_34,KNEE,ABDOMEN,14.139681816101074,182625
925,MRI_MPT_1005,KNEE,ABDOMEN,28.56922912597656,182625
926,MRI_EXU_95,KNEE,ABDOMEN,131.10806274414062,182625
927,MRI_MSR_100,KNEE,ABDOMEN,10.554864883422852,182625
928,MRI_MSR_104,KNEE,ABDOMEN,0.0,182625
929,MRI_FRR_257,KNEE,ABDOMEN,136.22430419921875,182625
930,MRI_FRR_264,KNEE,ABDOMEN,130.73410034179688,182625
931,MRI_CCS_11,KNEE,ABDOMEN,109.18513488769533,182625
932,MRI_CCS_11,KNEE,ABDOMEN,109.18513488769533,182625
933,MRI_FRR_264,KNEE,ABDOMEN,130.73410034179688,182625
934,MRI_FRR_34,KNEE,ABDOMEN,79.46842193603516,182625
935,MRI_FRR_257,KNEE,ABDOMEN,136.22430419921875,182625
936,MRI_FRR_264,KNEE,ABDOMEN,130.73410034179688,182625
937,MRI_MSR_34,KNEE,ABDOMEN,14.139681816101074,182625
938,MRI_MSR_100,KNEE,ABDOMEN,10.554866790771484,182625
939,MRI_MSR_104,KNEE,ABDOMEN,0.0,182625
940,MRI_FRR_257,KNEE,ABDOMEN,136.22430419921875,182625
941,MRI_FRR_264,KNEE,ABDOMEN,130.73410034179688,182625
942,MRI_CCS_11,KNEE,ABDOMEN,109.18513488769533,182625
943,MRI_CCS_11,KNEE,ABDOMEN,109.18513488769533,182625
944,MRI_FRR_264,KNEE,ABDOMEN,130.73410034179688,182625
945,MRI_FRR_257,KNEE,ABDOMEN,136.22430419921875,182625
946,MRI_FRR_264,KNEE,ABDOMEN,130.73410034179688,182625
947,MRI_FRR_34,KNEE,ABDOMEN,79.46842193603516,182625
948,MRI_FRR_257,KNEE,ABDOMEN,136.22430419921875,182625
949,MRI_MSR_34,KNEE,ABDOMEN,14.139681816101074,182625
950,MRI_MPT_1005,KNEE,ABDOMEN,28.56922912597656,182625
951,MRI_MSR_100,KNEE,ABDOMEN,10.554866790771484,182625
952,MRI_MSR_104,KNEE,ABDOMEN,0.0,182625
953,MRI_FRR_257,KNEE,ABDOMEN,136.22430419921875,182625
954,MRI_CCS_11,KNEE,ABDOMEN,109.18513488769533,182625
955,MRI_FRR_264,KNEE,ABDOMEN,130.73410034179688,182625
956,MRI_CCS_11,KNEE,ABDOMEN,109.18513488769533,182625
957,MRI_FRR_264,KNEE,ABDOMEN,130.73410034179688,182625
958,MRI_FRR_257,KNEE,ABDOMEN,136.22430419921875,182625
959,MRI_FRR_264,KNEE,ABDOMEN,130.73410034179688,182625
960,MRI_FRR_34,KNEE,ABDOMEN,79.46842193603516,182625
961,MRI_FRR_257,KNEE,ABDOMEN,136.22430419921875,182625
962,MRI_MSR_34,KNEE,ABDOMEN,14.139681816101074,182625
963,MRI_MPT_1005,KNEE,ABDOMEN,28.56922912597656,182625
964,MRI_MSR_100,KNEE,ABDOMEN,10.554866790771484,182625
965,MRI_MSR_104,KNEE,ABDOMEN,0.0,182625
966,MRI_FRR_257,KNEE,ABDOMEN,136.22430419921875,182625
967,MRI_FRR_264,KNEE,ABDOMEN,130.73410034179688,182625
968,MRI_CCS_11,KNEE,ABDOMEN,109.18513488769533,182625
969,MRI_CCS_11,KNEE,ABDOMEN,109.18513488769533,182625
970,MRI_FRR_264,KNEE,ABDOMEN,130.73410034179688,182625
971,MRI_FRR_257,KNEE,ABDOMEN,136.22430419921875,182625
972,MRI_FRR_264,KNEE,ABDOMEN,130.73410034179688,182625
973,MRI_FRR_264,KNEE,ABDOMEN,130.73410034179688,182625
974,MRI_FRR_34,KNEE,ABDOMEN,79.46842193603516,182625
975,MRI_FRR_264,KNEE,ABDOMEN,130.73410034179688,182625
976,MRI_MSR_34,KNEE,ABDOMEN,14.139681816101074,182625
977,MRI_MPT_1005,KNEE,ABDOMEN,28.56922912597656,182625
978,MRI_MSR_100,KNEE,ABDOMEN,10.554866790771484,182625
979,MRI_MSR_104,KNEE,ABDOMEN,0.0,182625
980,MRI_FRR_257,KNEE,ABDOMEN,136.22430419921875,182625
981,MRI_FRR_264,KNEE,ABDOMEN,130.73410034179688,182625
982,MRI_CCS_11,KNEE,ABDOMEN,109.18513488769533,182625
983,MRI_CCS_11,KNEE,ABDOMEN,109.18513488769533,182625
984,MRI_FRR_264,KNEE,ABDOMEN,130.73410034179688,182625
985,MRI_FRR_34,KNEE,ABDOMEN,79.46842193603516,182625
986,MRI_FRR_257,KNEE,ABDOMEN,136.22430419921875,182625
987,MRI_FRR_264,KNEE,ABDOMEN,130.73410034179688,182625
988,MRI_MSR_34,KNEE,ABDOMEN,14.139681816101074,182625
989,MRI_MSR_100,KNEE,ABDOMEN,10.554866790771484,182625
990,MRI_MSR_104,KNEE,HEAD,0.0,182625
991,MRI_MSR_21,KNEE,HEAD,12.81301212310791,182625
992,MRI_FRR_257,KNEE,HEAD,147.78607177734375,182625
993,MRI_FRR_264,KNEE,HEAD,141.37940979003906,182625
994,MRI_FRR_3,KNEE,HEAD,128.91651916503906,182625
995,MRI_CCS_11,KNEE,HEAD,120.63253784179688,182625
996,MRI_CCS_11,KNEE,HEAD,120.63253784179688,182625
997,MRI_FRR_264,KNEE,HEAD,141.37940979003906,182625
998,MRI_FRR_264,KNEE,HEAD,141.37940979003906,182625
999,MRI_FRR_3,KNEE,HEAD,128.91651916503906,182625
1000,MRI_FRR_264,KNEE,HEAD,141.37940979003906,182625
1001,MRI_FRR_3,KNEE,HEAD,128.91651916503906,182625
1002,MRI_FRR_34,KNEE,HEAD,90.46965789794922,182625
1003,MRI_MSR_100,KNEE,HEAD,11.278130531311035,182625
1004,MRI_MSR_104,KNEE,HEAD,0.0,182625
1005,MRI_MSR_21,KNEE,HEAD,12.81301212310791,182625
1006,MRI_FRR_257,KNEE,HEAD,147.7860565185547,182625
1007,MRI_FRR_264,KNEE,HEAD,141.37940979003906,182625
1008,MRI_FRR_3,KNEE,HEAD,128.91651916503906,182625
1009,MRI_FRR_3,KNEE,HEAD,128.91651916503906,182625
1010,MRI_FRR_264,KNEE,HEAD,141.37940979003906,182625
1011,MRI_FRR_3,KNEE,HEAD,128.91651916503906,182625
1012,MRI_FRR_264,KNEE,HEAD,141.37940979003906,182625
1013,MRI_FRR_264,KNEE,HEAD,141.37940979003906,182625
1014,MRI_CCS_11,KNEE,HEAD,120.63253784179688,182625
1015,MRI_CCS_11,KNEE,HEAD,120.63253784179688,182625
1016,MRI_FRR_264,KNEE,HEAD,141.37940979003906,182625
1017,MRI_FRR_3,KNEE,HEAD,128.91651916503906,182625
1018,MRI_FRR_34,KNEE,HEAD,90.46965789794922,182625
1019,MRI_MSR_104,KNEE,KNEE,0.0,182625
1020,MRI_FRR_257,KNEE,KNEE,157.71994018554688,182625
1021,MRI_FRR_264,KNEE,KNEE,150.0194549560547,182625
1022,MRI_CCS_11,KNEE,KNEE,127.55640411376952,182625
1023,MRI_MSR_34,KNEE,KNEE,16.05169677734375,182625
1024,MRI_MPT_1005,KNEE,KNEE,40.60465621948242,182625
1025,MRI_FRR_257,KNEE,KNEE,157.71994018554688,182625
1026,MRI_FRR_264,KNEE,KNEE,150.0194549560547,182625
1027,MRI_FRR_264,KNEE,KNEE,150.0194549560547,182625
1028,MRI_CCS_11,KNEE,KNEE,127.55640411376952,182625
1029,MRI_FRR_257,KNEE,KNEE,157.71994018554688,182625
1030,MRI_FRR_264,KNEE,KNEE,150.0194549560547,182625
1031,MRI_MSR_100,KNEE,KNEE,12.881074905395508,182625
1032,MRI_MSR_104,KNEE,KNEE,0.0,182625
1033,MRI_FRR_257,KNEE,KNEE,157.71994018554688,182625
1034,MRI_CCS_11,KNEE,KNEE,127.55640411376952,182625
1035,MRI_FRR_264,KNEE,KNEE,150.0194549560547,182625
1036,MRI_FRR_264,KNEE,KNEE,150.0194549560547,182625
1037,MRI_FRR_264,KNEE,KNEE,150.0194549560547,182625
1038,MRI_CCS_11,KNEE,KNEE,127.55640411376952,182625
1039,MRI_CCS_11,KNEE,KNEE,127.55640411376952,182625
1040,MRI_CCS_11,KNEE,KNEE,127.55640411376952,182625
1041,MRI_FRR_257,KNEE,KNEE,157.71994018554688,182625
1042,MRI_CCS_11,KNEE,KNEE,127.55640411376952,182625
1043,MRI_CCS_11,KNEE,KNEE,127.55640411376952,182625
1044,MRI_CCS_11,KNEE,KNEE,127.55640411376952,182625
1045,MRI_CCS_11,KNEE,KNEE,127.55640411376952,182625
1046,MRI_CCS_11,KNEE,KNEE,127.55640411376952,182625
1047,MRI_CCS_11,KNEE,KNEE,127.55640411376952,182625
1048,MRI_FRR_264,KNEE,KNEE,150.0194549560547,182625
1049,MRI_MSR_34,KNEE,KNEE,16.05169677734375,182625
1050,MRI_FRR_264,KNEE,KNEE,150.0194549560547,182625
1051,MRI_MSR_34,KNEE,KNEE,16.05169677734375,182625
1052,MRI_MSR_100,KNEE,KNEE,12.881074905395508,182625
1053,MRI_MSR_104,KNEE,KNEE,0.0,182625
1054,MRI_FRR_257,KNEE,KNEE,157.71994018554688,182625
1055,MRI_FRR_264,KNEE,KNEE,150.01947021484375,182625
1056,MRI_CCS_11,KNEE,KNEE,127.55641174316406,182625
1057,MRI_CCS_11,KNEE,KNEE,127.55640411376952,182625
1058,MRI_FRR_264,KNEE,KNEE,150.0194549560547,182625
1059,MRI_FRR_34,KNEE,KNEE,108.06404113769533,182625
1060,MRI_FRR_257,KNEE,KNEE,157.71994018554688,182625
1061,MRI_FRR_264,KNEE,KNEE,150.0194549560547,182625
1062,MRI_MSR_34,KNEE,KNEE,16.05169677734375,182625
1063,MRI_MSR_100,KNEE,KNEE,12.881074905395508,182625
1064,MRI_MSR_104,KNEE,KNEE,0.0,182625
1065,MRI_FRR_257,KNEE,KNEE,157.71994018554688,182625
1066,MRI_FRR_264,KNEE,KNEE,150.0194549560547,182625
1067,MRI_CCS_11,KNEE,KNEE,127.55640411376952,182625
1068,MRI_CCS_11,KNEE,KNEE,127.55640411376952,182625
1069,MRI_FRR_264,KNEE,KNEE,150.0194549560547,182625
1070,MRI_FRR_34,KNEE,KNEE,108.06404113769533,182625
1071,MRI_FRR_257,KNEE,KNEE,157.71994018554688,182625
1072,MRI_FRR_264,KNEE,KNEE,150.0194549560547,182625
1073,MRI_MSR_34,KNEE,KNEE,16.05169677734375,182625
1074,MRI_EXU_95,KNEE,KNEE,155.469970703125,182625
1075,MRI_MSR_100,KNEE,KNEE,12.881074905395508,182625
1076,MRI_MSR_104,KNEE,KNEE,0.0,182625
1077,MRI_FRR_257,KNEE,KNEE,157.71994018554688,182625
1078,MRI_CCS_11,KNEE,KNEE,127.55640411376952,182625
1079,MRI_FRR_264,KNEE,KNEE,150.0194549560547,182625
1080,MRI_CCS_11,KNEE,KNEE,127.55640411376952,182625
1081,MRI_FRR_264,KNEE,KNEE,150.0194549560547,182625
1082,MRI_FRR_257,KNEE,KNEE,157.71994018554688,182625
1083,MRI_FRR_264,KNEE,KNEE,150.0194549560547,182625
1084,MRI_FRR_257,KNEE,KNEE,157.71994018554688,182625
1085,MRI_FRR_264,KNEE,KNEE,150.0194549560547,182625
1086,MRI_FRR_264,KNEE,KNEE,150.0194549560547,182625
1087,MRI_FRR_34,KNEE,KNEE,108.06404113769533,182625
1088,MRI_FRR_264,KNEE,KNEE,150.01947021484375,182625
1089,MRI_FRR_34,KNEE,KNEE,108.06404113769533,182625
1090,MRI_FRR_257,KNEE,KNEE,157.71994018554688,182625
1091,MRI_MSR_34,KNEE,KNEE,16.05169677734375,182625
1092,MRI_MPT_1005,KNEE,KNEE,40.60465621948242,182625
1093,MRI_EXU_95,KNEE,KNEE,155.469970703125,182625
1094,MRI_MSR_100,KNEE,KNEE,12.881074905395508,182625
1095,MRI_MSR_104,KNEE,KNEE,0.0,182625
1096,MRI_FRR_257,KNEE,KNEE,157.71994018554688,182625
1097,MRI_FRR_264,KNEE,KNEE,150.0194549560547,182625
1098,MRI_CCS_11,KNEE,KNEE,127.55640411376952,182625
1099,MRI_CCS_11,KNEE,KNEE,127.55640411376952,182625
1100,MRI_FRR_264,KNEE,KNEE,150.0194549560547,182625
1101,MRI_FRR_34,KNEE,KNEE,108.06404113769533,182625
1102,MRI_FRR_257,KNEE,KNEE,157.71994018554688,182625
1103,MRI_FRR_264,KNEE,KNEE,150.0194549560547,182625
1104,MRI_MSR_34,KNEE,KNEE,16.05169677734375,182625
1105,MRI_MSR_100,KNEE,KNEE,12.881074905395508,182625
1106,MRI_MSR_104,KNEE,KNEE,0.0,182625
1107,MRI_FRR_257,KNEE,KNEE,157.71994018554688,182625
1108,MRI_FRR_264,KNEE,KNEE,150.0194549560547,182625
1109,MRI_CCS_11,KNEE,KNEE,127.55640411376952,182625
1110,MRI_CCS_11,KNEE,KNEE,127.55640411376952,182625
1111,MRI_FRR_264,KNEE,KNEE,150.0194549560547,182625
1112,MRI_FRR_257,KNEE,KNEE,157.71994018554688,182625
1113,MRI_FRR_264,KNEE,KNEE,150.0194549560547,182625
1114,MRI_FRR_34,KNEE,KNEE,108.06404113769533,182625
1115,MRI_FRR_257,KNEE,KNEE,157.71994018554688,182625
1116,MRI_MSR_34,KNEE,KNEE,16.05169677734375,182625
1117,MRI_MPT_1005,KNEE,KNEE,40.60465621948242,182625
1118,MRI_MSR_100,KNEE,KNEE,12.881074905395508,182625
1119,MRI_MSR_104,KNEE,KNEE,0.0,182625
1120,MRI_FRR_257,KNEE,KNEE,157.71994018554688,182625
1121,MRI_CCS_11,KNEE,KNEE,127.55640411376952,182625
1122,MRI_FRR_264,KNEE,KNEE,150.0194549560547,182625
1123,MRI_CCS_11,KNEE,KNEE,127.55640411376952,182625
1124,MRI_FRR_264,KNEE,KNEE,150.0194549560547,182625
1125,MRI_FRR_257,KNEE,KNEE,157.71994018554688,182625
1126,MRI_FRR_264,KNEE,KNEE,150.0194549560547,182625
1127,MRI_FRR_34,KNEE,KNEE,108.06404113769533,182625
1128,MRI_FRR_257,KNEE,KNEE,157.71994018554688,182625
1129,MRI_MSR_34,KNEE,KNEE,16.05169677734375,182625
1130,MRI_MPT_1005,KNEE,KNEE,40.60465621948242,182625
1131,MRI_MSR_100,KNEE,KNEE,12.881074905395508,182625
1132,MRI_MSR_104,KNEE,KNEE,0.0,182625
1133,MRI_FRR_257,KNEE,KNEE,157.71994018554688,182625
1134,MRI_FRR_264,KNEE,KNEE,150.0194549560547,182625
1135,MRI_CCS_11,KNEE,KNEE,127.55640411376952,182625
1136,MRI_CCS_11,KNEE,KNEE,127.55640411376952,182625
1137,MRI_FRR_264,KNEE,KNEE,150.0194549560547,182625
1138,MRI_FRR_257,KNEE,KNEE,157.71994018554688,182625
1139,MRI_FRR_264,KNEE,KNEE,150.0194549560547,182625
1140,MRI_FRR_264,KNEE,KNEE,150.0194549560547,182625
1141,MRI_FRR_34,KNEE,KNEE,108.06404113769533,182625
1142,MRI_FRR_264,KNEE,KNEE,150.0194549560547,182625
1143,MRI_MSR_34,KNEE,KNEE,16.05169677734375,182625
1144,MRI_MPT_1005,KNEE,KNEE,40.60465621948242,182625
1145,MRI_MSR_100,KNEE,KNEE,12.881074905395508,182625
1146,MRI_MSR_104,KNEE,KNEE,0.0,182625
1147,MRI_FRR_257,KNEE,KNEE,157.71994018554688,182625
1148,MRI_FRR_264,KNEE,KNEE,150.0194549560547,182625
1149,MRI_CCS_11,KNEE,KNEE,127.55640411376952,182625
1150,MRI_CCS_11,KNEE,KNEE,127.55640411376952,182625
1151,MRI_FRR_264,KNEE,KNEE,150.01947021484375,182625
1152,MRI_FRR_34,KNEE,KNEE,108.06404113769533,182625
1153,MRI_FRR_257,KNEE,KNEE,157.71994018554688,182625
1154,MRI_FRR_264,KNEE,KNEE,150.0194549560547,182625
1155,MRI_MSR_34,KNEE,KNEE,16.05169677734375,182625
1156,MRI_MSR_100,KNEE,KNEE,12.881074905395508,182625
