orderID,Predicted_sourceID,BodyGroup_from_decoded,BodyGroup_to_decoded,Predicted_timediff,Cumulative_timediff,SN
0,MRI_MSR_104,ABDOMEN,ABDOMEN,56.554317,0.0,182625
1,MRI_MSR_21,ABDOMEN,ABDOMEN,60.98031,60.98030853271485,182625
2,MRI_FRR_257,ABDOMEN,ABDOMEN,64.74098,125.7212905883789,182625
3,MRI_FRR_264,ABDOMEN,ABDOMEN,69.77965,195.50093841552732,182625
4,MRI_FRR_3,ABDOMEN,ABDOMEN,75.589005,271.0899429321289,182625
5,MRI_CCS_11,ABDOMEN,ABDOMEN,72.086716,343.1766586303711,182625
6,MRI_FRR_3,ABDOMEN,ABDOMEN,87.07307,430.2497253417969,182625
7,MRI_FRR_3,ABDOMEN,ABDOMEN,93.2807,523.5304260253906,182625
8,MRI_CCS_11,ABDOMEN,ABDOMEN,81.49821,605.0286331176758,182625
9,MRI_CCS_11,ABDOMEN,ABDOMEN,84.72189,689.7505264282227,182625
10,MRI_CCS_11,ABDOMEN,ABDOMEN,88.11615,777.8666763305664,182625
11,MRI_FRR_3,ABDOMEN,ABDOMEN,114.57168,892.4383544921875,182625
12,MRI_FRR_3,ABDOMEN,ABDOMEN,119.15435,1011.5927047729492,182625
13,MRI_FRR_3,ABDOMEN,ABDOMEN,123.61125,1135.203956604004,182625
14,MRI_FRR_3,ABDOMEN,ABDOMEN,127.98697,1263.1909255981443,182625
15,MRI_FRR_3,ABDOMEN,ABDOMEN,132.31537,1395.5062942504885,182625
16,MRI_FRR_34,ABDOMEN,ABDOMEN,137.66208,1533.1683731079102,182625
17,MRI_MSR_100,ABDOMEN,ABDOMEN,143.9866,1677.1549758911133,182625
18,MRI_MSR_104,ABDOMEN,ABDOMEN,149.25887,0.0,182625
19,MRI_MSR_21,ABDOMEN,ABDOMEN,154.50742,154.50741577148438,182625
20,MRI_FRR_257,ABDOMEN,ABDOMEN,153.38773,307.8951416015625,182625
21,MRI_FRR_264,ABDOMEN,ABDOMEN,158.25574,466.15087890625,182625
22,MRI_FRR_3,ABDOMEN,ABDOMEN,163.11691,629.2677917480469,182625
23,MRI_CCS_11,ABDOMEN,ABDOMEN,161.26108,790.5288696289062,182625
24,MRI_FRR_3,ABDOMEN,ABDOMEN,172.23843,962.7673034667968,182625
25,MRI_CCS_11,ABDOMEN,ABDOMEN,170.27325,1133.040557861328,182625
26,MRI_CCS_11,ABDOMEN,ABDOMEN,174.49066,1307.531219482422,182625
27,MRI_CCS_11,ABDOMEN,ABDOMEN,178.58438,1486.1156005859375,182625
28,MRI_CCS_11,ABDOMEN,ABDOMEN,182.59274,1668.7083435058594,182625
29,MRI_MSR_100,ABDOMEN,ABDOMEN,196.12747,1864.8358154296875,182625
30,MRI_MSR_104,ABDOMEN,ABDOMEN,201.19131,0.0,182625
31,MRI_MSR_21,ABDOMEN,ABDOMEN,206.39203,206.39202880859372,182625
32,MRI_FRR_257,ABDOMEN,ABDOMEN,208.1789,414.5709228515625,182625
33,MRI_FRR_264,ABDOMEN,ABDOMEN,213.40775,627.9786682128906,182625
34,MRI_FRR_3,ABDOMEN,ABDOMEN,218.34811,846.3267822265625,182625
35,MRI_CCS_11,ABDOMEN,ABDOMEN,210.20374,1056.530517578125,182625
36,MRI_FRR_3,ABDOMEN,ABDOMEN,227.58163,1284.1121520996094,182625
37,MRI_FRR_3,ABDOMEN,ABDOMEN,232.19559,1516.3077392578125,182625
38,MRI_FRR_3,ABDOMEN,ABDOMEN,236.80682,1753.1145629882812,182625
39,MRI_FRR_3,ABDOMEN,ABDOMEN,241.41437,1994.5289306640625,182625
40,MRI_CCS_11,ABDOMEN,ABDOMEN,230.63458,2225.1635131835938,182625
41,MRI_CCS_11,ABDOMEN,ABDOMEN,234.79831,2459.9618225097656,182625
42,MRI_CCS_11,ABDOMEN,ABDOMEN,238.98132,2698.943145751953,182625
43,MRI_CCS_11,ABDOMEN,ABDOMEN,243.18109,2942.124237060547,182625
44,MRI_FRR_3,ABDOMEN,ABDOMEN,264.3503,3206.474548339844,182625
45,MRI_FRR_3,ABDOMEN,ABDOMEN,268.90347,3475.3780212402344,182625
46,MRI_FRR_3,ABDOMEN,ABDOMEN,273.43887,3748.81689453125,182625
47,MRI_FRR_3,ABDOMEN,ABDOMEN,277.95264,4026.76953125,182625
48,MRI_FRR_3,ABDOMEN,ABDOMEN,282.44034,4309.209869384766,182625
49,MRI_FRR_264,ABDOMEN,ABDOMEN,283.42487,4592.634735107422,182625
50,MRI_FRR_3,ABDOMEN,ABDOMEN,291.31577,4883.950500488281,182625
51,MRI_FRR_34,ABDOMEN,ABDOMEN,297.11966,5181.070159912109,182625
52,MRI_MSR_104,ABDOMEN,ABDOMEN,302.84952,0.0,182625
53,MRI_MSR_21,ABDOMEN,ABDOMEN,307.76688,307.7668762207031,182625
54,MRI_FRR_257,ABDOMEN,ABDOMEN,294.27448,602.0413513183594,182625
55,MRI_FRR_264,ABDOMEN,ABDOMEN,305.41214,907.4534912109376,182625
56,MRI_FRR_3,ABDOMEN,ABDOMEN,316.63235,1224.0858459472656,182625
57,MRI_CCS_11,ABDOMEN,ABDOMEN,302.82916,1526.915008544922,182625
58,MRI_FRR_3,ABDOMEN,ABDOMEN,324.42932,1851.3443298339844,182625
59,MRI_CCS_11,ABDOMEN,ABDOMEN,311.4067,2162.751037597656,182625
60,MRI_FRR_3,ABDOMEN,ABDOMEN,331.8391,2494.590148925781,182625
61,MRI_FRR_3,ABDOMEN,ABDOMEN,335.40436,2829.994506835937,182625
62,MRI_FRR_3,ABDOMEN,ABDOMEN,338.88757,3168.882080078125,182625
63,MRI_FRR_3,ABDOMEN,ABDOMEN,342.3022,3511.1842651367188,182625
64,MRI_FRR_3,ABDOMEN,ABDOMEN,345.66483,3856.849090576172,182625
65,MRI_FRR_3,ABDOMEN,ABDOMEN,348.99475,4205.843841552734,182625
66,MRI_CCS_11,ABDOMEN,ABDOMEN,341.46582,4547.309661865234,182625
67,MRI_FRR_3,ABDOMEN,ABDOMEN,355.63757,4902.947235107422,182625
68,MRI_FRR_3,ABDOMEN,ABDOMEN,358.98932,5261.936553955078,182625
69,MRI_FRR_3,ABDOMEN,ABDOMEN,362.38287,5624.319427490234,182625
70,MRI_FRR_34,ABDOMEN,ABDOMEN,376.33392,6000.653350830078,182625
71,MRI_MSR_100,ABDOMEN,ABDOMEN,390.24506,6390.898406982422,182625
72,MRI_MSR_104,ABDOMEN,ABDOMEN,395.61353,0.0,182625
73,MRI_MSR_21,ABDOMEN,ABDOMEN,400.6383,400.6383056640625,182625
74,MRI_FRR_257,ABDOMEN,ABDOMEN,376.43985,777.0781555175781,182625
75,MRI_FRR_264,ABDOMEN,ABDOMEN,381.39084,1158.468994140625,182625
76,MRI_FRR_3,ABDOMEN,ABDOMEN,387.92902,1546.3980102539062,182625
77,MRI_CCS_11,ABDOMEN,ABDOMEN,388.76877,1935.166778564453,182625
78,MRI_FRR_3,ABDOMEN,ABDOMEN,395.79926,2330.966033935547,182625
79,MRI_FRR_3,ABDOMEN,ABDOMEN,399.8082,2730.7742309570312,182625
80,MRI_FRR_3,ABDOMEN,ABDOMEN,403.85904,3134.633270263672,182625
81,MRI_CCS_11,ABDOMEN,ABDOMEN,405.98117,3540.6144409179688,182625
82,MRI_CCS_11,ABDOMEN,ABDOMEN,410.28488,3950.8993225097656,182625
83,MRI_CCS_11,ABDOMEN,ABDOMEN,414.5887,4365.488037109375,182625
84,MRI_CCS_11,ABDOMEN,ABDOMEN,418.89294,4784.3809814453125,182625
85,MRI_CCS_11,ABDOMEN,ABDOMEN,423.19724,5207.578216552734,182625
86,MRI_MSR_100,ABDOMEN,ABDOMEN,452.15384,5659.732055664063,182625
87,MRI_FRR_3,ABDOMEN,ABDOMEN,433.0127,6092.7447509765625,182625
88,MRI_MSR_104,ABDOMEN,ABDOMEN,467.29333,0.0,182625
89,MRI_MSR_21,ABDOMEN,ABDOMEN,474.34387,474.3438720703125,182625
90,MRI_FRR_257,ABDOMEN,ABDOMEN,445.19327,919.537139892578,182625
91,MRI_FRR_264,ABDOMEN,ABDOMEN,449.68665,1369.2237854003906,182625
92,MRI_FRR_3,ABDOMEN,ABDOMEN,454.29303,1823.5168151855469,182625
93,MRI_CCS_11,ABDOMEN,ABDOMEN,457.6372,2281.154022216797,182625
94,MRI_CCS_11,ABDOMEN,ABDOMEN,461.9427,2743.096710205078,182625
95,MRI_FRR_3,ABDOMEN,ABDOMEN,467.1383,3210.2350158691406,182625
96,MRI_FRR_3,ABDOMEN,ABDOMEN,471.42758,3681.66259765625,182625
97,MRI_CCS_11,ABDOMEN,ABDOMEN,474.85986,4156.5224609375,182625
98,MRI_CCS_11,ABDOMEN,ABDOMEN,479.16577,4635.688232421875,182625
99,MRI_CCS_11,ABDOMEN,ABDOMEN,483.47168,5119.159912109375,182625
100,MRI_CCS_11,ABDOMEN,ABDOMEN,487.7777,5606.9376220703125,182625
101,MRI_MSR_100,ABDOMEN,ABDOMEN,498.8397,6105.777313232422,182625
102,MRI_MSR_104,ABDOMEN,ABDOMEN,514.4601,0.0,182625
103,MRI_MSR_21,ABDOMEN,ABDOMEN,532.0224,532.0223999023438,182625
104,MRI_FRR_257,ABDOMEN,ABDOMEN,505.47467,1037.4970703125,182625
105,MRI_FRR_264,ABDOMEN,ABDOMEN,509.94196,1547.4390258789062,182625
106,MRI_FRR_3,ABDOMEN,ABDOMEN,514.41907,2061.8580932617188,182625
107,MRI_CCS_11,ABDOMEN,ABDOMEN,517.9212,2579.779296875,182625
108,MRI_CCS_11,ABDOMEN,ABDOMEN,522.22754,3102.0068359375,182625
109,MRI_FRR_3,ABDOMEN,ABDOMEN,527.33307,3629.339904785156,182625
110,MRI_FRR_3,ABDOMEN,ABDOMEN,531.63824,4160.978149414063,182625
111,MRI_FRR_3,ABDOMEN,ABDOMEN,535.9438,4696.921936035156,182625
112,MRI_FRR_3,ABDOMEN,ABDOMEN,540.2495,5237.171447753906,182625
113,MRI_CCS_11,ABDOMEN,ABDOMEN,543.7601,5780.931518554688,182625
114,MRI_CCS_11,ABDOMEN,ABDOMEN,548.0666,6328.998107910156,182625
115,MRI_CCS_11,ABDOMEN,ABDOMEN,552.3732,6881.371337890625,182625
116,MRI_CCS_11,ABDOMEN,ABDOMEN,556.6799,7438.051208496094,182625
117,MRI_FRR_3,ABDOMEN,ABDOMEN,561.78046,7999.8316650390625,182625
118,MRI_MSR_100,ABDOMEN,ABDOMEN,566.8827,8566.71435546875,182625
119,MRI_MSR_104,ABDOMEN,ABDOMEN,572.4828,0.0,182625
120,MRI_MSR_21,ABDOMEN,ABDOMEN,581.52826,581.5282592773438,182625
121,MRI_FRR_257,ABDOMEN,ABDOMEN,578.6883,1160.216552734375,182625
122,MRI_FRR_264,ABDOMEN,ABDOMEN,583.15393,1743.3704833984375,182625
123,MRI_FRR_3,ABDOMEN,ABDOMEN,587.62006,2330.990539550781,182625
124,MRI_CCS_11,ABDOMEN,ABDOMEN,591.1334,2922.123962402344,182625
125,MRI_CCS_11,ABDOMEN,ABDOMEN,595.4401,3517.5640869140625,182625
126,MRI_FRR_3,ABDOMEN,ABDOMEN,600.54034,4118.104431152344,182625
127,MRI_FRR_3,ABDOMEN,ABDOMEN,604.8471,4722.9515380859375,182625
128,MRI_FRR_3,ABDOMEN,ABDOMEN,609.1538,5332.105346679688,182625
129,MRI_CCS_11,ABDOMEN,ABDOMEN,612.66724,5944.7725830078125,182625
130,MRI_FRR_3,ABDOMEN,ABDOMEN,617.76776,6562.540344238281,182625
131,MRI_FRR_3,ABDOMEN,ABDOMEN,622.0745,7184.614868164063,182625
132,MRI_CCS_11,ABDOMEN,ABDOMEN,625.5878,7810.202697753906,182625
133,MRI_FRR_3,ABDOMEN,ABDOMEN,630.6881,8440.890808105469,182625
134,MRI_FRR_3,ABDOMEN,ABDOMEN,634.99493,9075.8857421875,182625
135,MRI_FRR_3,ABDOMEN,ABDOMEN,639.302,9715.187744140623,182625
136,MRI_FRR_3,ABDOMEN,ABDOMEN,643.6088,10358.79656982422,182625
137,MRI_FRR_3,ABDOMEN,ABDOMEN,647.91565,11006.71221923828,182625
138,MRI_FRR_34,ABDOMEN,ABDOMEN,652.38165,11659.093872070312,182625
139,MRI_MSR_100,ABDOMEN,ABDOMEN,657.01385,12316.10772705078,182625
140,MRI_MSR_104,ABDOMEN,ABDOMEN,661.50836,0.0,182625
141,MRI_MSR_21,ABDOMEN,ABDOMEN,666.1066,666.1066284179688,182625
142,MRI_FRR_264,ABDOMEN,ABDOMEN,669.29114,1335.3977661132812,182625
143,MRI_FRR_3,ABDOMEN,ABDOMEN,673.75696,2009.1547241210935,182625
144,MRI_FRR_3,ABDOMEN,ABDOMEN,678.06384,2687.2185668945312,182625
145,MRI_CCS_11,ABDOMEN,ABDOMEN,681.57666,3368.795227050781,182625
146,MRI_CCS_11,ABDOMEN,ABDOMEN,685.88367,4054.6788940429688,182625
147,MRI_CCS_11,ABDOMEN,ABDOMEN,690.1906,4744.8695068359375,182625
148,MRI_FRR_3,ABDOMEN,ABDOMEN,695.29156,5440.161071777344,182625
149,MRI_FRR_3,ABDOMEN,ABDOMEN,699.59845,6139.759521484375,182625
150,MRI_CCS_11,ABDOMEN,ABDOMEN,703.1111,6842.87060546875,182625
151,MRI_CCS_11,ABDOMEN,ABDOMEN,707.41797,7550.28857421875,182625
152,MRI_FRR_3,ABDOMEN,ABDOMEN,712.51917,8262.807739257812,182625
153,MRI_FRR_3,ABDOMEN,ABDOMEN,716.82605,8979.6337890625,182625
154,MRI_FRR_3,ABDOMEN,ABDOMEN,721.133,9700.766784667969,182625
155,MRI_CCS_11,ABDOMEN,ABDOMEN,724.64557,10425.412353515623,182625
156,MRI_FRR_3,ABDOMEN,ABDOMEN,729.74677,11155.159118652344,182625
157,MRI_FRR_3,ABDOMEN,ABDOMEN,734.05365,11889.212768554688,182625
158,MRI_FRR_264,ABDOMEN,ABDOMEN,738.2016,12627.41436767578,182625
159,MRI_FRR_3,ABDOMEN,ABDOMEN,742.6674,13370.081787109377,182625
160,MRI_FRR_3,ABDOMEN,ABDOMEN,746.97437,14117.05615234375,182625
161,MRI_CCS_11,ABDOMEN,ABDOMEN,750.4869,14867.543029785156,182625
162,MRI_MSR_100,ABDOMEN,ABDOMEN,756.0649,15623.60791015625,182625
163,MRI_MSR_104,ABDOMEN,ABDOMEN,760.5313,0.0,182625
164,MRI_MSR_21,ABDOMEN,ABDOMEN,764.9992,764.9992065429688,182625
165,MRI_FRR_264,ABDOMEN,ABDOMEN,768.3499,1533.34912109375,182625
166,MRI_FRR_257,ABDOMEN,ABDOMEN,772.49786,2305.846984863281,182625
167,MRI_FRR_3,ABDOMEN,ABDOMEN,777.1226,3082.9696044921875,182625
168,MRI_FRR_3,ABDOMEN,ABDOMEN,781.4296,3864.3992309570312,182625
169,MRI_CCS_11,ABDOMEN,ABDOMEN,784.9422,4649.341430664063,182625
170,MRI_CCS_11,ABDOMEN,ABDOMEN,789.2491,5438.590515136719,182625
171,MRI_FRR_3,ABDOMEN,ABDOMEN,794.35034,6232.940856933594,182625
172,MRI_FRR_3,ABDOMEN,ABDOMEN,798.6572,7031.598083496094,182625
173,MRI_FRR_3,ABDOMEN,ABDOMEN,802.9641,7834.562194824219,182625
174,MRI_FRR_3,ABDOMEN,ABDOMEN,807.27106,8641.833251953125,182625
175,MRI_FRR_264,ABDOMEN,ABDOMEN,811.4191,9453.252380371094,182625
176,MRI_FRR_3,ABDOMEN,ABDOMEN,815.88495,10269.137329101562,182625
177,MRI_FRR_3,ABDOMEN,ABDOMEN,820.19183,11089.329162597656,182625
178,MRI_FRR_3,ABDOMEN,ABDOMEN,824.4987,11913.827880859377,182625
179,MRI_FRR_264,ABDOMEN,ABDOMEN,828.6468,12742.474670410156,182625
180,MRI_FRR_264,ABDOMEN,ABDOMEN,832.9536,13575.428283691406,182625
181,MRI_FRR_3,ABDOMEN,ABDOMEN,837.4195,14412.847778320312,182625
182,MRI_FRR_3,ABDOMEN,ABDOMEN,841.7264,15254.574157714844,182625
183,MRI_FRR_264,ABDOMEN,ABDOMEN,845.8743,16100.448486328123,182625
184,MRI_FRR_3,ABDOMEN,ABDOMEN,850.34015,16950.788635253906,182625
185,MRI_FRR_3,ABDOMEN,ABDOMEN,854.64703,17805.435668945312,182625
186,MRI_FRR_34,ABDOMEN,ABDOMEN,859.11285,18664.54852294922,182625
187,MRI_MSR_104,ABDOMEN,ABDOMEN,863.8965,0.0,182625
188,MRI_MSR_21,ABDOMEN,ABDOMEN,868.3624,868.3624267578125,182625
189,MRI_FRR_257,ABDOMEN,ABDOMEN,871.55695,1739.9193725585938,182625
190,MRI_FRR_264,ABDOMEN,ABDOMEN,876.0227,2615.9420776367188,182625
191,MRI_FRR_3,ABDOMEN,ABDOMEN,880.4886,3496.4306640625,182625
192,MRI_FRR_3,ABDOMEN,ABDOMEN,884.7955,4381.226135253906,182625
193,MRI_FRR_3,ABDOMEN,ABDOMEN,889.1024,5270.328552246094,182625
194,MRI_FRR_3,ABDOMEN,ABDOMEN,893.4091,6163.7376708984375,182625
195,MRI_FRR_3,ABDOMEN,ABDOMEN,897.71625,7061.453918457031,182625
196,MRI_CCS_11,ABDOMEN,ABDOMEN,901.2285,7962.682434082031,182625
197,MRI_FRR_3,ABDOMEN,ABDOMEN,906.33,8869.012451171875,182625
198,MRI_FRR_34,ABDOMEN,ABDOMEN,910.79584,9779.80828857422,182625
199,MRI_MSR_100,ABDOMEN,ABDOMEN,915.4206,10695.228881835938,182625
200,MRI_MSR_104,ABDOMEN,ABDOMEN,919.88635,0.0,182625
201,MRI_MSR_21,ABDOMEN,ABDOMEN,924.3522,924.3521728515624,182625
202,MRI_FRR_257,ABDOMEN,ABDOMEN,927.5468,1851.8989868164065,182625
203,MRI_FRR_264,ABDOMEN,ABDOMEN,932.0126,2783.9115600585938,182625
204,MRI_FRR_3,ABDOMEN,ABDOMEN,936.47833,3720.389892578125,182625
205,MRI_FRR_3,ABDOMEN,ABDOMEN,940.7852,4661.175109863281,182625
206,MRI_CCS_11,ABDOMEN,ABDOMEN,944.29767,5605.4727783203125,182625
207,MRI_FRR_3,ABDOMEN,ABDOMEN,949.399,6554.871765136719,182625
208,MRI_FRR_3,ABDOMEN,ABDOMEN,953.7061,7508.577880859375,182625
209,MRI_FRR_3,ABDOMEN,ABDOMEN,958.01294,8466.5908203125,182625
210,MRI_FRR_3,ABDOMEN,ABDOMEN,962.3199,9428.910705566406,182625
211,MRI_FRR_3,ABDOMEN,ABDOMEN,966.6268,10395.537475585938,182625
212,MRI_FRR_3,ABDOMEN,ABDOMEN,970.9336,11366.471069335938,182625
213,MRI_FRR_3,ABDOMEN,ABDOMEN,975.2404,12341.711486816406,182625
214,MRI_FRR_264,ABDOMEN,ABDOMEN,979.3888,13321.10028076172,182625
215,MRI_FRR_3,ABDOMEN,ABDOMEN,983.85443,14304.954711914062,182625
216,MRI_CCS_11,ABDOMEN,ABDOMEN,987.3669,15292.32159423828,182625
217,MRI_FRR_3,ABDOMEN,ABDOMEN,992.46844,16284.7900390625,182625
218,MRI_FRR_3,ABDOMEN,ABDOMEN,996.77527,17281.565307617188,182625
219,MRI_FRR_3,ABDOMEN,ABDOMEN,1001.0821,18282.647399902344,182625
220,MRI_FRR_3,ABDOMEN,ABDOMEN,1005.3891,19288.03649902344,182625
221,MRI_FRR_264,ABDOMEN,ABDOMEN,1009.537,20297.573486328125,182625
222,MRI_FRR_34,ABDOMEN,ABDOMEN,1014.1617,21311.73516845703,182625
223,,ABDOMEN,ABDOMEN,,,182625
224,MRI_MSR_104,ABDOMEN,ABDOMEN,1023.2523,0.0,182625
225,MRI_MSR_21,ABDOMEN,ABDOMEN,1027.7181,1027.7181396484375,182625
226,MRI_FRR_264,ABDOMEN,ABDOMEN,1031.0715,2058.7896728515625,182625
227,MRI_FRR_257,ABDOMEN,ABDOMEN,1035.2195,3094.009155273437,182625
228,MRI_FRR_3,ABDOMEN,ABDOMEN,1039.8442,4133.853393554688,182625
229,MRI_FRR_3,ABDOMEN,ABDOMEN,1044.1514,5178.004760742188,182625
230,MRI_CCS_11,ABDOMEN,ABDOMEN,1047.6636,6225.6683349609375,182625
231,MRI_CCS_11,ABDOMEN,ABDOMEN,1051.9706,7277.638916015625,182625
232,MRI_CCS_11,ABDOMEN,ABDOMEN,1056.2775,8333.916381835938,182625
233,MRI_CCS_11,ABDOMEN,ABDOMEN,1060.5844,9394.500732421877,182625
234,MRI_FRR_3,ABDOMEN,ABDOMEN,1065.6857,10460.186401367188,182625
235,MRI_FRR_3,ABDOMEN,ABDOMEN,1069.9926,11530.178955078123,182625
236,MRI_FRR_3,ABDOMEN,ABDOMEN,1074.2997,12604.478637695312,182625
237,MRI_FRR_3,ABDOMEN,ABDOMEN,1078.6064,13683.085083007812,182625
238,MRI_MSR_100,ABDOMEN,ABDOMEN,1083.3903,14766.475341796877,182625
239,MRI_MSR_104,ABDOMEN,ABDOMEN,1087.856,0.0,182625
240,MRI_MSR_21,ABDOMEN,ABDOMEN,1092.3218,1092.32177734375,182625
241,MRI_FRR_257,ABDOMEN,ABDOMEN,1095.5165,2187.838256835937,182625
242,MRI_FRR_264,ABDOMEN,ABDOMEN,1099.9823,3287.820556640625,182625
243,MRI_FRR_3,ABDOMEN,ABDOMEN,1104.448,4392.2685546875,182625
244,MRI_CCS_11,ABDOMEN,ABDOMEN,1107.9603,5500.2288818359375,182625
245,MRI_CCS_11,ABDOMEN,ABDOMEN,1112.2673,6612.4962158203125,182625
246,MRI_CCS_11,ABDOMEN,ABDOMEN,1116.5741,7729.0703125,182625
247,MRI_CCS_11,ABDOMEN,ABDOMEN,1120.8811,8849.951416015625,182625
248,MRI_FRR_3,ABDOMEN,ABDOMEN,1125.9825,9975.933959960938,182625
249,MRI_CCS_11,ABDOMEN,ABDOMEN,1129.4949,11105.428833007812,182625
250,MRI_MSR_100,ABDOMEN,ABDOMEN,1135.073,12240.501831054688,182625
251,MRI_MSR_104,ABDOMEN,ABDOMEN,1139.5388,0.0,182625
252,MRI_MSR_21,ABDOMEN,ABDOMEN,1144.0046,1144.004638671875,182625
253,MRI_FRR_264,ABDOMEN,ABDOMEN,1147.3582,2291.36279296875,182625
254,MRI_FRR_257,ABDOMEN,ABDOMEN,1151.506,3442.8687744140625,182625
255,MRI_FRR_3,ABDOMEN,ABDOMEN,1156.131,4598.999755859375,182625
256,MRI_CCS_11,ABDOMEN,ABDOMEN,1159.6433,5758.64306640625,182625
257,MRI_FRR_3,ABDOMEN,ABDOMEN,1164.7448,6923.3878173828125,182625
258,MRI_FRR_3,ABDOMEN,ABDOMEN,1169.0516,8092.439453125,182625
259,MRI_MSR_100,ABDOMEN,ABDOMEN,1173.8353,9266.274780273438,182625
260,MRI_MSR_104,ABDOMEN,ABDOMEN,1178.301,0.0,182625
261,MRI_MSR_21,ABDOMEN,ABDOMEN,1182.7668,1182.766845703125,182625
262,MRI_FRR_257,ABDOMEN,ABDOMEN,1185.9614,2368.728271484375,182625
263,MRI_FRR_264,ABDOMEN,ABDOMEN,1190.4272,3559.155517578125,182625
264,MRI_FRR_3,ABDOMEN,ABDOMEN,1194.8933,4754.048828125,182625
265,MRI_CCS_11,ABDOMEN,ABDOMEN,1198.4055,5952.454345703125,182625
266,MRI_FRR_3,ABDOMEN,ABDOMEN,1203.5071,7155.96142578125,182625
267,MRI_FRR_3,ABDOMEN,ABDOMEN,1207.814,8363.775390625,182625
268,MRI_MSR_100,ABDOMEN,ABDOMEN,1212.5975,9576.372924804688,182625
269,MRI_MSR_104,ABDOMEN,ABDOMEN,1217.0632,0.0,182625
270,MRI_MSR_21,ABDOMEN,ABDOMEN,1221.529,1221.529052734375,182625
271,MRI_FRR_257,ABDOMEN,ABDOMEN,1224.7239,2446.2529296875,182625
272,MRI_FRR_264,ABDOMEN,ABDOMEN,1229.1893,3675.442260742188,182625
273,MRI_FRR_3,ABDOMEN,ABDOMEN,1233.6554,4909.09765625,182625
274,MRI_CCS_11,ABDOMEN,ABDOMEN,1237.1677,6146.265380859375,182625
275,MRI_FRR_3,ABDOMEN,ABDOMEN,1242.269,7388.534423828125,182625
276,MRI_CCS_11,ABDOMEN,ABDOMEN,1245.7814,8634.315795898438,182625
277,MRI_CCS_11,ABDOMEN,ABDOMEN,1250.0885,9884.404296875,182625
278,MRI_FRR_3,ABDOMEN,ABDOMEN,1255.19,11139.59423828125,182625
279,MRI_CCS_11,ABDOMEN,ABDOMEN,1258.7024,12398.296630859377,182625
280,MRI_FRR_3,ABDOMEN,ABDOMEN,1263.8035,13662.10009765625,182625
281,MRI_FRR_3,ABDOMEN,ABDOMEN,1268.1108,14930.2109375,182625
282,MRI_FRR_3,ABDOMEN,ABDOMEN,1272.4177,16202.628662109377,182625
283,MRI_MSR_104,ABDOMEN,ABDOMEN,1277.36,0.0,182625
284,MRI_MSR_21,ABDOMEN,ABDOMEN,1281.8259,1281.825927734375,182625
285,MRI_FRR_257,ABDOMEN,ABDOMEN,1285.0205,2566.846435546875,182625
286,MRI_FRR_264,ABDOMEN,ABDOMEN,1289.4863,3856.332763671875,182625
287,MRI_FRR_3,ABDOMEN,ABDOMEN,1293.952,5150.284790039063,182625
288,MRI_MSR_100,ABDOMEN,ABDOMEN,1298.7357,6449.0205078125,182625
289,MRI_MSR_104,ABDOMEN,ABDOMEN,1303.2014,0.0,182625
290,MRI_MSR_21,ABDOMEN,ABDOMEN,1307.6675,1307.66748046875,182625
291,MRI_FRR_257,ABDOMEN,ABDOMEN,1310.8618,2618.529296875,182625
292,MRI_FRR_264,ABDOMEN,ABDOMEN,1315.3276,3933.85693359375,182625
293,MRI_FRR_3,ABDOMEN,ABDOMEN,1319.7937,5253.650634765625,182625
294,MRI_CCS_11,ABDOMEN,ABDOMEN,1323.306,6576.956665039063,182625
295,MRI_CCS_11,ABDOMEN,ABDOMEN,1327.6128,7904.569458007812,182625
296,MRI_CCS_11,ABDOMEN,ABDOMEN,1331.9198,9236.4892578125,182625
297,MRI_CCS_11,ABDOMEN,ABDOMEN,1336.2264,10572.715698242188,182625
298,MRI_CCS_11,ABDOMEN,ABDOMEN,1340.5337,11913.249389648438,182625
299,MRI_CCS_11,ABDOMEN,ABDOMEN,1344.8405,13258.08984375,182625
300,MRI_CCS_11,ABDOMEN,ABDOMEN,1349.1472,14607.237060546877,182625
301,MRI_CCS_11,ABDOMEN,ABDOMEN,1353.4542,15960.691284179688,182625
302,MRI_CCS_11,ABDOMEN,ABDOMEN,1357.7612,17318.452514648438,182625
303,MRI_FRR_3,ABDOMEN,ABDOMEN,1362.8625,18681.31506347656,182625
304,MRI_CCS_11,ABDOMEN,ABDOMEN,1366.375,20047.69006347656,182625
305,MRI_FRR_3,ABDOMEN,ABDOMEN,1371.4763,21419.166381835938,182625
306,MRI_FRR_3,ABDOMEN,ABDOMEN,1375.7834,22794.94982910156,182625
307,MRI_MSR_100,ABDOMEN,ABDOMEN,1380.5671,24175.51696777344,182625
308,MRI_MSR_104,ABDOMEN,ABDOMEN,1385.0327,0.0,182625
309,MRI_MSR_21,ABDOMEN,ABDOMEN,1389.4988,1389.498779296875,182625
310,MRI_FRR_257,ABDOMEN,ABDOMEN,1392.6934,2782.192138671875,182625
311,MRI_FRR_264,ABDOMEN,ABDOMEN,1397.1589,4179.35107421875,182625
312,MRI_MSR_104,ABDOMEN,ABDOMEN,1402.2603,0.0,182625
313,MRI_MSR_21,ABDOMEN,ABDOMEN,1406.7262,1406.7261962890625,182625
314,MRI_FRR_264,ABDOMEN,ABDOMEN,1410.0797,2816.805908203125,182625
315,MRI_FRR_257,ABDOMEN,ABDOMEN,1414.2278,4231.03369140625,182625
316,MRI_MSR_104,ABDOMEN,ABDOMEN,1419.4879,0.0,182625
317,MRI_MSR_21,ABDOMEN,ABDOMEN,1423.954,1423.9539794921875,182625
318,MRI_FRR_257,ABDOMEN,ABDOMEN,1427.1483,2851.102294921875,182625
319,MRI_FRR_264,ABDOMEN,ABDOMEN,1431.6144,4282.716674804688,182625
320,MRI_MSR_104,ABDOMEN,ABDOMEN,1436.7157,0.0,182625
321,MRI_MSR_21,ABDOMEN,ABDOMEN,1441.1815,1441.1815185546875,182625
322,MRI_FRR_264,ABDOMEN,ABDOMEN,1444.535,2885.716552734375,182625
323,MRI_FRR_257,ABDOMEN,ABDOMEN,1448.6831,4334.399658203125,182625
324,MRI_MSR_104,ABDOMEN,ABDOMEN,1453.9435,0.0,182625
325,MRI_MSR_21,ABDOMEN,ABDOMEN,1458.4094,1458.409423828125,182625
326,MRI_FRR_257,ABDOMEN,ABDOMEN,1461.6038,2920.01318359375,182625
327,MRI_FRR_264,ABDOMEN,ABDOMEN,1466.0696,4386.082763671875,182625
328,MRI_FRR_3,ABDOMEN,ABDOMEN,1470.5356,5856.618408203125,182625
329,MRI_CCS_11,ABDOMEN,ABDOMEN,1474.0479,7330.666259765625,182625
330,MRI_CCS_11,ABDOMEN,ABDOMEN,1478.3547,8809.02099609375,182625
331,MRI_CCS_11,ABDOMEN,ABDOMEN,1482.6616,10291.6826171875,182625
332,MRI_FRR_3,ABDOMEN,ABDOMEN,1487.763,11779.445556640623,182625
333,MRI_FRR_3,ABDOMEN,ABDOMEN,1492.07,13271.515502929688,182625
334,MRI_CCS_11,ABDOMEN,ABDOMEN,1495.5825,14767.098022460938,182625
335,MRI_CCS_11,ABDOMEN,ABDOMEN,1499.889,16266.987060546877,182625
336,MRI_CCS_11,ABDOMEN,ABDOMEN,1504.1963,17771.183349609375,182625
337,MRI_FRR_3,ABDOMEN,ABDOMEN,1509.2979,19280.481201171875,182625
338,MRI_FRR_34,ABDOMEN,ABDOMEN,1513.7635,20794.24475097656,182625
339,MRI_MSR_104,ABDOMEN,ABDOMEN,1518.547,0.0,182625
340,MRI_MSR_21,ABDOMEN,ABDOMEN,1523.0131,1523.0130615234375,182625
341,MRI_FRR_257,ABDOMEN,ABDOMEN,1526.2076,3049.220703125,182625
342,MRI_FRR_264,ABDOMEN,ABDOMEN,1530.6733,4579.89404296875,182625
343,MRI_FRR_3,ABDOMEN,ABDOMEN,1535.1392,6115.033203125,182625
344,MRI_CCS_11,ABDOMEN,ABDOMEN,1538.6517,7653.684936523437,182625
345,MRI_CCS_11,ABDOMEN,ABDOMEN,1542.9586,9196.6435546875,182625
346,MRI_CCS_11,ABDOMEN,ABDOMEN,1547.2655,10743.909057617188,182625
347,MRI_FRR_3,ABDOMEN,ABDOMEN,1552.3671,12296.276123046877,182625
348,MRI_FRR_3,ABDOMEN,ABDOMEN,1556.6736,13852.94970703125,182625
349,MRI_CCS_11,ABDOMEN,ABDOMEN,1560.186,15413.1357421875,182625
350,MRI_FRR_3,ABDOMEN,ABDOMEN,1565.2874,16978.423095703125,182625
351,MRI_FRR_3,ABDOMEN,ABDOMEN,1569.5944,18548.017456054688,182625
352,MRI_FRR_3,ABDOMEN,ABDOMEN,1573.9016,20121.91906738281,182625
353,MRI_FRR_3,ABDOMEN,ABDOMEN,1578.2081,21700.127197265625,182625
354,MRI_CCS_11,ABDOMEN,ABDOMEN,1581.7207,23281.847900390625,182625
355,MRI_CCS_11,ABDOMEN,ABDOMEN,1586.0276,24867.87548828125,182625
356,MRI_FRR_3,ABDOMEN,ABDOMEN,1591.1288,26459.004272460938,182625
357,MRI_FRR_34,ABDOMEN,ABDOMEN,1595.5946,28054.598876953125,182625
358,MRI_MSR_100,ABDOMEN,ABDOMEN,1600.2197,29654.818603515625,182625
359,MRI_MSR_104,ABDOMEN,ABDOMEN,1604.6852,0.0,182625
360,MRI_MSR_21,ABDOMEN,ABDOMEN,1609.151,1609.1510009765625,182625
361,MRI_FRR_257,ABDOMEN,ABDOMEN,1612.3455,3221.496459960937,182625
362,MRI_FRR_264,ABDOMEN,ABDOMEN,1616.8115,4838.3079833984375,182625
363,MRI_FRR_3,ABDOMEN,ABDOMEN,1621.2773,6459.5853271484375,182625
364,MRI_CCS_11,ABDOMEN,ABDOMEN,1624.7896,8084.374877929687,182625
365,MRI_FRR_3,ABDOMEN,ABDOMEN,1629.8911,9714.265991210938,182625
366,MRI_FRR_3,ABDOMEN,ABDOMEN,1634.1982,11348.464233398438,182625
367,MRI_FRR_3,ABDOMEN,ABDOMEN,1638.5051,12986.969360351562,182625
368,MRI_FRR_3,ABDOMEN,ABDOMEN,1642.812,14629.781372070312,182625
369,MRI_CCS_11,ABDOMEN,ABDOMEN,1646.3245,16276.105834960938,182625
370,MRI_CCS_11,ABDOMEN,ABDOMEN,1650.6311,17926.736938476562,182625
371,MRI_CCS_11,ABDOMEN,ABDOMEN,1654.9385,19581.675415039062,182625
372,MRI_FRR_3,ABDOMEN,ABDOMEN,1660.0398,21241.715209960938,182625
373,MRI_FRR_34,ABDOMEN,ABDOMEN,1664.5054,22906.220581054688,182625
374,MRI_MSR_100,ABDOMEN,ABDOMEN,1669.1301,24575.35070800781,182625
375,MRI_MSR_104,ABDOMEN,ABDOMEN,1673.5961,0.0,182625
376,MRI_MSR_21,ABDOMEN,ABDOMEN,1678.062,1678.06201171875,182625
377,MRI_FRR_257,ABDOMEN,ABDOMEN,1681.2562,3359.3182373046875,182625
378,MRI_FRR_264,ABDOMEN,ABDOMEN,1685.7224,5045.040649414063,182625
379,MRI_FRR_3,ABDOMEN,ABDOMEN,1690.1879,6735.228515625,182625
380,MRI_FRR_3,ABDOMEN,ABDOMEN,1694.4946,8429.72314453125,182625
381,MRI_FRR_3,ABDOMEN,ABDOMEN,1698.8019,10128.525024414062,182625
382,MRI_FRR_3,ABDOMEN,ABDOMEN,1703.1089,11831.633911132812,182625
383,MRI_FRR_3,ABDOMEN,ABDOMEN,1707.4154,13539.04931640625,182625
384,MRI_FRR_3,ABDOMEN,ABDOMEN,1711.7227,15250.77197265625,182625
385,MRI_FRR_3,ABDOMEN,ABDOMEN,1716.0295,16966.801513671875,182625
386,MRI_CCS_11,ABDOMEN,ABDOMEN,1719.5417,18686.34326171875,182625
387,MRI_CCS_11,ABDOMEN,ABDOMEN,1723.8489,20410.192138671875,182625
388,MRI_FRR_3,ABDOMEN,ABDOMEN,1728.9502,22139.14233398437,182625
389,MRI_FRR_3,ABDOMEN,ABDOMEN,1733.2571,23872.3994140625,182625
390,MRI_FRR_3,ABDOMEN,ABDOMEN,1737.5642,25609.963623046875,182625
391,MRI_FRR_3,ABDOMEN,ABDOMEN,1741.8707,27351.834350585938,182625
392,MRI_FRR_3,ABDOMEN,ABDOMEN,1746.1779,29098.01220703125,182625
393,MRI_FRR_34,ABDOMEN,ABDOMEN,1750.6438,30848.65600585937,182625
394,MRI_FRR_3,ABDOMEN,ABDOMEN,1754.7917,32603.44775390625,182625
395,MRI_FRR_34,ABDOMEN,ABDOMEN,1759.2573,34362.705078125,182625
396,MRI_MSR_100,ABDOMEN,ABDOMEN,1763.8821,36126.587158203125,182625
397,MRI_MSR_104,ABDOMEN,ABDOMEN,1768.3483,0.0,182625
398,MRI_MSR_21,ABDOMEN,ABDOMEN,1772.8142,1772.814208984375,182625
399,MRI_FRR_264,ABDOMEN,ABDOMEN,1776.1671,3548.9813232421875,182625
400,MRI_FRR_257,ABDOMEN,ABDOMEN,1780.3153,5329.296630859375,182625
401,MRI_FRR_3,ABDOMEN,ABDOMEN,1784.9401,7114.2366943359375,182625
402,MRI_CCS_11,ABDOMEN,ABDOMEN,1788.4528,8902.689453125,182625
403,MRI_FRR_3,ABDOMEN,ABDOMEN,1793.5537,10696.2431640625,182625
404,MRI_CCS_11,ABDOMEN,ABDOMEN,1797.0665,12493.309692382812,182625
405,MRI_CCS_11,ABDOMEN,ABDOMEN,1801.3732,14294.682861328123,182625
406,MRI_CCS_11,ABDOMEN,ABDOMEN,1805.6799,16100.36279296875,182625
407,MRI_CCS_11,ABDOMEN,ABDOMEN,1809.9868,17910.349609375,182625
408,MRI_CCS_11,ABDOMEN,ABDOMEN,1814.2937,19724.643310546875,182625
409,MRI_CCS_11,ABDOMEN,ABDOMEN,1818.6011,21543.244384765625,182625
410,MRI_CCS_11,ABDOMEN,ABDOMEN,1822.908,23366.15234375,182625
411,MRI_CCS_11,ABDOMEN,ABDOMEN,1827.2146,25193.36694335937,182625
412,MRI_FRR_3,ABDOMEN,ABDOMEN,1832.316,27025.68298339844,182625
413,MRI_CCS_11,ABDOMEN,ABDOMEN,1835.8286,28861.511596679688,182625
414,MRI_FRR_3,ABDOMEN,ABDOMEN,1840.9299,30702.441528320312,182625
415,MRI_FRR_34,ABDOMEN,ABDOMEN,1845.3956,32547.837158203125,182625
416,MRI_MSR_100,ABDOMEN,ABDOMEN,1850.0206,34397.85778808594,182625
417,MRI_MSR_104,ABDOMEN,ABDOMEN,1854.4865,0.0,182625
418,MRI_MSR_21,ABDOMEN,ABDOMEN,1858.9519,1858.951904296875,182625
419,MRI_FRR_257,ABDOMEN,ABDOMEN,1862.147,3721.098876953125,182625
420,MRI_FRR_264,ABDOMEN,ABDOMEN,1866.6123,5587.711181640625,182625
421,MRI_FRR_3,ABDOMEN,ABDOMEN,1871.0784,7458.78955078125,182625
422,MRI_CCS_11,ABDOMEN,ABDOMEN,1874.591,9333.380493164062,182625
423,MRI_FRR_3,ABDOMEN,ABDOMEN,1879.6917,11213.072143554688,182625
424,MRI_CCS_11,ABDOMEN,ABDOMEN,1883.2043,13096.276489257812,182625
425,MRI_CCS_11,ABDOMEN,ABDOMEN,1887.5112,14983.787719726562,182625
426,MRI_FRR_3,ABDOMEN,ABDOMEN,1892.6128,16876.400512695312,182625
427,MRI_CCS_11,ABDOMEN,ABDOMEN,1896.1252,18772.525756835938,182625
428,MRI_CCS_11,ABDOMEN,ABDOMEN,1900.4321,20672.957885742188,182625
429,MRI_CCS_11,ABDOMEN,ABDOMEN,1904.7388,22577.69665527344,182625
430,MRI_CCS_11,ABDOMEN,ABDOMEN,1909.0459,24486.742553710938,182625
431,MRI_CCS_11,ABDOMEN,ABDOMEN,1913.3528,26400.095336914062,182625
432,MRI_CCS_11,ABDOMEN,ABDOMEN,1917.6597,28317.75500488281,182625
433,MRI_FRR_3,ABDOMEN,ABDOMEN,1922.7612,30240.51623535156,182625
434,MRI_MSR_104,ABDOMEN,ABDOMEN,1927.7036,0.0,182625
435,MRI_MSR_21,ABDOMEN,ABDOMEN,1932.1696,1932.1695556640625,182625
436,MRI_FRR_257,ABDOMEN,ABDOMEN,1935.3643,3867.5338134765625,182625
437,MRI_FRR_264,ABDOMEN,ABDOMEN,1939.8298,5807.3636474609375,182625
438,MRI_FRR_3,ABDOMEN,ABDOMEN,1944.2954,7751.6590576171875,182625
439,MRI_FRR_3,ABDOMEN,ABDOMEN,1948.6027,9700.26171875,182625
440,MRI_CCS_11,ABDOMEN,ABDOMEN,1952.1151,11652.376831054688,182625
441,MRI_CCS_11,ABDOMEN,ABDOMEN,1956.422,13608.798828125,182625
442,MRI_FRR_3,ABDOMEN,ABDOMEN,1961.5234,15570.322265625,182625
443,MRI_FRR_3,ABDOMEN,ABDOMEN,1965.8302,17536.152465820312,182625
444,MRI_FRR_3,ABDOMEN,ABDOMEN,1970.1376,19506.2900390625,182625
445,MRI_FRR_3,ABDOMEN,ABDOMEN,1974.4441,21480.73413085937,182625
446,MRI_FRR_3,ABDOMEN,ABDOMEN,1978.7512,23459.4853515625,182625
447,MRI_FRR_3,ABDOMEN,ABDOMEN,1983.0576,25442.54296875,182625
448,MRI_FRR_3,ABDOMEN,ABDOMEN,1987.365,27429.90795898437,182625
449,MRI_CCS_11,ABDOMEN,ABDOMEN,1990.8774,29420.785400390625,182625
450,MRI_CCS_11,ABDOMEN,ABDOMEN,1995.184,31415.96936035156,182625
451,MRI_FRR_3,ABDOMEN,ABDOMEN,2000.2856,33416.25500488281,182625
452,MRI_FRR_3,ABDOMEN,ABDOMEN,2004.5924,35420.847412109375,182625
453,MRI_FRR_3,ABDOMEN,ABDOMEN,2008.8993,37429.74670410156,182625
454,MRI_FRR_3,ABDOMEN,ABDOMEN,2013.2063,39442.95300292969,182625
455,MRI_FRR_264,ABDOMEN,ABDOMEN,2017.3545,41460.30749511719,182625
456,MRI_FRR_3,ABDOMEN,ABDOMEN,2021.8202,43482.12768554688,182625
457,,ABDOMEN,ABDOMEN,,,182625
458,MRI_MSR_104,ABDOMEN,ABDOMEN,2031.0696,0.0,182625
459,MRI_MSR_21,ABDOMEN,ABDOMEN,2035.5354,2035.535400390625,182625
460,MRI_FRR_257,ABDOMEN,ABDOMEN,2038.7301,4074.265502929688,182625
461,MRI_FRR_264,ABDOMEN,ABDOMEN,2043.1956,6117.4610595703125,182625
462,MRI_FRR_3,ABDOMEN,ABDOMEN,2047.6617,8165.122802734375,182625
463,MRI_FRR_3,ABDOMEN,ABDOMEN,2051.9685,10217.09130859375,182625
464,MRI_CCS_11,ABDOMEN,ABDOMEN,2055.4812,12272.572509765623,182625
465,MRI_FRR_3,ABDOMEN,ABDOMEN,2060.5823,14333.15478515625,182625
466,MRI_FRR_3,ABDOMEN,ABDOMEN,2064.8892,16398.0439453125,182625
467,MRI_CCS_11,ABDOMEN,ABDOMEN,2068.4016,18466.445556640625,182625
468,MRI_FRR_3,ABDOMEN,ABDOMEN,2073.5032,20539.94873046875,182625
469,MRI_CCS_11,ABDOMEN,ABDOMEN,2077.0154,22616.964111328125,182625
470,MRI_CCS_11,ABDOMEN,ABDOMEN,2081.3223,24698.286376953125,182625
471,MRI_CCS_11,ABDOMEN,ABDOMEN,2085.6292,26783.91552734375,182625
472,MRI_CCS_11,ABDOMEN,ABDOMEN,2089.9363,28873.851806640625,182625
473,MRI_FRR_3,ABDOMEN,ABDOMEN,2095.0378,30968.8896484375,182625
474,MRI_FRR_264,ABDOMEN,ABDOMEN,2099.1858,33068.075439453125,182625
475,MRI_FRR_3,ABDOMEN,ABDOMEN,2103.6516,35171.72705078125,182625
476,MRI_FRR_3,ABDOMEN,ABDOMEN,2107.9583,37279.685302734375,182625
477,MRI_FRR_3,ABDOMEN,ABDOMEN,2112.2654,39391.95068359375,182625
478,MRI_FRR_264,ABDOMEN,ABDOMEN,2116.413,41508.36376953125,182625
479,MRI_FRR_3,ABDOMEN,ABDOMEN,2120.8792,43629.24291992188,182625
480,MRI_FRR_34,ABDOMEN,ABDOMEN,2125.345,45754.587890625,182625
481,,ABDOMEN,ABDOMEN,,,182625
482,MRI_MSR_104,ABDOMEN,ABDOMEN,2134.4353,0.0,182625
483,MRI_MSR_21,ABDOMEN,ABDOMEN,2138.9011,2138.901123046875,182625
484,MRI_FRR_257,ABDOMEN,ABDOMEN,2142.0955,4280.99658203125,182625
485,MRI_FRR_264,ABDOMEN,ABDOMEN,2146.5618,6427.558349609375,182625
486,MRI_FRR_3,ABDOMEN,ABDOMEN,2151.0276,8578.5859375,182625
487,MRI_FRR_3,ABDOMEN,ABDOMEN,2155.3345,10733.92041015625,182625
488,MRI_CCS_11,ABDOMEN,ABDOMEN,2158.847,12892.767333984377,182625
489,MRI_CCS_11,ABDOMEN,ABDOMEN,2163.1538,15055.921142578123,182625
490,MRI_CCS_11,ABDOMEN,ABDOMEN,2167.4607,17223.3818359375,182625
491,MRI_FRR_3,ABDOMEN,ABDOMEN,2172.5623,19395.944091796875,182625
492,MRI_FRR_3,ABDOMEN,ABDOMEN,2176.869,21572.81298828125,182625
493,MRI_CCS_11,ABDOMEN,ABDOMEN,2180.3813,23753.1943359375,182625
494,MRI_CCS_11,ABDOMEN,ABDOMEN,2184.6882,25937.88256835937,182625
495,MRI_CCS_11,ABDOMEN,ABDOMEN,2188.9956,28126.878173828125,182625
496,MRI_CCS_11,ABDOMEN,ABDOMEN,2193.302,30320.18017578125,182625
497,MRI_CCS_11,ABDOMEN,ABDOMEN,2197.6091,32517.789306640625,182625
498,MRI_MSR_100,ABDOMEN,ABDOMEN,2203.187,34720.976318359375,182625
499,MRI_MSR_104,ABDOMEN,ABDOMEN,2207.653,0.0,182625
500,MRI_MSR_21,ABDOMEN,ABDOMEN,2212.1194,2212.119384765625,182625
501,MRI_FRR_257,ABDOMEN,ABDOMEN,2215.3137,4427.43310546875,182625
502,MRI_FRR_264,ABDOMEN,ABDOMEN,2219.7793,6647.21240234375,182625
503,MRI_FRR_3,ABDOMEN,ABDOMEN,2224.2449,8871.457275390625,182625
504,MRI_CCS_11,ABDOMEN,ABDOMEN,2227.7576,11099.21484375,182625
505,MRI_CCS_11,ABDOMEN,ABDOMEN,2232.0645,13331.279296875,182625
506,MRI_FRR_3,ABDOMEN,ABDOMEN,2237.1655,15568.44482421875,182625
507,MRI_FRR_3,ABDOMEN,ABDOMEN,2241.4724,17809.917236328125,182625
508,MRI_FRR_3,ABDOMEN,ABDOMEN,2245.7795,20055.69677734375,182625
509,MRI_FRR_3,ABDOMEN,ABDOMEN,2250.087,22305.78369140625,182625
510,MRI_FRR_3,ABDOMEN,ABDOMEN,2254.3936,24560.17724609375,182625
511,MRI_CCS_11,ABDOMEN,ABDOMEN,2257.9058,26818.0830078125,182625
512,MRI_CCS_11,ABDOMEN,ABDOMEN,2262.213,29080.2958984375,182625
513,MRI_MSR_100,ABDOMEN,ABDOMEN,2267.7913,31348.087158203125,182625
514,MRI_MSR_104,ABDOMEN,ABDOMEN,2272.2568,0.0,182625
515,MRI_MSR_21,ABDOMEN,ABDOMEN,2276.7227,2276.72265625,182625
516,MRI_FRR_264,ABDOMEN,ABDOMEN,2280.076,4556.798583984375,182625
517,MRI_FRR_257,ABDOMEN,ABDOMEN,2284.2246,6841.023193359375,182625
518,MRI_FRR_3,ABDOMEN,ABDOMEN,2288.8489,9129.8720703125,182625
519,MRI_CCS_11,ABDOMEN,ABDOMEN,2292.361,11422.233154296877,182625
520,MRI_CCS_11,ABDOMEN,ABDOMEN,2296.6687,13718.90185546875,182625
521,MRI_CCS_11,ABDOMEN,ABDOMEN,2300.975,16019.876953125,182625
522,MRI_FRR_3,ABDOMEN,ABDOMEN,2306.0764,18325.953369140625,182625
523,MRI_FRR_3,ABDOMEN,ABDOMEN,2310.383,20636.33642578125,182625
524,MRI_CCS_11,ABDOMEN,ABDOMEN,2313.8958,22950.23217773437,182625
525,MRI_CCS_11,ABDOMEN,ABDOMEN,2318.203,25268.43505859375,182625
526,MRI_CCS_11,ABDOMEN,ABDOMEN,2322.5095,27590.944580078125,182625
527,MRI_FRR_3,ABDOMEN,ABDOMEN,2327.611,29918.5556640625,182625
528,MRI_FRR_3,ABDOMEN,ABDOMEN,2331.9177,32250.473388671875,182625
529,MRI_CCS_11,ABDOMEN,ABDOMEN,2335.4302,34585.903564453125,182625
530,MRI_CCS_11,ABDOMEN,ABDOMEN,2339.7375,36925.64111328125,182625
531,MRI_FRR_3,ABDOMEN,ABDOMEN,2344.8384,39270.4794921875,182625
532,MRI_MSR_100,ABDOMEN,ABDOMEN,2349.6223,41620.10180664063,182625
533,MRI_MSR_104,ABDOMEN,ABDOMEN,2354.0876,0.0,182625
534,MRI_MSR_21,ABDOMEN,ABDOMEN,2358.5542,2358.55419921875,182625
535,MRI_FRR_264,ABDOMEN,ABDOMEN,2361.9072,4720.46142578125,182625
536,MRI_FRR_257,ABDOMEN,ABDOMEN,2366.0554,7086.516845703125,182625
537,MRI_FRR_3,ABDOMEN,ABDOMEN,2370.68,9457.19677734375,182625
538,MRI_CCS_11,ABDOMEN,ABDOMEN,2374.1926,11831.389404296877,182625
539,MRI_CCS_11,ABDOMEN,ABDOMEN,2378.4995,14209.888916015623,182625
540,MRI_FRR_3,ABDOMEN,ABDOMEN,2383.6006,16593.489501953125,182625
541,MRI_FRR_3,ABDOMEN,ABDOMEN,2387.9075,18981.39697265625,182625
542,MRI_CCS_11,ABDOMEN,ABDOMEN,2391.42,21372.81689453125,182625
543,MRI_CCS_11,ABDOMEN,ABDOMEN,2395.727,23768.5439453125,182625
544,MRI_CCS_11,ABDOMEN,ABDOMEN,2400.0342,26168.578125,182625
545,MRI_FRR_3,ABDOMEN,ABDOMEN,2405.135,28573.713134765625,182625
546,MRI_FRR_3,ABDOMEN,ABDOMEN,2409.4424,30983.155517578125,182625
547,MRI_MSR_100,ABDOMEN,ABDOMEN,2414.2258,33397.38134765625,182625
548,MRI_MSR_104,ABDOMEN,HEAD,2418.4382,0.0,182625
549,MRI_MSR_21,ABDOMEN,HEAD,2422.904,2422.904052734375,182625
550,MRI_FRR_257,ABDOMEN,HEAD,2426.0986,4849.002685546875,182625
551,MRI_FRR_264,ABDOMEN,HEAD,2430.5642,7279.56689453125,182625
552,MRI_FRR_3,ABDOMEN,HEAD,2435.03,9714.596923828123,182625
553,MRI_FRR_3,ABDOMEN,HEAD,2439.3372,12153.93408203125,182625
554,MRI_CCS_11,ABDOMEN,HEAD,2442.8496,14596.78369140625,182625
555,MRI_CCS_11,ABDOMEN,HEAD,2447.1565,17043.940185546875,182625
556,MRI_FRR_264,ABDOMEN,HEAD,2452.0986,19496.03881835937,182625
557,MRI_FRR_3,ABDOMEN,HEAD,2456.5645,21952.60327148437,182625
558,MRI_FRR_3,ABDOMEN,HEAD,2460.8718,24413.47509765625,182625
559,MRI_FRR_3,ABDOMEN,HEAD,2465.1785,26878.653564453125,182625
560,MRI_FRR_3,ABDOMEN,HEAD,2469.4854,29348.138916015625,182625
561,MRI_CCS_11,ABDOMEN,HEAD,2472.9978,31821.13671875,182625
562,MRI_FRR_3,ABDOMEN,HEAD,2478.0996,34299.236328125,182625
563,MRI_CCS_11,ABDOMEN,HEAD,2481.6116,36780.84790039063,182625
564,MRI_CCS_11,ABDOMEN,HEAD,2485.9185,39266.76635742188,182625
565,MRI_FRR_3,ABDOMEN,HEAD,2491.0198,41757.7861328125,182625
566,MRI_FRR_34,ABDOMEN,HEAD,2495.4856,44253.271728515625,182625
567,MRI_MSR_100,ABDOMEN,HEAD,2500.1106,46753.38232421875,182625
568,MRI_MSR_104,ABDOMEN,HEAD,2504.5764,0.0,182625
569,MRI_MSR_21,ABDOMEN,HEAD,2509.0417,2509.041748046875,182625
570,MRI_FRR_257,ABDOMEN,HEAD,2512.2366,5021.2783203125,182625
571,MRI_FRR_264,ABDOMEN,HEAD,2516.7024,7537.980712890625,182625
572,MRI_CCS_11,ABDOMEN,HEAD,2520.3743,10058.35498046875,182625
573,MRI_CCS_11,ABDOMEN,HEAD,2524.6807,12583.03564453125,182625
574,MRI_CCS_11,ABDOMEN,HEAD,2528.9878,15112.0234375,182625
575,MRI_FRR_264,ABDOMEN,HEAD,2533.93,17645.953369140625,182625
576,MRI_FRR_3,ABDOMEN,HEAD,2538.396,20184.34936523437,182625
577,MRI_FRR_3,ABDOMEN,HEAD,2542.7026,22727.052001953125,182625
578,MRI_FRR_3,ABDOMEN,HEAD,2547.01,25274.06201171875,182625
579,MRI_CCS_11,ABDOMEN,HEAD,2550.5222,27824.584228515625,182625
580,MRI_FRR_264,ABDOMEN,HEAD,2555.465,30380.04931640625,182625
581,MRI_FRR_3,ABDOMEN,HEAD,2559.9304,32939.979736328125,182625
582,MRI_FRR_34,ABDOMEN,HEAD,2564.3962,35504.3759765625,182625
583,MRI_MSR_100,ABDOMEN,HEAD,2569.0208,38073.396728515625,182625
584,MRI_MSR_104,ABDOMEN,KNEE,2573.1067,0.0,182625
585,MRI_MSR_21,ABDOMEN,KNEE,2577.572,2577.572021484375,182625
586,MRI_FRR_257,ABDOMEN,KNEE,2580.7666,5158.338623046875,182625
587,MRI_FRR_264,ABDOMEN,KNEE,2585.2324,7743.571044921875,182625
588,MRI_FRR_3,ABDOMEN,KNEE,2589.698,10333.26904296875,182625
589,MRI_CCS_11,ABDOMEN,KNEE,2593.2104,12926.4794921875,182625
590,MRI_FRR_3,ABDOMEN,KNEE,2598.3123,15524.791748046877,182625
591,MRI_CCS_11,ABDOMEN,KNEE,2601.8242,18126.615966796875,182625
592,MRI_FRR_264,ABDOMEN,KNEE,2606.7673,20733.38330078125,182625
593,MRI_FRR_3,ABDOMEN,KNEE,2611.2324,23344.61572265625,182625
594,MRI_FRR_3,ABDOMEN,KNEE,2615.5398,25960.155517578125,182625
595,MRI_FRR_264,ABDOMEN,KNEE,2619.688,28579.84350585937,182625
596,MRI_FRR_264,ABDOMEN,KNEE,2623.9949,31203.83837890625,182625
597,MRI_FRR_264,ABDOMEN,KNEE,2628.3013,33832.1396484375,182625
598,MRI_FRR_264,ABDOMEN,KNEE,2632.6086,36464.748291015625,182625
599,MRI_MPT_1005,ABDOMEN,KNEE,2637.392,39102.140380859375,182625
600,MRI_FRR_264,ABDOMEN,KNEE,2641.2222,41743.362548828125,182625
601,MRI_FRR_3,ABDOMEN,KNEE,2645.688,44389.050537109375,182625
602,MRI_FRR_34,ABDOMEN,KNEE,2650.154,47039.20458984375,182625
603,MRI_MSR_100,ABDOMEN,KNEE,2654.779,49693.983642578125,182625
604,MRI_MSR_104,ABDOMEN,KNEE,2659.2449,0.0,182625
605,MRI_MSR_21,ABDOMEN,KNEE,2663.7102,2663.710205078125,182625
606,MRI_FRR_257,ABDOMEN,KNEE,2666.905,5330.615234375,182625
607,MRI_FRR_264,ABDOMEN,KNEE,2671.3704,8001.985595703125,182625
608,MRI_FRR_3,ABDOMEN,KNEE,2675.8367,10677.822265625,182625
609,MRI_CCS_11,ABDOMEN,KNEE,2679.3489,13357.171142578123,182625
610,MRI_FRR_3,ABDOMEN,KNEE,2684.4502,16041.621337890623,182625
611,MRI_CCS_11,ABDOMEN,KNEE,2687.9631,18729.58447265625,182625
612,MRI_CCS_11,ABDOMEN,KNEE,2692.2703,21421.854736328125,182625
613,MRI_FRR_264,ABDOMEN,KNEE,2697.2122,24119.06689453125,182625
614,MRI_FRR_3,ABDOMEN,KNEE,2701.6777,26820.74462890625,182625
615,MRI_FRR_264,ABDOMEN,KNEE,2705.826,29526.570556640625,182625
616,MRI_FRR_3,ABDOMEN,KNEE,2710.2917,32236.8623046875,182625
617,MRI_FRR_264,ABDOMEN,KNEE,2714.4397,34951.302001953125,182625
618,MRI_FRR_257,ABDOMEN,KNEE,2718.5876,37669.8896484375,182625
619,MRI_FRR_3,ABDOMEN,KNEE,2723.2126,40393.10229492188,182625
620,MRI_FRR_264,ABDOMEN,KNEE,2727.3608,43120.463134765625,182625
621,MRI_FRR_3,ABDOMEN,KNEE,2731.8264,45852.28955078125,182625
622,MRI_FRR_264,ABDOMEN,KNEE,2735.9746,48588.26416015625,182625
623,MRI_FRR_3,ABDOMEN,KNEE,2740.4402,51328.704345703125,182625
624,MRI_MSR_100,ABDOMEN,KNEE,2745.2239,54073.92822265625,182625
625,MRI_MSR_104,ABDOMEN,KNEE,2749.6902,0.0,182625
626,MRI_MSR_21,ABDOMEN,KNEE,2754.1555,2754.155517578125,182625
627,MRI_FRR_257,ABDOMEN,KNEE,2757.3503,5511.505859375,182625
628,MRI_FRR_264,ABDOMEN,KNEE,2761.8157,8273.321533203125,182625
629,MRI_FRR_3,ABDOMEN,KNEE,2766.2817,11039.603271484377,182625
630,MRI_CCS_11,ABDOMEN,KNEE,2769.7937,13809.39697265625,182625
631,MRI_CCS_11,ABDOMEN,KNEE,2774.1013,16583.498291015625,182625
632,MRI_FRR_3,ABDOMEN,KNEE,2779.2024,19362.70068359375,182625
633,MRI_FRR_3,ABDOMEN,KNEE,2783.5093,22146.2099609375,182625
634,MRI_FRR_3,ABDOMEN,KNEE,2787.8162,24934.026123046875,182625
635,MRI_CCS_11,ABDOMEN,KNEE,2791.3284,27725.3544921875,182625
636,MRI_FRR_3,ABDOMEN,KNEE,2796.43,30521.784423828125,182625
637,MRI_CCS_11,ABDOMEN,KNEE,2799.9424,33321.726806640625,182625
638,MRI_MSR_100,ABDOMEN,KNEE,2805.5208,36127.24755859375,182625
639,MRI_MSR_104,ABDOMEN,KNEE,2809.9863,0.0,182625
640,MRI_MSR_21,ABDOMEN,KNEE,2814.4521,2814.4521484375,182625
641,MRI_FRR_257,ABDOMEN,KNEE,2817.6465,5632.0986328125,182625
642,MRI_FRR_264,ABDOMEN,KNEE,2822.1125,8454.211181640625,182625
643,MRI_FRR_3,ABDOMEN,KNEE,2826.5786,11280.789794921877,182625
644,MRI_MSR_100,ABDOMEN,KNEE,2831.3625,14112.15234375,182625
645,MRI_MSR_104,HEAD,ABDOMEN,2844.9382,0.0,182625
646,MRI_MSR_21,HEAD,ABDOMEN,2849.405,2849.405029296875,182625
647,MRI_FRR_264,HEAD,ABDOMEN,2852.7578,5702.162841796875,182625
648,MRI_FRR_257,HEAD,ABDOMEN,2856.9058,8559.068603515625,182625
649,MRI_FRR_3,HEAD,ABDOMEN,2861.5308,11420.599365234377,182625
650,MRI_FRR_3,HEAD,ABDOMEN,2865.8372,14286.4365234375,182625
651,MRI_CCS_11,HEAD,ABDOMEN,2869.35,17155.78662109375,182625
652,MRI_FRR_3,HEAD,ABDOMEN,2874.4512,20030.23779296875,182625
653,MRI_FRR_3,HEAD,ABDOMEN,2878.7583,22908.99609375,182625
654,MRI_FRR_3,HEAD,ABDOMEN,2883.065,25792.06103515625,182625
655,MRI_CCS_11,HEAD,ABDOMEN,2886.5774,28678.63842773437,182625
656,MRI_FRR_264,HEAD,ABDOMEN,2891.5203,31570.15869140625,182625
657,MRI_FRR_3,HEAD,ABDOMEN,2895.9856,34466.144287109375,182625
658,MRI_FRR_264,HEAD,ABDOMEN,2900.1333,37366.27758789063,182625
659,MRI_FRR_257,HEAD,ABDOMEN,2904.282,40270.5595703125,182625
660,MRI_FRR_3,HEAD,ABDOMEN,2908.9065,43179.466064453125,182625
661,MRI_MSR_104,HEAD,ABDOMEN,2913.8494,0.0,182625
662,MRI_MSR_21,HEAD,ABDOMEN,2918.315,2918.31494140625,182625
663,MRI_FRR_264,HEAD,ABDOMEN,2921.6682,5839.983154296875,182625
664,MRI_FRR_257,HEAD,ABDOMEN,2925.817,8765.800048828125,182625
665,MRI_FRR_3,HEAD,ABDOMEN,2930.4412,11696.2412109375,182625
666,MRI_CCS_11,HEAD,ABDOMEN,2933.9536,14630.19482421875,182625
667,MRI_CCS_11,HEAD,ABDOMEN,2938.26,17568.454833984375,182625
668,MRI_CCS_11,HEAD,ABDOMEN,2942.5671,20511.02197265625,182625
669,MRI_FRR_3,HEAD,ABDOMEN,2947.6687,23458.690673828125,182625
670,MRI_FRR_3,HEAD,ABDOMEN,2951.9758,26410.66650390625,182625
671,MRI_CCS_11,HEAD,ABDOMEN,2955.488,29366.154541015625,182625
672,MRI_CCS_11,HEAD,ABDOMEN,2959.795,32325.949462890625,182625
673,MRI_CCS_11,HEAD,ABDOMEN,2964.1016,35290.051025390625,182625
674,MRI_FRR_3,HEAD,ABDOMEN,2969.2034,38259.25439453125,182625
675,MRI_FRR_264,HEAD,ABDOMEN,2973.3513,41232.60571289063,182625
676,MRI_MPT_1005,HEAD,ABDOMEN,2978.1355,44210.7412109375,182625
677,MRI_FRR_264,HEAD,ABDOMEN,2981.9648,47192.7060546875,182625
678,MRI_FRR_3,HEAD,ABDOMEN,2986.431,50179.13696289063,182625
679,MRI_MSR_100,HEAD,ABDOMEN,2991.2148,53170.35180664063,182625
680,MRI_MSR_104,HEAD,HEAD,2995.427,0.0,182625
681,MRI_MSR_21,HEAD,HEAD,2999.8926,2999.892578125,182625
682,MRI_FRR_257,HEAD,HEAD,3003.0876,6002.980224609375,182625
683,MRI_FRR_264,HEAD,HEAD,3007.5527,9010.532958984377,182625
684,MRI_FRR_3,HEAD,HEAD,3012.0188,12022.5517578125,182625
685,MRI_FRR_3,HEAD,HEAD,3016.3257,15038.87744140625,182625
686,MRI_FRR_3,HEAD,HEAD,3020.6326,18059.510009765625,182625
687,MRI_MSR_100,HEAD,HEAD,3025.4163,21084.92626953125,182625
688,MRI_MSR_104,HEAD,HEAD,3029.882,0.0,182625
689,MRI_MSR_21,HEAD,HEAD,3034.3484,3034.348388671875,182625
690,MRI_FRR_257,HEAD,HEAD,3037.5425,6071.890869140625,182625
691,MRI_FRR_264,HEAD,HEAD,3042.0085,9113.8994140625,182625
692,MRI_FRR_3,HEAD,HEAD,3046.4739,12160.373291015623,182625
693,MRI_FRR_3,HEAD,HEAD,3050.781,15211.154296875,182625
694,MRI_MSR_100,HEAD,HEAD,3055.5647,18266.718994140625,182625
695,MRI_MSR_104,HEAD,HEAD,3060.0305,0.0,182625
696,MRI_MSR_21,HEAD,HEAD,3064.496,3064.49609375,182625
697,MRI_FRR_257,HEAD,HEAD,3067.6912,6132.187255859375,182625
698,MRI_FRR_264,HEAD,HEAD,3072.156,9204.34326171875,182625
699,MRI_FRR_3,HEAD,HEAD,3076.6223,12280.965576171877,182625
700,MRI_FRR_3,HEAD,HEAD,3080.9292,15361.894775390623,182625
701,MRI_FRR_3,HEAD,HEAD,3085.2366,18447.13134765625,182625
702,MRI_FRR_3,HEAD,HEAD,3089.543,21536.67431640625,182625
703,MRI_FRR_3,HEAD,HEAD,3093.8499,24630.524169921875,182625
704,MRI_FRR_3,HEAD,HEAD,3098.1575,27728.681640625,182625
705,MRI_FRR_3,HEAD,HEAD,3102.464,30831.145751953125,182625
706,MRI_FRR_264,HEAD,HEAD,3106.612,33937.7578125,182625
707,MRI_FRR_264,HEAD,HEAD,3110.9187,37048.67651367188,182625
708,MRI_FRR_3,HEAD,HEAD,3115.3843,40164.060791015625,182625
709,MRI_FRR_34,HEAD,HEAD,3119.8503,43283.9111328125,182625
710,MRI_MSR_100,HEAD,HEAD,3124.475,46408.38623046875,182625
711,MRI_MSR_104,HEAD,HEAD,3128.9417,0.0,182625
712,MRI_MSR_21,HEAD,HEAD,3133.407,3133.406982421875,182625
713,MRI_FRR_257,HEAD,HEAD,3136.6018,6270.0087890625,182625
714,MRI_FRR_264,HEAD,HEAD,3141.0679,9411.07666015625,182625
715,MRI_FRR_3,HEAD,HEAD,3145.5334,12556.610107421877,182625
716,MRI_FRR_3,HEAD,HEAD,3149.8398,15706.449951171877,182625
717,MRI_CCS_11,HEAD,HEAD,3153.3528,18859.802734375,182625
718,MRI_FRR_3,HEAD,HEAD,3158.4534,22018.256103515625,182625
719,MRI_FRR_3,HEAD,HEAD,3162.7612,25181.01733398437,182625
720,MRI_FRR_3,HEAD,HEAD,3167.0676,28348.0849609375,182625
721,MRI_CCS_11,HEAD,HEAD,3170.58,31518.6650390625,182625
722,MRI_FRR_3,HEAD,HEAD,3175.681,34694.345947265625,182625
723,MRI_FRR_34,HEAD,HEAD,3180.1472,37874.4931640625,182625
724,MRI_MSR_100,HEAD,HEAD,3184.7722,41059.265380859375,182625
725,MRI_MSR_104,HEAD,HEAD,3189.2375,0.0,182625
726,MRI_MSR_21,HEAD,HEAD,3193.7034,3193.703369140625,182625
727,MRI_FRR_257,HEAD,HEAD,3196.8984,6390.601806640625,182625
728,MRI_FRR_264,HEAD,HEAD,3201.364,9591.9658203125,182625
729,MRI_FRR_3,HEAD,HEAD,3205.83,12797.7958984375,182625
730,MRI_FRR_3,HEAD,HEAD,3210.137,16007.932861328123,182625
731,MRI_FRR_3,HEAD,HEAD,3214.444,19222.376953125,182625
732,MRI_FRR_3,HEAD,HEAD,3218.7507,22441.127685546875,182625
733,MRI_FRR_3,HEAD,HEAD,3223.0574,25664.18505859375,182625
734,MRI_FRR_3,HEAD,HEAD,3227.3645,28891.549560546875,182625
735,MRI_CCS_11,HEAD,HEAD,3230.8767,32122.42626953125,182625
736,MRI_FRR_3,HEAD,HEAD,3235.9783,35358.404541015625,182625
737,MRI_FRR_34,HEAD,HEAD,3240.4436,38598.84814453125,182625
738,MRI_MSR_100,HEAD,HEAD,3245.0686,41843.91674804688,182625
739,MRI_MSR_104,HEAD,HEAD,3249.5344,0.0,182625
740,MRI_MSR_21,HEAD,HEAD,3254.0007,3254.000732421875,182625
741,MRI_FRR_257,HEAD,HEAD,3257.1943,6511.195068359375,182625
742,MRI_FRR_264,HEAD,HEAD,3261.6606,9772.855712890623,182625
743,MRI_FRR_3,HEAD,HEAD,3266.1262,13038.98193359375,182625
744,MRI_MSR_104,HEAD,HEAD,3271.0688,0.0,182625
745,MRI_MSR_21,HEAD,HEAD,3275.5347,3275.53466796875,182625
746,MRI_FRR_264,HEAD,HEAD,3278.8882,6554.4228515625,182625
747,MRI_FRR_257,HEAD,HEAD,3283.0369,9837.459716796877,182625
748,MRI_FRR_3,HEAD,HEAD,3287.6606,13125.120361328123,182625
749,MRI_FRR_3,HEAD,HEAD,3291.9685,16417.0888671875,182625
750,MRI_FRR_3,HEAD,HEAD,3296.2756,19713.364501953125,182625
751,MRI_FRR_3,HEAD,HEAD,3300.5823,23013.94677734375,182625
752,MRI_FRR_3,HEAD,HEAD,3304.8887,26318.83544921875,182625
753,MRI_CCS_11,HEAD,HEAD,3308.4016,29627.237060546875,182625
754,MRI_FRR_264,HEAD,HEAD,3313.3438,32940.580810546875,182625
755,MRI_FRR_34,HEAD,HEAD,3317.969,36258.5498046875,182625
756,MRI_MSR_100,HEAD,HEAD,3322.593,39581.142822265625,182625
757,MRI_MSR_104,HEAD,HEAD,3327.0596,0.0,182625
758,MRI_MSR_21,HEAD,HEAD,3331.5242,3331.524169921875,182625
759,MRI_FRR_264,HEAD,HEAD,3334.8787,6666.40283203125,182625
760,MRI_FRR_257,HEAD,HEAD,3339.0266,10005.429443359377,182625
761,MRI_FRR_3,HEAD,HEAD,3343.6516,13349.0810546875,182625
762,MRI_FRR_3,HEAD,HEAD,3347.958,16697.0390625,182625
763,MRI_FRR_3,HEAD,HEAD,3352.2642,20049.30322265625,182625
764,MRI_FRR_3,HEAD,HEAD,3356.5715,23405.87475585937,182625
765,MRI_FRR_3,HEAD,HEAD,3360.879,26766.75366210937,182625
766,MRI_FRR_3,HEAD,HEAD,3365.1858,30131.939453125,182625
767,MRI_CCS_11,HEAD,HEAD,3368.6973,33500.63671875,182625
768,MRI_FRR_264,HEAD,HEAD,3373.6409,36874.27758789063,182625
769,MRI_FRR_3,HEAD,HEAD,3378.1062,40252.3837890625,182625
770,MRI_FRR_34,HEAD,HEAD,3382.572,43634.95581054688,182625
771,MRI_MSR_100,HEAD,HEAD,3387.1968,47022.15258789063,182625
772,MRI_MSR_104,HEAD,HEAD,3391.6626,0.0,182625
773,MRI_MSR_21,HEAD,HEAD,3396.1287,3396.128662109375,182625
774,MRI_FRR_264,HEAD,HEAD,3399.4814,6795.610107421875,182625
775,MRI_FRR_257,HEAD,HEAD,3403.6301,10199.240234375,182625
776,MRI_FRR_3,HEAD,HEAD,3408.2551,13607.495361328123,182625
777,MRI_FRR_3,HEAD,HEAD,3412.5613,17020.056640625,182625
778,MRI_FRR_3,HEAD,HEAD,3416.8687,20436.92529296875,182625
779,MRI_FRR_3,HEAD,HEAD,3421.175,23858.100341796875,182625
780,MRI_FRR_3,HEAD,HEAD,3425.4824,27283.582763671875,182625
781,MRI_FRR_3,HEAD,HEAD,3429.7888,30713.37158203125,182625
782,MRI_FRR_3,HEAD,HEAD,3434.0962,34147.4677734375,182625
783,MRI_FRR_264,HEAD,HEAD,3438.2444,37585.712158203125,182625
784,MRI_FRR_3,HEAD,HEAD,3442.7102,41028.42236328125,182625
785,MRI_CCS_11,HEAD,HEAD,3446.2224,44474.64477539063,182625
786,MRI_FRR_3,HEAD,HEAD,3451.3237,47925.968505859375,182625
787,MRI_MSR_104,HEAD,HEAD,3456.2664,0.0,182625
788,MRI_MSR_21,HEAD,HEAD,3460.7324,3460.732421875,182625
789,MRI_FRR_257,HEAD,HEAD,3463.927,6924.659423828125,182625
790,MRI_FRR_264,HEAD,HEAD,3468.3923,10393.0517578125,182625
791,MRI_FRR_3,HEAD,HEAD,3472.8584,13865.91015625,182625
792,MRI_FRR_3,HEAD,HEAD,3477.1648,17343.074951171875,182625
793,MRI_FRR_3,HEAD,HEAD,3481.4724,20824.54736328125,182625
794,MRI_FRR_3,HEAD,HEAD,3485.7786,24310.32592773437,182625
795,MRI_FRR_3,HEAD,HEAD,3490.0862,27800.412109375,182625
796,MRI_FRR_3,HEAD,HEAD,3494.3923,31294.80444335937,182625
797,MRI_FRR_3,HEAD,HEAD,3498.6995,34793.50390625,182625
798,MRI_CCS_11,HEAD,HEAD,3502.212,38295.7158203125,182625
799,MRI_FRR_264,HEAD,HEAD,3507.1548,41802.87060546875,182625
800,MRI_FRR_3,HEAD,HEAD,3511.6208,45314.491455078125,182625
801,MRI_FRR_34,HEAD,HEAD,3516.0864,48830.577880859375,182625
802,MRI_MSR_100,HEAD,HEAD,3520.7112,52351.2890625,182625
803,MRI_MSR_104,HEAD,HEAD,3525.1768,0.0,182625
804,MRI_MSR_21,HEAD,HEAD,3529.6428,3529.642822265625,182625
805,MRI_FRR_257,HEAD,HEAD,3532.8367,7062.4794921875,182625
806,MRI_FRR_264,HEAD,HEAD,3537.303,10599.782470703123,182625
807,MRI_FRR_3,HEAD,HEAD,3541.7693,14141.5517578125,182625
808,MRI_FRR_3,HEAD,HEAD,3546.076,17687.627685546875,182625
809,MRI_CCS_11,HEAD,HEAD,3549.5884,21237.216064453125,182625
810,MRI_FRR_3,HEAD,HEAD,3554.6895,24791.905517578125,182625
811,MRI_FRR_3,HEAD,HEAD,3558.9963,28350.90185546875,182625
812,MRI_FRR_3,HEAD,HEAD,3563.303,31914.20483398437,182625
813,MRI_FRR_3,HEAD,HEAD,3567.6108,35481.815673828125,182625
814,MRI_FRR_3,HEAD,HEAD,3571.9175,39053.73315429688,182625
815,MRI_CCS_11,HEAD,HEAD,3575.4297,42629.16284179688,182625
816,MRI_FRR_264,HEAD,HEAD,3580.3718,46209.53466796875,182625
817,MRI_FRR_3,HEAD,HEAD,3584.8381,49794.372802734375,182625
818,MRI_FRR_34,HEAD,HEAD,3589.3037,53383.67651367188,182625
819,MRI_MSR_104,HEAD,KNEE,3593.7073,0.0,182625
820,MRI_MSR_21,HEAD,KNEE,3598.1724,3598.17236328125,182625
821,MRI_FRR_257,HEAD,KNEE,3601.3672,7199.53955078125,182625
822,MRI_FRR_264,HEAD,KNEE,3605.833,10805.37255859375,182625
823,MRI_FRR_3,HEAD,KNEE,3610.299,14415.671630859377,182625
824,MRI_FRR_3,HEAD,KNEE,3614.6057,18030.27734375,182625
825,MRI_CCS_11,HEAD,KNEE,3618.1184,21648.395751953125,182625
826,MRI_CCS_11,HEAD,KNEE,3622.4258,25270.821533203125,182625
827,MRI_FRR_264,HEAD,KNEE,3627.3674,28898.18896484375,182625
828,MRI_FRR_3,HEAD,KNEE,3631.8333,32530.022216796875,182625
829,MRI_CCS_11,HEAD,KNEE,3635.3462,36165.368408203125,182625
830,MRI_FRR_3,HEAD,KNEE,3640.4475,39805.81591796875,182625
831,MRI_CCS_11,HEAD,KNEE,3643.9592,43449.775146484375,182625
832,MRI_FRR_264,HEAD,KNEE,3648.902,47098.67724609375,182625
833,MRI_FRR_3,HEAD,KNEE,3653.3682,50752.04541015625,182625
834,MRI_MSR_100,HEAD,KNEE,3658.152,54410.197509765625,182625
835,MRI_MSR_104,HEAD,KNEE,3662.6174,0.0,182625
836,MRI_MSR_21,HEAD,KNEE,3667.083,3667.0830078125,182625
837,MRI_FRR_264,HEAD,KNEE,3670.4368,7337.519775390625,182625
838,MRI_FRR_257,HEAD,KNEE,3674.5847,11012.1044921875,182625
839,MRI_FRR_3,HEAD,KNEE,3679.2095,14691.31396484375,182625
840,MRI_FRR_3,HEAD,KNEE,3683.5168,18374.830810546875,182625
841,MRI_FRR_3,HEAD,KNEE,3687.823,22062.65380859375,182625
842,MRI_FRR_3,HEAD,KNEE,3692.1306,25754.784423828125,182625
843,MRI_CCS_11,HEAD,KNEE,3695.6428,29450.42724609375,182625
844,MRI_FRR_264,HEAD,KNEE,3700.5852,33151.012451171875,182625
845,MRI_FRR_3,HEAD,KNEE,3705.051,36856.0634765625,182625
846,MRI_FRR_3,HEAD,KNEE,3709.3582,40565.421630859375,182625
847,MRI_FRR_264,HEAD,KNEE,3713.5063,44278.927978515625,182625
848,MRI_FRR_264,HEAD,KNEE,3717.8125,47996.740478515625,182625
849,MRI_FRR_3,HEAD,KNEE,3722.278,51719.0185546875,182625
850,MRI_FRR_34,HEAD,KNEE,3726.7441,55445.7626953125,182625
851,MRI_MSR_104,KNEE,ABDOMEN,3744.8772,0.0,182625
852,MRI_FRR_257,KNEE,ABDOMEN,3748.2307,3748.230712890625,182625
853,MRI_FRR_264,KNEE,ABDOMEN,3752.6963,7500.927001953125,182625
854,MRI_CCS_11,KNEE,ABDOMEN,3756.3677,11257.294677734377,182625
855,MRI_MSR_34,KNEE,ABDOMEN,3762.4224,15019.717041015623,182625
856,MRI_MPT_1005,KNEE,ABDOMEN,3766.094,18785.81103515625,182625
857,MRI_FRR_257,KNEE,ABDOMEN,3769.7651,22555.576171875,182625
858,MRI_FRR_264,KNEE,ABDOMEN,3774.2305,26329.806640625,182625
859,MRI_FRR_264,KNEE,ABDOMEN,3778.5374,30108.343994140625,182625
860,MRI_CCS_11,KNEE,ABDOMEN,3782.2087,33890.552734375,182625
861,MRI_FRR_257,KNEE,ABDOMEN,3786.993,37677.54565429688,182625
862,MRI_FRR_264,KNEE,ABDOMEN,3791.4587,41469.00439453125,182625
863,MRI_MSR_100,KNEE,ABDOMEN,3796.401,45265.4052734375,182625
864,MRI_MSR_104,KNEE,ABDOMEN,3800.8672,0.0,182625
865,MRI_FRR_257,KNEE,ABDOMEN,3804.2205,3804.220458984375,182625
866,MRI_CCS_11,KNEE,ABDOMEN,3808.0505,7612.27099609375,182625
867,MRI_FRR_264,KNEE,ABDOMEN,3812.9927,11425.263671875,182625
868,MRI_FRR_264,KNEE,ABDOMEN,3817.2998,15242.5634765625,182625
869,MRI_FRR_264,KNEE,ABDOMEN,3821.607,19064.17041015625,182625
870,MRI_CCS_11,KNEE,ABDOMEN,3825.2778,22889.4482421875,182625
871,MRI_CCS_11,KNEE,ABDOMEN,3829.5845,26719.03271484375,182625
872,MRI_CCS_11,KNEE,ABDOMEN,3833.8926,30552.92529296875,182625
873,MRI_FRR_257,KNEE,ABDOMEN,3838.6755,34391.600830078125,182625
874,MRI_CCS_11,KNEE,ABDOMEN,3842.5056,38234.1064453125,182625
875,MRI_CCS_11,KNEE,ABDOMEN,3846.8127,42080.919189453125,182625
876,MRI_CCS_11,KNEE,ABDOMEN,3851.1191,45932.038330078125,182625
877,MRI_CCS_11,KNEE,ABDOMEN,3855.4265,49787.46484375,182625
878,MRI_CCS_11,KNEE,ABDOMEN,3859.7341,53647.198974609375,182625
879,MRI_CCS_11,KNEE,ABDOMEN,3864.0403,57511.2392578125,182625
880,MRI_FRR_264,KNEE,ABDOMEN,3868.983,61380.22216796875,182625
881,MRI_MSR_34,KNEE,ABDOMEN,3874.4019,65254.6240234375,182625
882,MRI_FRR_264,KNEE,ABDOMEN,3877.5972,69132.22119140625,182625
883,MRI_MSR_34,KNEE,ABDOMEN,3883.0164,73015.23754882812,182625
884,MRI_MSR_100,KNEE,ABDOMEN,3886.846,76902.08349609375,182625
885,MRI_MSR_104,KNEE,ABDOMEN,3891.3123,0.0,182625
886,MRI_FRR_257,KNEE,ABDOMEN,3894.6653,3894.665283203125,182625
887,MRI_FRR_264,KNEE,ABDOMEN,3899.131,7793.79638671875,182625
888,MRI_CCS_11,KNEE,ABDOMEN,3902.8025,11696.598876953123,182625
889,MRI_CCS_11,KNEE,ABDOMEN,3907.1094,15603.708251953123,182625
890,MRI_FRR_264,KNEE,ABDOMEN,3912.0515,19515.759765625,182625
891,MRI_FRR_34,KNEE,ABDOMEN,3916.6768,23432.4365234375,182625
892,MRI_FRR_257,KNEE,ABDOMEN,3920.5066,27352.94311523437,182625
893,MRI_FRR_264,KNEE,ABDOMEN,3924.9731,31277.916259765625,182625
894,MRI_MSR_34,KNEE,ABDOMEN,3930.3923,35208.30859375,182625
895,MRI_MSR_100,KNEE,ABDOMEN,3934.223,39142.53149414063,182625
896,MRI_MSR_104,KNEE,ABDOMEN,3938.6882,0.0,182625
897,MRI_FRR_257,KNEE,ABDOMEN,3942.0403,3942.040283203125,182625
898,MRI_FRR_264,KNEE,ABDOMEN,3946.5068,7888.547119140625,182625
899,MRI_CCS_11,KNEE,ABDOMEN,3950.1787,11838.725830078123,182625
900,MRI_CCS_11,KNEE,ABDOMEN,3954.4858,15793.211669921877,182625
901,MRI_FRR_264,KNEE,ABDOMEN,3959.428,19752.6396484375,182625
902,MRI_FRR_34,KNEE,ABDOMEN,3964.053,23716.692626953125,182625
903,MRI_FRR_257,KNEE,ABDOMEN,3967.8826,27684.5751953125,182625
904,MRI_FRR_264,KNEE,ABDOMEN,3972.3484,31656.92358398437,182625
905,MRI_MSR_34,KNEE,ABDOMEN,3977.7678,35634.69140625,182625
906,MRI_EXU_95,KNEE,ABDOMEN,3980.486,39615.177490234375,182625
907,MRI_MSR_100,KNEE,ABDOMEN,3985.905,43601.08251953125,182625
908,MRI_MSR_104,KNEE,ABDOMEN,3990.3706,0.0,182625
909,MRI_FRR_257,KNEE,ABDOMEN,3993.7239,3993.723876953125,182625
910,MRI_CCS_11,KNEE,ABDOMEN,3997.5544,7991.2783203125,182625
911,MRI_FRR_264,KNEE,ABDOMEN,4002.497,11993.775390625,182625
912,MRI_CCS_11,KNEE,ABDOMEN,4006.1682,15999.943603515623,182625
913,MRI_FRR_264,KNEE,ABDOMEN,4011.1106,20011.05419921875,182625
914,MRI_FRR_257,KNEE,ABDOMEN,4015.2585,24026.312744140625,182625
915,MRI_FRR_264,KNEE,ABDOMEN,4019.7249,28046.03759765625,182625
916,MRI_FRR_257,KNEE,ABDOMEN,4023.8733,32069.910888671875,182625
917,MRI_FRR_264,KNEE,ABDOMEN,4028.3384,36098.249267578125,182625
918,MRI_FRR_264,KNEE,ABDOMEN,4032.6458,40130.89501953125,182625
919,MRI_FRR_34,KNEE,ABDOMEN,4037.2703,44168.165283203125,182625
920,MRI_FRR_264,KNEE,ABDOMEN,4041.2598,48209.425048828125,182625
921,MRI_FRR_34,KNEE,ABDOMEN,4045.8843,52255.30932617188,182625
922,MRI_FRR_257,KNEE,ABDOMEN,4049.7139,56305.023193359375,182625
923,MRI_MSR_34,KNEE,ABDOMEN,4055.2925,60360.315673828125,182625
924,MRI_MPT_1005,KNEE,ABDOMEN,4058.9636,64419.279296875,182625
925,MRI_EXU_95,KNEE,ABDOMEN,4062.317,68481.59619140625,182625
926,MRI_MSR_100,KNEE,ABDOMEN,4067.736,72549.33227539062,182625
927,MRI_MSR_104,KNEE,ABDOMEN,4072.2026,0.0,182625
928,MRI_FRR_257,KNEE,ABDOMEN,4075.5554,4075.555419921875,182625
929,MRI_FRR_264,KNEE,ABDOMEN,4080.0215,8155.576904296875,182625
930,MRI_CCS_11,KNEE,ABDOMEN,4083.693,12239.27001953125,182625
931,MRI_CCS_11,KNEE,ABDOMEN,4087.9995,16327.26953125,182625
932,MRI_FRR_264,KNEE,ABDOMEN,4092.9426,20420.212158203125,182625
933,MRI_FRR_34,KNEE,ABDOMEN,4097.5664,24517.778564453125,182625
934,MRI_FRR_257,KNEE,ABDOMEN,4101.398,28619.176513671875,182625
935,MRI_FRR_264,KNEE,ABDOMEN,4105.863,32725.039306640625,182625
936,MRI_MSR_34,KNEE,ABDOMEN,4111.2827,36836.322021484375,182625
937,MRI_MSR_100,KNEE,ABDOMEN,4115.1123,40951.43432617188,182625
938,MRI_MSR_104,KNEE,ABDOMEN,4119.5786,0.0,182625
939,MRI_FRR_257,KNEE,ABDOMEN,4122.9326,4122.9326171875,182625
940,MRI_FRR_264,KNEE,ABDOMEN,4127.3975,8250.330078125,182625
941,MRI_CCS_11,KNEE,ABDOMEN,4131.0684,12381.3984375,182625
942,MRI_CCS_11,KNEE,ABDOMEN,4135.376,16516.7744140625,182625
943,MRI_FRR_264,KNEE,ABDOMEN,4140.3184,20657.0927734375,182625
944,MRI_FRR_257,KNEE,ABDOMEN,4144.4673,24801.56005859375,182625
945,MRI_FRR_264,KNEE,ABDOMEN,4148.932,28950.4921875,182625
946,MRI_FRR_34,KNEE,ABDOMEN,4153.5566,33104.048828125,182625
947,MRI_FRR_257,KNEE,ABDOMEN,4157.387,37261.43603515625,182625
948,MRI_MSR_34,KNEE,ABDOMEN,4162.966,41424.40185546875,182625
949,MRI_MPT_1005,KNEE,ABDOMEN,4166.6367,45591.03857421875,182625
950,MRI_MSR_100,KNEE,ABDOMEN,4171.102,49762.140625,182625
951,MRI_MSR_104,KNEE,ABDOMEN,4175.5684,0.0,182625
952,MRI_FRR_257,KNEE,ABDOMEN,4178.922,4178.921875,182625
953,MRI_CCS_11,KNEE,ABDOMEN,4182.752,8361.673828125,182625
954,MRI_FRR_264,KNEE,ABDOMEN,4187.6943,12549.3681640625,182625
955,MRI_CCS_11,KNEE,ABDOMEN,4191.3657,16740.73388671875,182625
956,MRI_FRR_264,KNEE,ABDOMEN,4196.3086,20937.04248046875,182625
957,MRI_FRR_257,KNEE,ABDOMEN,4200.456,25137.49853515625,182625
958,MRI_FRR_264,KNEE,ABDOMEN,4204.922,29342.42041015625,182625
959,MRI_FRR_34,KNEE,ABDOMEN,4209.5464,33551.966796875,182625
960,MRI_FRR_257,KNEE,ABDOMEN,4213.377,37765.34375,182625
961,MRI_MSR_34,KNEE,ABDOMEN,4218.9556,41984.29931640625,182625
962,MRI_MPT_1005,KNEE,ABDOMEN,4222.6265,46206.92578125,182625
963,MRI_MSR_100,KNEE,ABDOMEN,4227.093,50434.0185546875,182625
964,MRI_MSR_104,KNEE,ABDOMEN,4231.5576,0.0,182625
965,MRI_FRR_257,KNEE,ABDOMEN,4234.912,4234.912109375,182625
966,MRI_FRR_264,KNEE,ABDOMEN,4239.3774,8474.28955078125,182625
967,MRI_CCS_11,KNEE,ABDOMEN,4243.049,12717.33837890625,182625
968,MRI_CCS_11,KNEE,ABDOMEN,4247.3555,16964.69384765625,182625
969,MRI_FRR_264,KNEE,ABDOMEN,4252.298,21216.99169921875,182625
970,MRI_FRR_257,KNEE,ABDOMEN,4256.446,25473.4375,182625
971,MRI_FRR_264,KNEE,ABDOMEN,4260.9126,29734.35009765625,182625
972,MRI_FRR_264,KNEE,ABDOMEN,4265.2188,33999.56884765625,182625
973,MRI_FRR_34,KNEE,ABDOMEN,4269.8438,38269.41259765625,182625
974,MRI_FRR_264,KNEE,ABDOMEN,4273.8325,42543.2451171875,182625
975,MRI_MSR_34,KNEE,ABDOMEN,4279.252,46822.4970703125,182625
976,MRI_MPT_1005,KNEE,ABDOMEN,4282.923,51105.419921875,182625
977,MRI_MSR_100,KNEE,ABDOMEN,4287.3887,55392.80859375,182625
978,MRI_MSR_104,KNEE,ABDOMEN,4291.855,0.0,182625
979,MRI_FRR_257,KNEE,ABDOMEN,4295.2095,4295.20947265625,182625
980,MRI_FRR_264,KNEE,ABDOMEN,4299.674,8594.88330078125,182625
981,MRI_CCS_11,KNEE,ABDOMEN,4303.3457,12898.22900390625,182625
982,MRI_CCS_11,KNEE,ABDOMEN,4307.653,17205.8818359375,182625
983,MRI_FRR_264,KNEE,ABDOMEN,4312.595,21518.47705078125,182625
984,MRI_FRR_34,KNEE,ABDOMEN,4317.2197,25835.69677734375,182625
985,MRI_FRR_257,KNEE,ABDOMEN,4321.0493,30156.74609375,182625
986,MRI_FRR_264,KNEE,ABDOMEN,4325.516,34482.26220703125,182625
987,MRI_MSR_34,KNEE,ABDOMEN,4330.935,38813.197265625,182625
988,MRI_MSR_100,KNEE,ABDOMEN,4334.7656,43147.962890625,182625
989,MRI_MSR_104,KNEE,HEAD,4338.9775,0.0,182625
990,MRI_MSR_21,KNEE,HEAD,4343.4434,4343.443359375,182625
991,MRI_FRR_257,KNEE,HEAD,4346.638,8690.08154296875,182625
992,MRI_FRR_264,KNEE,HEAD,4351.1035,13041.18505859375,182625
993,MRI_FRR_3,KNEE,HEAD,4355.569,17396.75390625,182625
994,MRI_CCS_11,KNEE,HEAD,4359.082,21755.8359375,182625
995,MRI_CCS_11,KNEE,HEAD,4363.389,26119.22509765625,182625
996,MRI_FRR_264,KNEE,HEAD,4368.331,30487.55615234375,182625
997,MRI_FRR_264,KNEE,HEAD,4372.6377,34860.19384765625,182625
998,MRI_FRR_3,KNEE,HEAD,4377.1035,39237.29736328125,182625
999,MRI_FRR_264,KNEE,HEAD,4381.2515,43618.548828125,182625
1000,MRI_FRR_3,KNEE,HEAD,4385.717,48004.265625,182625
1001,MRI_FRR_34,KNEE,HEAD,4390.1836,52394.44921875,182625
1002,MRI_MSR_100,KNEE,HEAD,4394.808,56789.25732421875,182625
1003,MRI_MSR_104,KNEE,HEAD,4399.275,0.0,182625
1004,MRI_MSR_21,KNEE,HEAD,4403.74,4403.740234375,182625
1005,MRI_FRR_257,KNEE,HEAD,4406.9355,8810.67578125,182625
1006,MRI_FRR_264,KNEE,HEAD,4411.4,13222.07568359375,182625
1007,MRI_FRR_3,KNEE,HEAD,4415.866,17637.94189453125,182625
1008,MRI_FRR_3,KNEE,HEAD,4420.1724,22058.1142578125,182625
1009,MRI_FRR_264,KNEE,HEAD,4424.3203,26482.4345703125,182625
1010,MRI_FRR_3,KNEE,HEAD,4428.787,30911.2216796875,182625
1011,MRI_FRR_264,KNEE,HEAD,4432.9346,35344.15625,182625
1012,MRI_FRR_264,KNEE,HEAD,4437.2417,39781.39794921875,182625
1013,MRI_CCS_11,KNEE,HEAD,4440.913,44222.31103515625,182625
1014,MRI_CCS_11,KNEE,HEAD,4445.22,48667.53125,182625
1015,MRI_FRR_264,KNEE,HEAD,4450.1626,53117.69384765625,182625
1016,MRI_FRR_3,KNEE,HEAD,4454.628,57572.32177734375,182625
1017,MRI_FRR_34,KNEE,HEAD,4459.0938,62031.41552734375,182625
1018,MRI_MSR_104,KNEE,KNEE,4463.498,0.0,182625
1019,MRI_FRR_257,KNEE,KNEE,4466.8506,4466.8505859375,182625
1020,MRI_FRR_264,KNEE,KNEE,4471.317,8938.16748046875,182625
1021,MRI_CCS_11,KNEE,KNEE,4474.987,13413.154296875,182625
1022,MRI_MSR_34,KNEE,KNEE,4481.0425,17894.19677734375,182625
1023,MRI_MPT_1005,KNEE,KNEE,4484.714,22378.91064453125,182625
1024,MRI_FRR_257,KNEE,KNEE,4488.3857,26867.29638671875,182625
1025,MRI_FRR_264,KNEE,KNEE,4492.851,31360.1474609375,182625
1026,MRI_FRR_264,KNEE,KNEE,4497.158,35857.3056640625,182625
1027,MRI_CCS_11,KNEE,KNEE,4500.8296,40358.13525390625,182625
1028,MRI_FRR_257,KNEE,KNEE,4505.6123,44863.74755859375,182625
1029,MRI_FRR_264,KNEE,KNEE,4510.079,49373.82666015625,182625
1030,MRI_MSR_100,KNEE,KNEE,4515.021,53888.84765625,182625
1031,MRI_MSR_104,KNEE,KNEE,4519.4873,0.0,182625
1032,MRI_FRR_257,KNEE,KNEE,4522.8403,4522.84033203125,182625
1033,MRI_CCS_11,KNEE,KNEE,4526.67,9049.51025390625,182625
1034,MRI_FRR_264,KNEE,KNEE,4531.6133,13581.12353515625,182625
1035,MRI_FRR_264,KNEE,KNEE,4535.92,18117.04345703125,182625
1036,MRI_FRR_264,KNEE,KNEE,4540.227,22657.2705078125,182625
1037,MRI_CCS_11,KNEE,KNEE,4543.8984,27201.1689453125,182625
1038,MRI_CCS_11,KNEE,KNEE,4548.205,31749.3740234375,182625
1039,MRI_CCS_11,KNEE,KNEE,4552.5127,36301.88671875,182625
1040,MRI_FRR_257,KNEE,KNEE,4557.296,40859.1826171875,182625
1041,MRI_CCS_11,KNEE,KNEE,4561.1265,45420.30908203125,182625
1042,MRI_CCS_11,KNEE,KNEE,4565.433,49985.7421875,182625
1043,MRI_CCS_11,KNEE,KNEE,4569.7397,54555.48193359375,182625
1044,MRI_CCS_11,KNEE,KNEE,4574.0464,59129.5283203125,182625
1045,MRI_CCS_11,KNEE,KNEE,4578.3535,63707.8818359375,182625
1046,MRI_CCS_11,KNEE,KNEE,4582.66,68290.5419921875,182625
1047,MRI_FRR_264,KNEE,KNEE,4587.603,72878.14501953125,182625
1048,MRI_MSR_34,KNEE,KNEE,4593.0225,77471.16748046875,182625
1049,MRI_FRR_264,KNEE,KNEE,4596.217,82067.38427734375,182625
1050,MRI_MSR_34,KNEE,KNEE,4601.6357,86669.02001953125,182625
1051,MRI_MSR_100,KNEE,KNEE,4605.467,91274.48681640624,182625
1052,MRI_MSR_104,KNEE,KNEE,4609.9316,0.0,182625
1053,MRI_FRR_257,KNEE,KNEE,4613.286,4613.2861328125,182625
1054,MRI_FRR_264,KNEE,KNEE,4617.752,9231.0380859375,182625
1055,MRI_CCS_11,KNEE,KNEE,4621.423,13852.4609375,182625
1056,MRI_CCS_11,KNEE,KNEE,4625.7295,18478.1904296875,182625
1057,MRI_FRR_264,KNEE,KNEE,4630.672,23108.8623046875,182625
1058,MRI_FRR_34,KNEE,KNEE,4635.297,27744.1591796875,182625
1059,MRI_FRR_257,KNEE,KNEE,4639.127,32383.2861328125,182625
1060,MRI_FRR_264,KNEE,KNEE,4643.593,37026.87890625,182625
1061,MRI_MSR_34,KNEE,KNEE,4649.0127,41675.8916015625,182625
1062,MRI_MSR_100,KNEE,KNEE,4652.843,46328.734375,182625
1063,MRI_MSR_104,KNEE,KNEE,4657.308,0.0,182625
1064,MRI_FRR_257,KNEE,KNEE,4660.6616,4660.66162109375,182625
1065,MRI_FRR_264,KNEE,KNEE,4665.128,9325.78955078125,182625
1066,MRI_CCS_11,KNEE,KNEE,4668.799,13994.58837890625,182625
1067,MRI_CCS_11,KNEE,KNEE,4673.106,18667.6943359375,182625
1068,MRI_FRR_264,KNEE,KNEE,4678.048,23345.7421875,182625
1069,MRI_FRR_34,KNEE,KNEE,4682.673,28028.4150390625,182625
1070,MRI_FRR_257,KNEE,KNEE,4686.5034,32714.91845703125,182625
1071,MRI_FRR_264,KNEE,KNEE,4690.9697,37405.88818359375,182625
1072,MRI_MSR_34,KNEE,KNEE,4696.3887,42102.27685546875,182625
1073,MRI_EXU_95,KNEE,KNEE,4699.1064,46801.38330078125,182625
1074,MRI_MSR_100,KNEE,KNEE,4704.526,51505.9091796875,182625
1075,MRI_MSR_104,KNEE,KNEE,4708.9907,0.0,182625
1076,MRI_FRR_257,KNEE,KNEE,4712.3457,4712.345703125,182625
1077,MRI_CCS_11,KNEE,KNEE,4716.175,9428.5205078125,182625
1078,MRI_FRR_264,KNEE,KNEE,4721.117,14149.6376953125,182625
1079,MRI_CCS_11,KNEE,KNEE,4724.7886,18874.42626953125,182625
1080,MRI_FRR_264,KNEE,KNEE,4729.7314,23604.15771484375,182625
1081,MRI_FRR_257,KNEE,KNEE,4733.88,28338.03759765625,182625
1082,MRI_FRR_264,KNEE,KNEE,4738.345,33076.3828125,182625
1083,MRI_FRR_257,KNEE,KNEE,4742.493,37818.8759765625,182625
1084,MRI_FRR_264,KNEE,KNEE,4746.9595,42565.83544921875,182625
1085,MRI_FRR_264,KNEE,KNEE,4751.266,47317.1015625,182625
1086,MRI_FRR_34,KNEE,KNEE,4755.89,52072.99169921875,182625
1087,MRI_FRR_264,KNEE,KNEE,4759.88,56832.87158203125,182625
1088,MRI_FRR_34,KNEE,KNEE,4764.504,61597.37548828125,182625
1089,MRI_FRR_257,KNEE,KNEE,4768.335,66365.71044921875,182625
1090,MRI_MSR_34,KNEE,KNEE,4773.912,71139.62255859375,182625
1091,MRI_MPT_1005,KNEE,KNEE,4777.585,75917.20751953125,182625
1092,MRI_EXU_95,KNEE,KNEE,4780.9375,80698.14501953125,182625
1093,MRI_MSR_100,KNEE,KNEE,4786.357,85484.501953125,182625
1094,MRI_MSR_104,KNEE,KNEE,4790.8223,0.0,182625
1095,MRI_FRR_257,KNEE,KNEE,4794.1763,4794.17626953125,182625
1096,MRI_FRR_264,KNEE,KNEE,4798.642,9592.818359375,182625
1097,MRI_CCS_11,KNEE,KNEE,4802.313,14395.13134765625,182625
1098,MRI_CCS_11,KNEE,KNEE,4806.62,19201.75146484375,182625
1099,MRI_FRR_264,KNEE,KNEE,4811.5625,24013.31396484375,182625
1100,MRI_FRR_34,KNEE,KNEE,4816.188,28829.501953125,182625
1101,MRI_FRR_257,KNEE,KNEE,4820.0176,33649.51953125,182625
1102,MRI_FRR_264,KNEE,KNEE,4824.4834,38474.0029296875,182625
1103,MRI_MSR_34,KNEE,KNEE,4829.9033,43303.90625,182625
1104,MRI_MSR_100,KNEE,KNEE,4833.733,48137.63916015625,182625
1105,MRI_MSR_104,KNEE,KNEE,4838.1987,0.0,182625
1106,MRI_FRR_257,KNEE,KNEE,4841.5522,4841.55224609375,182625
1107,MRI_FRR_264,KNEE,KNEE,4846.018,9687.5703125,182625
1108,MRI_CCS_11,KNEE,KNEE,4849.6895,14537.259765625,182625
1109,MRI_CCS_11,KNEE,KNEE,4853.9956,19391.25537109375,182625
1110,MRI_FRR_264,KNEE,KNEE,4858.939,24250.1943359375,182625
1111,MRI_FRR_257,KNEE,KNEE,4863.0874,29113.28173828125,182625
1112,MRI_FRR_264,KNEE,KNEE,4867.5537,33980.83544921875,182625
1113,MRI_FRR_34,KNEE,KNEE,4872.177,38853.01220703125,182625
1114,MRI_FRR_257,KNEE,KNEE,4876.007,43729.01904296875,182625
1115,MRI_MSR_34,KNEE,KNEE,4881.5854,48610.6044921875,182625
1116,MRI_MPT_1005,KNEE,KNEE,4885.2573,53495.86181640625,182625
1117,MRI_MSR_100,KNEE,KNEE,4889.7217,58385.58349609375,182625
1118,MRI_MSR_104,KNEE,KNEE,4894.1885,0.0,182625
1119,MRI_FRR_257,KNEE,KNEE,4897.542,4897.5419921875,182625
1120,MRI_CCS_11,KNEE,KNEE,4901.3726,9798.91455078125,182625
1121,MRI_FRR_264,KNEE,KNEE,4906.3145,14705.22900390625,182625
1122,MRI_CCS_11,KNEE,KNEE,4909.986,19615.21484375,182625
1123,MRI_FRR_264,KNEE,KNEE,4914.9287,24530.1435546875,182625
1124,MRI_FRR_257,KNEE,KNEE,4919.077,29449.220703125,182625
1125,MRI_FRR_264,KNEE,KNEE,4923.542,34372.7626953125,182625
1126,MRI_FRR_34,KNEE,KNEE,4928.167,39300.9296875,182625
1127,MRI_FRR_257,KNEE,KNEE,4931.998,44232.927734375,182625
1128,MRI_MSR_34,KNEE,KNEE,4937.5757,49170.50341796875,182625
1129,MRI_MPT_1005,KNEE,KNEE,4941.246,54111.74951171875,182625
1130,MRI_MSR_100,KNEE,KNEE,4945.7124,59057.4619140625,182625
1131,MRI_MSR_104,KNEE,KNEE,4950.178,0.0,182625
1132,MRI_FRR_257,KNEE,KNEE,4953.532,4953.5322265625,182625
1133,MRI_FRR_264,KNEE,KNEE,4957.998,9911.5302734375,182625
1134,MRI_CCS_11,KNEE,KNEE,4961.6685,14873.19873046875,182625
1135,MRI_CCS_11,KNEE,KNEE,4965.976,19839.1748046875,182625
1136,MRI_FRR_264,KNEE,KNEE,4970.918,24810.0927734375,182625
1137,MRI_FRR_257,KNEE,KNEE,4975.0664,29785.1591796875,182625
1138,MRI_FRR_264,KNEE,KNEE,4979.5327,34764.69189453125,182625
1139,MRI_FRR_264,KNEE,KNEE,4983.8394,39748.53125,182625
1140,MRI_FRR_34,KNEE,KNEE,4988.464,44736.9951171875,182625
1141,MRI_FRR_264,KNEE,KNEE,4992.4526,49729.44775390625,182625
1142,MRI_MSR_34,KNEE,KNEE,4997.8726,54727.3203125,182625
1143,MRI_MPT_1005,KNEE,KNEE,5001.543,59728.86328125,182625
1144,MRI_MSR_100,KNEE,KNEE,5006.009,64734.8720703125,182625
1145,MRI_MSR_104,KNEE,KNEE,5010.4746,0.0,182625
1146,MRI_FRR_257,KNEE,KNEE,5013.8286,5013.82861328125,182625
1147,MRI_FRR_264,KNEE,KNEE,5018.295,10032.12353515625,182625
1148,MRI_CCS_11,KNEE,KNEE,5021.966,15054.08935546875,182625
1149,MRI_CCS_11,KNEE,KNEE,5026.2725,20080.36181640625,182625
1150,MRI_FRR_264,KNEE,KNEE,5031.2153,25111.5771484375,182625
1151,MRI_FRR_34,KNEE,KNEE,5035.8403,30147.41748046875,182625
1152,MRI_FRR_257,KNEE,KNEE,5039.671,35187.08837890625,182625
1153,MRI_FRR_264,KNEE,KNEE,5044.136,40231.224609375,182625
1154,MRI_MSR_34,KNEE,KNEE,5049.5547,45280.779296875,182625
1155,MRI_MSR_100,KNEE,KNEE,5053.385,50334.1640625,182625
