orderID,sourceID_encoded,PTAB,BodyGroup_from_encoded,BodyGroup_to_encoded,Predicted_timediff,Cumulative_timediff
0,10.0,0,1,1,56.554317,0.0
1,11.0,0,1,1,60.98031,60.980308532714844
2,4.0,0,1,1,64.74098,125.7212905883789
3,5.0,0,1,1,69.77965,195.50093841552734
4,6.0,0,1,1,75.589005,271.0899429321289
5,1.0,0,1,1,72.086716,343.1766586303711
6,6.0,0,1,1,87.07307,430.2497253417969
7,6.0,0,1,1,93.2807,523.5304260253906
8,1.0,0,1,1,81.49821,605.0286331176758
9,1.0,0,1,1,84.72189,689.7505264282227
10,1.0,0,1,1,88.11615,777.8666763305664
11,6.0,0,1,1,114.57168,892.4383544921875
12,6.0,0,1,1,119.15435,1011.5927047729492
13,6.0,0,1,1,123.61125,1135.203956604004
14,6.0,0,1,1,127.98697,1263.1909255981445
15,6.0,0,1,1,132.31537,1395.5062942504883
16,7.0,0,1,1,137.66208,1533.1683731079102
17,9.0,0,1,1,143.9866,1677.1549758911133
18,10.0,0,1,1,149.25887,0.0
19,11.0,0,1,1,154.50742,154.50741577148438
20,4.0,0,1,1,153.38773,307.8951416015625
21,5.0,0,1,1,158.25574,466.15087890625
22,6.0,0,1,1,163.11691,629.2677917480469
23,1.0,0,1,1,161.26108,790.5288696289062
24,6.0,0,1,1,172.23843,962.7673034667969
25,1.0,0,1,1,170.27325,1133.0405578613281
26,1.0,0,1,1,174.49066,1307.5312194824219
27,1.0,0,1,1,178.58438,1486.1156005859375
28,1.0,0,1,1,182.59274,1668.7083435058594
29,9.0,0,1,1,196.12747,1864.8358154296875
30,10.0,0,1,1,201.19131,0.0
31,11.0,0,1,1,206.39203,206.39202880859375
32,4.0,0,1,1,208.1789,414.5709228515625
33,5.0,0,1,1,213.40775,627.9786682128906
34,6.0,0,1,1,218.34811,846.3267822265625
35,1.0,0,1,1,210.20374,1056.530517578125
36,6.0,0,1,1,227.58163,1284.1121520996094
37,6.0,0,1,1,232.19559,1516.3077392578125
38,6.0,0,1,1,236.80682,1753.1145629882812
39,6.0,0,1,1,241.41437,1994.5289306640625
40,1.0,0,1,1,230.63458,2225.1635131835938
41,1.0,0,1,1,234.79831,2459.9618225097656
42,1.0,0,1,1,238.98132,2698.943145751953
43,1.0,0,1,1,243.18109,2942.124237060547
44,6.0,0,1,1,264.3503,3206.4745483398438
45,6.0,0,1,1,268.90347,3475.3780212402344
46,6.0,0,1,1,273.43887,3748.81689453125
47,6.0,0,1,1,277.95264,4026.76953125
48,6.0,0,1,1,282.44034,4309.209869384766
49,5.0,0,1,1,283.42487,4592.634735107422
50,6.0,0,1,1,291.31577,4883.950500488281
51,7.0,0,1,1,297.11966,5181.070159912109
52,10.0,0,1,1,302.84952,0.0
53,11.0,0,1,1,307.76688,307.7668762207031
54,4.0,0,1,1,294.27448,602.0413513183594
55,5.0,0,1,1,305.41214,907.4534912109375
56,6.0,0,1,1,316.63235,1224.0858459472656
57,1.0,0,1,1,302.82916,1526.9150085449219
58,6.0,0,1,1,324.42932,1851.3443298339844
59,1.0,0,1,1,311.4067,2162.7510375976562
60,6.0,0,1,1,331.8391,2494.5901489257812
61,6.0,0,1,1,335.40436,2829.9945068359375
62,6.0,0,1,1,338.88757,3168.882080078125
63,6.0,0,1,1,342.3022,3511.1842651367188
64,6.0,0,1,1,345.66483,3856.849090576172
65,6.0,0,1,1,348.99475,4205.843841552734
66,1.0,0,1,1,341.46582,4547.309661865234
67,6.0,0,1,1,355.63757,4902.947235107422
68,6.0,0,1,1,358.98932,5261.936553955078
69,6.0,0,1,1,362.38287,5624.319427490234
70,7.0,0,1,1,376.33392,6000.653350830078
71,9.0,0,1,1,390.24506,6390.898406982422
72,10.0,0,1,1,395.61353,0.0
73,11.0,0,1,1,400.6383,400.6383056640625
74,4.0,0,1,1,376.43985,777.0781555175781
75,5.0,0,1,1,381.39084,1158.468994140625
76,6.0,0,1,1,387.92902,1546.3980102539062
77,1.0,0,1,1,388.76877,1935.1667785644531
78,6.0,0,1,1,395.79926,2330.966033935547
79,6.0,0,1,1,399.8082,2730.7742309570312
80,6.0,0,1,1,403.85904,3134.633270263672
81,1.0,0,1,1,405.98117,3540.6144409179688
82,1.0,0,1,1,410.28488,3950.8993225097656
83,1.0,0,1,1,414.5887,4365.488037109375
84,1.0,0,1,1,418.89294,4784.3809814453125
85,1.0,0,1,1,423.19724,5207.578216552734
86,9.0,0,1,1,452.15384,5659.7320556640625
87,6.0,0,1,1,433.0127,6092.7447509765625
88,10.0,0,1,1,467.29333,0.0
89,11.0,0,1,1,474.34387,474.3438720703125
90,4.0,0,1,1,445.19327,919.5371398925781
91,5.0,0,1,1,449.68665,1369.2237854003906
92,6.0,0,1,1,454.29303,1823.5168151855469
93,1.0,0,1,1,457.6372,2281.154022216797
94,1.0,0,1,1,461.9427,2743.096710205078
95,6.0,0,1,1,467.1383,3210.2350158691406
96,6.0,0,1,1,471.42758,3681.66259765625
97,1.0,0,1,1,474.85986,4156.5224609375
98,1.0,0,1,1,479.16577,4635.688232421875
99,1.0,0,1,1,483.47168,5119.159912109375
100,1.0,0,1,1,487.7777,5606.9376220703125
101,9.0,0,1,1,498.8397,6105.777313232422
102,10.0,0,1,1,514.4601,0.0
103,11.0,0,1,1,532.0224,532.0223999023438
104,4.0,0,1,1,505.47467,1037.4970703125
105,5.0,0,1,1,509.94196,1547.4390258789062
106,6.0,0,1,1,514.41907,2061.8580932617188
107,1.0,0,1,1,517.9212,2579.779296875
108,1.0,0,1,1,522.22754,3102.0068359375
109,6.0,0,1,1,527.33307,3629.3399047851562
110,6.0,0,1,1,531.63824,4160.9781494140625
111,6.0,0,1,1,535.9438,4696.921936035156
112,6.0,0,1,1,540.2495,5237.171447753906
113,1.0,0,1,1,543.7601,5780.9315185546875
114,1.0,0,1,1,548.0666,6328.998107910156
115,1.0,0,1,1,552.3732,6881.371337890625
116,1.0,0,1,1,556.6799,7438.051208496094
117,6.0,0,1,1,561.78046,7999.8316650390625
118,9.0,0,1,1,566.8827,8566.71435546875
119,10.0,0,1,1,572.4828,0.0
120,11.0,0,1,1,581.52826,581.5282592773438
121,4.0,0,1,1,578.6883,1160.216552734375
122,5.0,0,1,1,583.15393,1743.3704833984375
123,6.0,0,1,1,587.62006,2330.9905395507812
124,1.0,0,1,1,591.1334,2922.1239624023438
125,1.0,0,1,1,595.4401,3517.5640869140625
126,6.0,0,1,1,600.54034,4118.104431152344
127,6.0,0,1,1,604.8471,4722.9515380859375
128,6.0,0,1,1,609.1538,5332.1053466796875
129,1.0,0,1,1,612.66724,5944.7725830078125
130,6.0,0,1,1,617.76776,6562.540344238281
131,6.0,0,1,1,622.0745,7184.6148681640625
132,1.0,0,1,1,625.5878,7810.202697753906
133,6.0,0,1,1,630.6881,8440.890808105469
134,6.0,0,1,1,634.99493,9075.8857421875
135,6.0,0,1,1,639.302,9715.187744140625
136,6.0,0,1,1,643.6088,10358.796569824219
137,6.0,0,1,1,647.91565,11006.712219238281
138,7.0,0,1,1,652.38165,11659.093872070312
139,9.0,0,1,1,657.01385,12316.107727050781
140,10.0,0,1,1,661.50836,0.0
141,11.0,0,1,1,666.1066,666.1066284179688
142,5.0,0,1,1,669.29114,1335.3977661132812
143,6.0,0,1,1,673.75696,2009.1547241210938
144,6.0,0,1,1,678.06384,2687.2185668945312
145,1.0,0,1,1,681.57666,3368.7952270507812
146,1.0,0,1,1,685.88367,4054.6788940429688
147,1.0,0,1,1,690.1906,4744.8695068359375
148,6.0,0,1,1,695.29156,5440.161071777344
149,6.0,0,1,1,699.59845,6139.759521484375
150,1.0,0,1,1,703.1111,6842.87060546875
151,1.0,0,1,1,707.41797,7550.28857421875
152,6.0,0,1,1,712.51917,8262.807739257812
153,6.0,0,1,1,716.82605,8979.6337890625
154,6.0,0,1,1,721.133,9700.766784667969
155,1.0,0,1,1,724.64557,10425.412353515625
156,6.0,0,1,1,729.74677,11155.159118652344
157,6.0,0,1,1,734.05365,11889.212768554688
158,5.0,0,1,1,738.2016,12627.414367675781
159,6.0,0,1,1,742.6674,13370.081787109375
160,6.0,0,1,1,746.97437,14117.05615234375
161,1.0,0,1,1,750.4869,14867.543029785156
162,9.0,0,1,1,756.0649,15623.60791015625
163,10.0,0,1,1,760.5313,0.0
164,11.0,0,1,1,764.9992,764.9992065429688
165,5.0,0,1,1,768.3499,1533.34912109375
166,4.0,0,1,1,772.49786,2305.8469848632812
167,6.0,0,1,1,777.1226,3082.9696044921875
168,6.0,0,1,1,781.4296,3864.3992309570312
169,1.0,0,1,1,784.9422,4649.3414306640625
170,1.0,0,1,1,789.2491,5438.590515136719
171,6.0,0,1,1,794.35034,6232.940856933594
172,6.0,0,1,1,798.6572,7031.598083496094
173,6.0,0,1,1,802.9641,7834.562194824219
174,6.0,0,1,1,807.27106,8641.833251953125
175,5.0,0,1,1,811.4191,9453.252380371094
176,6.0,0,1,1,815.88495,10269.137329101562
177,6.0,0,1,1,820.19183,11089.329162597656
178,6.0,0,1,1,824.4987,11913.827880859375
179,5.0,0,1,1,828.6468,12742.474670410156
180,5.0,0,1,1,832.9536,13575.428283691406
181,6.0,0,1,1,837.4195,14412.847778320312
182,6.0,0,1,1,841.7264,15254.574157714844
183,5.0,0,1,1,845.8743,16100.448486328125
184,6.0,0,1,1,850.34015,16950.788635253906
185,6.0,0,1,1,854.64703,17805.435668945312
186,7.0,0,1,1,859.11285,18664.54852294922
187,10.0,0,1,1,863.8965,0.0
188,11.0,0,1,1,868.3624,868.3624267578125
189,4.0,0,1,1,871.55695,1739.9193725585938
190,5.0,0,1,1,876.0227,2615.9420776367188
191,6.0,0,1,1,880.4886,3496.4306640625
192,6.0,0,1,1,884.7955,4381.226135253906
193,6.0,0,1,1,889.1024,5270.328552246094
194,6.0,0,1,1,893.4091,6163.7376708984375
195,6.0,0,1,1,897.71625,7061.453918457031
196,1.0,0,1,1,901.2285,7962.682434082031
197,6.0,0,1,1,906.33,8869.012451171875
198,7.0,0,1,1,910.79584,9779.808288574219
199,9.0,0,1,1,915.4206,10695.228881835938
200,10.0,0,1,1,919.88635,0.0
201,11.0,0,1,1,924.3522,924.3521728515625
202,4.0,0,1,1,927.5468,1851.8989868164062
203,5.0,0,1,1,932.0126,2783.9115600585938
204,6.0,0,1,1,936.47833,3720.389892578125
205,6.0,0,1,1,940.7852,4661.175109863281
206,1.0,0,1,1,944.29767,5605.4727783203125
207,6.0,0,1,1,949.399,6554.871765136719
208,6.0,0,1,1,953.7061,7508.577880859375
209,6.0,0,1,1,958.01294,8466.5908203125
210,6.0,0,1,1,962.3199,9428.910705566406
211,6.0,0,1,1,966.6268,10395.537475585938
212,6.0,0,1,1,970.9336,11366.471069335938
213,6.0,0,1,1,975.2404,12341.711486816406
214,5.0,0,1,1,979.3888,13321.100280761719
215,6.0,0,1,1,983.85443,14304.954711914062
216,1.0,0,1,1,987.3669,15292.321594238281
217,6.0,0,1,1,992.46844,16284.7900390625
218,6.0,0,1,1,996.77527,17281.565307617188
219,6.0,0,1,1,1001.0821,18282.647399902344
220,6.0,0,1,1,1005.3891,19288.036499023438
221,5.0,0,1,1,1009.537,20297.573486328125
222,7.0,0,1,1,1014.1617,21311.73516845703
223,,0,1,1,,
224,10.0,0,1,1,1023.2523,0.0
225,11.0,0,1,1,1027.7181,1027.7181396484375
226,5.0,0,1,1,1031.0715,2058.7896728515625
227,4.0,0,1,1,1035.2195,3094.0091552734375
228,6.0,0,1,1,1039.8442,4133.8533935546875
229,6.0,0,1,1,1044.1514,5178.0047607421875
230,1.0,0,1,1,1047.6636,6225.6683349609375
231,1.0,0,1,1,1051.9706,7277.638916015625
232,1.0,0,1,1,1056.2775,8333.916381835938
233,1.0,0,1,1,1060.5844,9394.500732421875
234,6.0,0,1,1,1065.6857,10460.186401367188
235,6.0,0,1,1,1069.9926,11530.178955078125
236,6.0,0,1,1,1074.2997,12604.478637695312
237,6.0,0,1,1,1078.6064,13683.085083007812
238,9.0,0,1,1,1083.3903,14766.475341796875
239,10.0,0,1,1,1087.856,0.0
240,11.0,0,1,1,1092.3218,1092.32177734375
241,4.0,0,1,1,1095.5165,2187.8382568359375
242,5.0,0,1,1,1099.9823,3287.820556640625
243,6.0,0,1,1,1104.448,4392.2685546875
244,1.0,0,1,1,1107.9603,5500.2288818359375
245,1.0,0,1,1,1112.2673,6612.4962158203125
246,1.0,0,1,1,1116.5741,7729.0703125
247,1.0,0,1,1,1120.8811,8849.951416015625
248,6.0,0,1,1,1125.9825,9975.933959960938
249,1.0,0,1,1,1129.4949,11105.428833007812
250,9.0,0,1,1,1135.073,12240.501831054688
251,10.0,0,1,1,1139.5388,0.0
252,11.0,0,1,1,1144.0046,1144.004638671875
253,5.0,0,1,1,1147.3582,2291.36279296875
254,4.0,0,1,1,1151.506,3442.8687744140625
255,6.0,0,1,1,1156.131,4598.999755859375
256,1.0,0,1,1,1159.6433,5758.64306640625
257,6.0,0,1,1,1164.7448,6923.3878173828125
258,6.0,0,1,1,1169.0516,8092.439453125
259,9.0,0,1,1,1173.8353,9266.274780273438
260,10.0,0,1,1,1178.301,0.0
261,11.0,0,1,1,1182.7668,1182.766845703125
262,4.0,0,1,1,1185.9614,2368.728271484375
263,5.0,0,1,1,1190.4272,3559.155517578125
264,6.0,0,1,1,1194.8933,4754.048828125
265,1.0,0,1,1,1198.4055,5952.454345703125
266,6.0,0,1,1,1203.5071,7155.96142578125
267,6.0,0,1,1,1207.814,8363.775390625
268,9.0,0,1,1,1212.5975,9576.372924804688
269,10.0,0,1,1,1217.0632,0.0
270,11.0,0,1,1,1221.529,1221.529052734375
271,4.0,0,1,1,1224.7239,2446.2529296875
272,5.0,0,1,1,1229.1893,3675.4422607421875
273,6.0,0,1,1,1233.6554,4909.09765625
274,1.0,0,1,1,1237.1677,6146.265380859375
275,6.0,0,1,1,1242.269,7388.534423828125
276,1.0,0,1,1,1245.7814,8634.315795898438
277,1.0,0,1,1,1250.0885,9884.404296875
278,6.0,0,1,1,1255.19,11139.59423828125
279,1.0,0,1,1,1258.7024,12398.296630859375
280,6.0,0,1,1,1263.8035,13662.10009765625
281,6.0,0,1,1,1268.1108,14930.2109375
282,6.0,0,1,1,1272.4177,16202.628662109375
283,10.0,0,1,1,1277.36,0.0
284,11.0,0,1,1,1281.8259,1281.825927734375
285,4.0,0,1,1,1285.0205,2566.846435546875
286,5.0,0,1,1,1289.4863,3856.332763671875
287,6.0,0,1,1,1293.952,5150.2847900390625
288,9.0,0,1,1,1298.7357,6449.0205078125
289,10.0,0,1,1,1303.2014,0.0
290,11.0,0,1,1,1307.6675,1307.66748046875
291,4.0,0,1,1,1310.8618,2618.529296875
292,5.0,0,1,1,1315.3276,3933.85693359375
293,6.0,0,1,1,1319.7937,5253.650634765625
294,1.0,0,1,1,1323.306,6576.9566650390625
295,1.0,0,1,1,1327.6128,7904.5694580078125
296,1.0,0,1,1,1331.9198,9236.4892578125
297,1.0,0,1,1,1336.2264,10572.715698242188
298,1.0,0,1,1,1340.5337,11913.249389648438
299,1.0,0,1,1,1344.8405,13258.08984375
300,1.0,0,1,1,1349.1472,14607.237060546875
301,1.0,0,1,1,1353.4542,15960.691284179688
302,1.0,0,1,1,1357.7612,17318.452514648438
303,6.0,0,1,1,1362.8625,18681.315063476562
304,1.0,0,1,1,1366.375,20047.690063476562
305,6.0,0,1,1,1371.4763,21419.166381835938
306,6.0,0,1,1,1375.7834,22794.949829101562
307,9.0,0,1,1,1380.5671,24175.516967773438
308,10.0,0,1,1,1385.0327,0.0
309,11.0,0,1,1,1389.4988,1389.498779296875
310,4.0,0,1,1,1392.6934,2782.192138671875
311,5.0,0,1,1,1397.1589,4179.35107421875
312,10.0,0,1,1,1402.2603,0.0
313,11.0,0,1,1,1406.7262,1406.7261962890625
314,5.0,0,1,1,1410.0797,2816.805908203125
315,4.0,0,1,1,1414.2278,4231.03369140625
316,10.0,0,1,1,1419.4879,0.0
317,11.0,0,1,1,1423.954,1423.9539794921875
318,4.0,0,1,1,1427.1483,2851.102294921875
319,5.0,0,1,1,1431.6144,4282.7166748046875
320,10.0,0,1,1,1436.7157,0.0
321,11.0,0,1,1,1441.1815,1441.1815185546875
322,5.0,0,1,1,1444.535,2885.716552734375
323,4.0,0,1,1,1448.6831,4334.399658203125
324,10.0,0,1,1,1453.9435,0.0
325,11.0,0,1,1,1458.4094,1458.409423828125
326,4.0,0,1,1,1461.6038,2920.01318359375
327,5.0,0,1,1,1466.0696,4386.082763671875
328,6.0,0,1,1,1470.5356,5856.618408203125
329,1.0,0,1,1,1474.0479,7330.666259765625
330,1.0,0,1,1,1478.3547,8809.02099609375
331,1.0,0,1,1,1482.6616,10291.6826171875
332,6.0,0,1,1,1487.763,11779.445556640625
333,6.0,0,1,1,1492.07,13271.515502929688
334,1.0,0,1,1,1495.5825,14767.098022460938
335,1.0,0,1,1,1499.889,16266.987060546875
336,1.0,0,1,1,1504.1963,17771.183349609375
337,6.0,0,1,1,1509.2979,19280.481201171875
338,7.0,0,1,1,1513.7635,20794.244750976562
339,10.0,0,1,1,1518.547,0.0
340,11.0,0,1,1,1523.0131,1523.0130615234375
341,4.0,0,1,1,1526.2076,3049.220703125
342,5.0,0,1,1,1530.6733,4579.89404296875
343,6.0,0,1,1,1535.1392,6115.033203125
344,1.0,0,1,1,1538.6517,7653.6849365234375
345,1.0,0,1,1,1542.9586,9196.6435546875
346,1.0,0,1,1,1547.2655,10743.909057617188
347,6.0,0,1,1,1552.3671,12296.276123046875
348,6.0,0,1,1,1556.6736,13852.94970703125
349,1.0,0,1,1,1560.186,15413.1357421875
350,6.0,0,1,1,1565.2874,16978.423095703125
351,6.0,0,1,1,1569.5944,18548.017456054688
352,6.0,0,1,1,1573.9016,20121.919067382812
353,6.0,0,1,1,1578.2081,21700.127197265625
354,1.0,0,1,1,1581.7207,23281.847900390625
355,1.0,0,1,1,1586.0276,24867.87548828125
356,6.0,0,1,1,1591.1288,26459.004272460938
357,7.0,0,1,1,1595.5946,28054.598876953125
358,9.0,0,1,1,1600.2197,29654.818603515625
359,10.0,0,1,1,1604.6852,0.0
360,11.0,0,1,1,1609.151,1609.1510009765625
361,4.0,0,1,1,1612.3455,3221.4964599609375
362,5.0,0,1,1,1616.8115,4838.3079833984375
363,6.0,0,1,1,1621.2773,6459.5853271484375
364,1.0,0,1,1,1624.7896,8084.3748779296875
365,6.0,0,1,1,1629.8911,9714.265991210938
366,6.0,0,1,1,1634.1982,11348.464233398438
367,6.0,0,1,1,1638.5051,12986.969360351562
368,6.0,0,1,1,1642.812,14629.781372070312
369,1.0,0,1,1,1646.3245,16276.105834960938
370,1.0,0,1,1,1650.6311,17926.736938476562
371,1.0,0,1,1,1654.9385,19581.675415039062
372,6.0,0,1,1,1660.0398,21241.715209960938
373,7.0,0,1,1,1664.5054,22906.220581054688
374,9.0,0,1,1,1669.1301,24575.350708007812
375,10.0,0,1,1,1673.5961,0.0
376,11.0,0,1,1,1678.062,1678.06201171875
377,4.0,0,1,1,1681.2562,3359.3182373046875
378,5.0,0,1,1,1685.7224,5045.0406494140625
379,6.0,0,1,1,1690.1879,6735.228515625
380,6.0,0,1,1,1694.4946,8429.72314453125
381,6.0,0,1,1,1698.8019,10128.525024414062
382,6.0,0,1,1,1703.1089,11831.633911132812
383,6.0,0,1,1,1707.4154,13539.04931640625
384,6.0,0,1,1,1711.7227,15250.77197265625
385,6.0,0,1,1,1716.0295,16966.801513671875
386,1.0,0,1,1,1719.5417,18686.34326171875
387,1.0,0,1,1,1723.8489,20410.192138671875
388,6.0,0,1,1,1728.9502,22139.142333984375
389,6.0,0,1,1,1733.2571,23872.3994140625
390,6.0,0,1,1,1737.5642,25609.963623046875
391,6.0,0,1,1,1741.8707,27351.834350585938
392,6.0,0,1,1,1746.1779,29098.01220703125
393,7.0,0,1,1,1750.6438,30848.656005859375
394,6.0,0,1,1,1754.7917,32603.44775390625
395,7.0,0,1,1,1759.2573,34362.705078125
396,9.0,0,1,1,1763.8821,36126.587158203125
397,10.0,0,1,1,1768.3483,0.0
398,11.0,0,1,1,1772.8142,1772.814208984375
399,5.0,0,1,1,1776.1671,3548.9813232421875
400,4.0,0,1,1,1780.3153,5329.296630859375
401,6.0,0,1,1,1784.9401,7114.2366943359375
402,1.0,0,1,1,1788.4528,8902.689453125
403,6.0,0,1,1,1793.5537,10696.2431640625
404,1.0,0,1,1,1797.0665,12493.309692382812
405,1.0,0,1,1,1801.3732,14294.682861328125
406,1.0,0,1,1,1805.6799,16100.36279296875
407,1.0,0,1,1,1809.9868,17910.349609375
408,1.0,0,1,1,1814.2937,19724.643310546875
409,1.0,0,1,1,1818.6011,21543.244384765625
410,1.0,0,1,1,1822.908,23366.15234375
411,1.0,0,1,1,1827.2146,25193.366943359375
412,6.0,0,1,1,1832.316,27025.682983398438
413,1.0,0,1,1,1835.8286,28861.511596679688
414,6.0,0,1,1,1840.9299,30702.441528320312
415,7.0,0,1,1,1845.3956,32547.837158203125
416,9.0,0,1,1,1850.0206,34397.85778808594
417,10.0,0,1,1,1854.4865,0.0
418,11.0,0,1,1,1858.9519,1858.951904296875
419,4.0,0,1,1,1862.147,3721.098876953125
420,5.0,0,1,1,1866.6123,5587.711181640625
421,6.0,0,1,1,1871.0784,7458.78955078125
422,1.0,0,1,1,1874.591,9333.380493164062
423,6.0,0,1,1,1879.6917,11213.072143554688
424,1.0,0,1,1,1883.2043,13096.276489257812
425,1.0,0,1,1,1887.5112,14983.787719726562
426,6.0,0,1,1,1892.6128,16876.400512695312
427,1.0,0,1,1,1896.1252,18772.525756835938
428,1.0,0,1,1,1900.4321,20672.957885742188
429,1.0,0,1,1,1904.7388,22577.696655273438
430,1.0,0,1,1,1909.0459,24486.742553710938
431,1.0,0,1,1,1913.3528,26400.095336914062
432,1.0,0,1,1,1917.6597,28317.755004882812
433,6.0,0,1,1,1922.7612,30240.516235351562
434,10.0,0,1,1,1927.7036,0.0
435,11.0,0,1,1,1932.1696,1932.1695556640625
436,4.0,0,1,1,1935.3643,3867.5338134765625
437,5.0,0,1,1,1939.8298,5807.3636474609375
438,6.0,0,1,1,1944.2954,7751.6590576171875
439,6.0,0,1,1,1948.6027,9700.26171875
440,1.0,0,1,1,1952.1151,11652.376831054688
441,1.0,0,1,1,1956.422,13608.798828125
442,6.0,0,1,1,1961.5234,15570.322265625
443,6.0,0,1,1,1965.8302,17536.152465820312
444,6.0,0,1,1,1970.1376,19506.2900390625
445,6.0,0,1,1,1974.4441,21480.734130859375
446,6.0,0,1,1,1978.7512,23459.4853515625
447,6.0,0,1,1,1983.0576,25442.54296875
448,6.0,0,1,1,1987.365,27429.907958984375
449,1.0,0,1,1,1990.8774,29420.785400390625
450,1.0,0,1,1,1995.184,31415.969360351562
451,6.0,0,1,1,2000.2856,33416.25500488281
452,6.0,0,1,1,2004.5924,35420.847412109375
453,6.0,0,1,1,2008.8993,37429.74670410156
454,6.0,0,1,1,2013.2063,39442.95300292969
455,5.0,0,1,1,2017.3545,41460.30749511719
456,6.0,0,1,1,2021.8202,43482.127685546875
457,,0,1,1,,
458,10.0,0,1,1,2031.0696,0.0
459,11.0,0,1,1,2035.5354,2035.535400390625
460,4.0,0,1,1,2038.7301,4074.2655029296875
461,5.0,0,1,1,2043.1956,6117.4610595703125
462,6.0,0,1,1,2047.6617,8165.122802734375
463,6.0,0,1,1,2051.9685,10217.09130859375
464,1.0,0,1,1,2055.4812,12272.572509765625
465,6.0,0,1,1,2060.5823,14333.15478515625
466,6.0,0,1,1,2064.8892,16398.0439453125
467,1.0,0,1,1,2068.4016,18466.445556640625
468,6.0,0,1,1,2073.5032,20539.94873046875
469,1.0,0,1,1,2077.0154,22616.964111328125
470,1.0,0,1,1,2081.3223,24698.286376953125
471,1.0,0,1,1,2085.6292,26783.91552734375
472,1.0,0,1,1,2089.9363,28873.851806640625
473,6.0,0,1,1,2095.0378,30968.8896484375
474,5.0,0,1,1,2099.1858,33068.075439453125
475,6.0,0,1,1,2103.6516,35171.72705078125
476,6.0,0,1,1,2107.9583,37279.685302734375
477,6.0,0,1,1,2112.2654,39391.95068359375
478,5.0,0,1,1,2116.413,41508.36376953125
479,6.0,0,1,1,2120.8792,43629.242919921875
480,7.0,0,1,1,2125.345,45754.587890625
481,,0,1,1,,
482,10.0,0,1,1,2134.4353,0.0
483,11.0,0,1,1,2138.9011,2138.901123046875
484,4.0,0,1,1,2142.0955,4280.99658203125
485,5.0,0,1,1,2146.5618,6427.558349609375
486,6.0,0,1,1,2151.0276,8578.5859375
487,6.0,0,1,1,2155.3345,10733.92041015625
488,1.0,0,1,1,2158.847,12892.767333984375
489,1.0,0,1,1,2163.1538,15055.921142578125
490,1.0,0,1,1,2167.4607,17223.3818359375
491,6.0,0,1,1,2172.5623,19395.944091796875
492,6.0,0,1,1,2176.869,21572.81298828125
493,1.0,0,1,1,2180.3813,23753.1943359375
494,1.0,0,1,1,2184.6882,25937.882568359375
495,1.0,0,1,1,2188.9956,28126.878173828125
496,1.0,0,1,1,2193.302,30320.18017578125
497,1.0,0,1,1,2197.6091,32517.789306640625
498,9.0,0,1,1,2203.187,34720.976318359375
499,10.0,0,1,1,2207.653,0.0
500,11.0,0,1,1,2212.1194,2212.119384765625
501,4.0,0,1,1,2215.3137,4427.43310546875
502,5.0,0,1,1,2219.7793,6647.21240234375
503,6.0,0,1,1,2224.2449,8871.457275390625
504,1.0,0,1,1,2227.7576,11099.21484375
505,1.0,0,1,1,2232.0645,13331.279296875
506,6.0,0,1,1,2237.1655,15568.44482421875
507,6.0,0,1,1,2241.4724,17809.917236328125
508,6.0,0,1,1,2245.7795,20055.69677734375
509,6.0,0,1,1,2250.087,22305.78369140625
510,6.0,0,1,1,2254.3936,24560.17724609375
511,1.0,0,1,1,2257.9058,26818.0830078125
512,1.0,0,1,1,2262.213,29080.2958984375
513,9.0,0,1,1,2267.7913,31348.087158203125
514,10.0,0,1,1,2272.2568,0.0
515,11.0,0,1,1,2276.7227,2276.72265625
516,5.0,0,1,1,2280.076,4556.798583984375
517,4.0,0,1,1,2284.2246,6841.023193359375
518,6.0,0,1,1,2288.8489,9129.8720703125
519,1.0,0,1,1,2292.361,11422.233154296875
520,1.0,0,1,1,2296.6687,13718.90185546875
521,1.0,0,1,1,2300.975,16019.876953125
522,6.0,0,1,1,2306.0764,18325.953369140625
523,6.0,0,1,1,2310.383,20636.33642578125
524,1.0,0,1,1,2313.8958,22950.232177734375
525,1.0,0,1,1,2318.203,25268.43505859375
526,1.0,0,1,1,2322.5095,27590.944580078125
527,6.0,0,1,1,2327.611,29918.5556640625
528,6.0,0,1,1,2331.9177,32250.473388671875
529,1.0,0,1,1,2335.4302,34585.903564453125
530,1.0,0,1,1,2339.7375,36925.64111328125
531,6.0,0,1,1,2344.8384,39270.4794921875
532,9.0,0,1,1,2349.6223,41620.101806640625
533,10.0,0,1,1,2354.0876,0.0
534,11.0,0,1,1,2358.5542,2358.55419921875
535,5.0,0,1,1,2361.9072,4720.46142578125
536,4.0,0,1,1,2366.0554,7086.516845703125
537,6.0,0,1,1,2370.68,9457.19677734375
538,1.0,0,1,1,2374.1926,11831.389404296875
539,1.0,0,1,1,2378.4995,14209.888916015625
540,6.0,0,1,1,2383.6006,16593.489501953125
541,6.0,0,1,1,2387.9075,18981.39697265625
542,1.0,0,1,1,2391.42,21372.81689453125
543,1.0,0,1,1,2395.727,23768.5439453125
544,1.0,0,1,1,2400.0342,26168.578125
545,6.0,0,1,1,2405.135,28573.713134765625
546,6.0,0,1,1,2409.4424,30983.155517578125
547,9.0,0,1,1,2414.2258,33397.38134765625
548,10.0,0,1,3,2418.4382,0.0
549,11.0,0,1,3,2422.904,2422.904052734375
550,4.0,0,1,3,2426.0986,4849.002685546875
551,5.0,0,1,3,2430.5642,7279.56689453125
552,6.0,0,1,3,2435.03,9714.596923828125
553,6.0,0,1,3,2439.3372,12153.93408203125
554,1.0,0,1,3,2442.8496,14596.78369140625
555,1.0,0,1,3,2447.1565,17043.940185546875
556,5.0,0,1,3,2452.0986,19496.038818359375
557,6.0,0,1,3,2456.5645,21952.603271484375
558,6.0,0,1,3,2460.8718,24413.47509765625
559,6.0,0,1,3,2465.1785,26878.653564453125
560,6.0,0,1,3,2469.4854,29348.138916015625
561,1.0,0,1,3,2472.9978,31821.13671875
562,6.0,0,1,3,2478.0996,34299.236328125
563,1.0,0,1,3,2481.6116,36780.847900390625
564,1.0,0,1,3,2485.9185,39266.766357421875
565,6.0,0,1,3,2491.0198,41757.7861328125
566,7.0,0,1,3,2495.4856,44253.271728515625
567,9.0,0,1,3,2500.1106,46753.38232421875
568,10.0,0,1,3,2504.5764,0.0
569,11.0,0,1,3,2509.0417,2509.041748046875
570,4.0,0,1,3,2512.2366,5021.2783203125
571,5.0,0,1,3,2516.7024,7537.980712890625
572,1.0,0,1,3,2520.3743,10058.35498046875
573,1.0,0,1,3,2524.6807,12583.03564453125
574,1.0,0,1,3,2528.9878,15112.0234375
575,5.0,0,1,3,2533.93,17645.953369140625
576,6.0,0,1,3,2538.396,20184.349365234375
577,6.0,0,1,3,2542.7026,22727.052001953125
578,6.0,0,1,3,2547.01,25274.06201171875
579,1.0,0,1,3,2550.5222,27824.584228515625
580,5.0,0,1,3,2555.465,30380.04931640625
581,6.0,0,1,3,2559.9304,32939.979736328125
582,7.0,0,1,3,2564.3962,35504.3759765625
583,9.0,0,1,3,2569.0208,38073.396728515625
584,10.0,0,1,6,2573.1067,0.0
585,11.0,0,1,6,2577.572,2577.572021484375
586,4.0,0,1,6,2580.7666,5158.338623046875
587,5.0,0,1,6,2585.2324,7743.571044921875
588,6.0,0,1,6,2589.698,10333.26904296875
589,1.0,0,1,6,2593.2104,12926.4794921875
590,6.0,0,1,6,2598.3123,15524.791748046875
591,1.0,0,1,6,2601.8242,18126.615966796875
592,5.0,0,1,6,2606.7673,20733.38330078125
593,6.0,0,1,6,2611.2324,23344.61572265625
594,6.0,0,1,6,2615.5398,25960.155517578125
595,5.0,0,1,6,2619.688,28579.843505859375
596,5.0,0,1,6,2623.9949,31203.83837890625
597,5.0,0,1,6,2628.3013,33832.1396484375
598,5.0,0,1,6,2632.6086,36464.748291015625
599,8.0,0,1,6,2637.392,39102.140380859375
600,5.0,0,1,6,2641.2222,41743.362548828125
601,6.0,0,1,6,2645.688,44389.050537109375
602,7.0,0,1,6,2650.154,47039.20458984375
603,9.0,0,1,6,2654.779,49693.983642578125
604,10.0,0,1,6,2659.2449,0.0
605,11.0,0,1,6,2663.7102,2663.710205078125
606,4.0,0,1,6,2666.905,5330.615234375
607,5.0,0,1,6,2671.3704,8001.985595703125
608,6.0,0,1,6,2675.8367,10677.822265625
609,1.0,0,1,6,2679.3489,13357.171142578125
610,6.0,0,1,6,2684.4502,16041.621337890625
611,1.0,0,1,6,2687.9631,18729.58447265625
612,1.0,0,1,6,2692.2703,21421.854736328125
613,5.0,0,1,6,2697.2122,24119.06689453125
614,6.0,0,1,6,2701.6777,26820.74462890625
615,5.0,0,1,6,2705.826,29526.570556640625
616,6.0,0,1,6,2710.2917,32236.8623046875
617,5.0,0,1,6,2714.4397,34951.302001953125
618,4.0,0,1,6,2718.5876,37669.8896484375
619,6.0,0,1,6,2723.2126,40393.102294921875
620,5.0,0,1,6,2727.3608,43120.463134765625
621,6.0,0,1,6,2731.8264,45852.28955078125
622,5.0,0,1,6,2735.9746,48588.26416015625
623,6.0,0,1,6,2740.4402,51328.704345703125
624,9.0,0,1,6,2745.2239,54073.92822265625
625,10.0,0,1,6,2749.6902,0.0
626,11.0,0,1,6,2754.1555,2754.155517578125
627,4.0,0,1,6,2757.3503,5511.505859375
628,5.0,0,1,6,2761.8157,8273.321533203125
629,6.0,0,1,6,2766.2817,11039.603271484375
630,1.0,0,1,6,2769.7937,13809.39697265625
631,1.0,0,1,6,2774.1013,16583.498291015625
632,6.0,0,1,6,2779.2024,19362.70068359375
633,6.0,0,1,6,2783.5093,22146.2099609375
634,6.0,0,1,6,2787.8162,24934.026123046875
635,1.0,0,1,6,2791.3284,27725.3544921875
636,6.0,0,1,6,2796.43,30521.784423828125
637,1.0,0,1,6,2799.9424,33321.726806640625
638,9.0,0,1,6,2805.5208,36127.24755859375
639,10.0,0,1,6,2809.9863,0.0
640,11.0,0,1,6,2814.4521,2814.4521484375
641,4.0,0,1,6,2817.6465,5632.0986328125
642,5.0,0,1,6,2822.1125,8454.211181640625
643,6.0,0,1,6,2826.5786,11280.789794921875
644,9.0,0,1,6,2831.3625,14112.15234375
645,10.0,0,3,1,2844.9382,0.0
646,11.0,0,3,1,2849.405,2849.405029296875
647,5.0,0,3,1,2852.7578,5702.162841796875
648,4.0,0,3,1,2856.9058,8559.068603515625
649,6.0,0,3,1,2861.5308,11420.599365234375
650,6.0,0,3,1,2865.8372,14286.4365234375
651,1.0,0,3,1,2869.35,17155.78662109375
652,6.0,0,3,1,2874.4512,20030.23779296875
653,6.0,0,3,1,2878.7583,22908.99609375
654,6.0,0,3,1,2883.065,25792.06103515625
655,1.0,0,3,1,2886.5774,28678.638427734375
656,5.0,0,3,1,2891.5203,31570.15869140625
657,6.0,0,3,1,2895.9856,34466.144287109375
658,5.0,0,3,1,2900.1333,37366.277587890625
659,4.0,0,3,1,2904.282,40270.5595703125
660,6.0,0,3,1,2908.9065,43179.466064453125
661,10.0,0,3,1,2913.8494,0.0
662,11.0,0,3,1,2918.315,2918.31494140625
663,5.0,0,3,1,2921.6682,5839.983154296875
664,4.0,0,3,1,2925.817,8765.800048828125
665,6.0,0,3,1,2930.4412,11696.2412109375
666,1.0,0,3,1,2933.9536,14630.19482421875
667,1.0,0,3,1,2938.26,17568.454833984375
668,1.0,0,3,1,2942.5671,20511.02197265625
669,6.0,0,3,1,2947.6687,23458.690673828125
670,6.0,0,3,1,2951.9758,26410.66650390625
671,1.0,0,3,1,2955.488,29366.154541015625
672,1.0,0,3,1,2959.795,32325.949462890625
673,1.0,0,3,1,2964.1016,35290.051025390625
674,6.0,0,3,1,2969.2034,38259.25439453125
675,5.0,0,3,1,2973.3513,41232.605712890625
676,8.0,0,3,1,2978.1355,44210.7412109375
677,5.0,0,3,1,2981.9648,47192.7060546875
678,6.0,0,3,1,2986.431,50179.136962890625
679,9.0,0,3,1,2991.2148,53170.351806640625
680,10.0,0,3,3,2995.427,0.0
681,11.0,0,3,3,2999.8926,2999.892578125
682,4.0,0,3,3,3003.0876,6002.980224609375
683,5.0,0,3,3,3007.5527,9010.532958984375
684,6.0,0,3,3,3012.0188,12022.5517578125
685,6.0,0,3,3,3016.3257,15038.87744140625
686,6.0,0,3,3,3020.6326,18059.510009765625
687,9.0,0,3,3,3025.4163,21084.92626953125
688,10.0,0,3,3,3029.882,0.0
689,11.0,0,3,3,3034.3484,3034.348388671875
690,4.0,0,3,3,3037.5425,6071.890869140625
691,5.0,0,3,3,3042.0085,9113.8994140625
692,6.0,0,3,3,3046.4739,12160.373291015625
693,6.0,0,3,3,3050.781,15211.154296875
694,9.0,0,3,3,3055.5647,18266.718994140625
695,10.0,0,3,3,3060.0305,0.0
696,11.0,0,3,3,3064.496,3064.49609375
697,4.0,0,3,3,3067.6912,6132.187255859375
698,5.0,0,3,3,3072.156,9204.34326171875
699,6.0,0,3,3,3076.6223,12280.965576171875
700,6.0,0,3,3,3080.9292,15361.894775390625
701,6.0,0,3,3,3085.2366,18447.13134765625
702,6.0,0,3,3,3089.543,21536.67431640625
703,6.0,0,3,3,3093.8499,24630.524169921875
704,6.0,0,3,3,3098.1575,27728.681640625
705,6.0,0,3,3,3102.464,30831.145751953125
706,5.0,0,3,3,3106.612,33937.7578125
707,5.0,0,3,3,3110.9187,37048.676513671875
708,6.0,0,3,3,3115.3843,40164.060791015625
709,7.0,0,3,3,3119.8503,43283.9111328125
710,9.0,0,3,3,3124.475,46408.38623046875
711,10.0,0,3,3,3128.9417,0.0
712,11.0,0,3,3,3133.407,3133.406982421875
713,4.0,0,3,3,3136.6018,6270.0087890625
714,5.0,0,3,3,3141.0679,9411.07666015625
715,6.0,0,3,3,3145.5334,12556.610107421875
716,6.0,0,3,3,3149.8398,15706.449951171875
717,1.0,0,3,3,3153.3528,18859.802734375
718,6.0,0,3,3,3158.4534,22018.256103515625
719,6.0,0,3,3,3162.7612,25181.017333984375
720,6.0,0,3,3,3167.0676,28348.0849609375
721,1.0,0,3,3,3170.58,31518.6650390625
722,6.0,0,3,3,3175.681,34694.345947265625
723,7.0,0,3,3,3180.1472,37874.4931640625
724,9.0,0,3,3,3184.7722,41059.265380859375
725,10.0,0,3,3,3189.2375,0.0
726,11.0,0,3,3,3193.7034,3193.703369140625
727,4.0,0,3,3,3196.8984,6390.601806640625
728,5.0,0,3,3,3201.364,9591.9658203125
729,6.0,0,3,3,3205.83,12797.7958984375
730,6.0,0,3,3,3210.137,16007.932861328125
731,6.0,0,3,3,3214.444,19222.376953125
732,6.0,0,3,3,3218.7507,22441.127685546875
733,6.0,0,3,3,3223.0574,25664.18505859375
734,6.0,0,3,3,3227.3645,28891.549560546875
735,1.0,0,3,3,3230.8767,32122.42626953125
736,6.0,0,3,3,3235.9783,35358.404541015625
737,7.0,0,3,3,3240.4436,38598.84814453125
738,9.0,0,3,3,3245.0686,41843.916748046875
739,10.0,0,3,3,3249.5344,0.0
740,11.0,0,3,3,3254.0007,3254.000732421875
741,4.0,0,3,3,3257.1943,6511.195068359375
742,5.0,0,3,3,3261.6606,9772.855712890625
743,6.0,0,3,3,3266.1262,13038.98193359375
744,10.0,0,3,3,3271.0688,0.0
745,11.0,0,3,3,3275.5347,3275.53466796875
746,5.0,0,3,3,3278.8882,6554.4228515625
747,4.0,0,3,3,3283.0369,9837.459716796875
748,6.0,0,3,3,3287.6606,13125.120361328125
749,6.0,0,3,3,3291.9685,16417.0888671875
750,6.0,0,3,3,3296.2756,19713.364501953125
751,6.0,0,3,3,3300.5823,23013.94677734375
752,6.0,0,3,3,3304.8887,26318.83544921875
753,1.0,0,3,3,3308.4016,29627.237060546875
754,5.0,0,3,3,3313.3438,32940.580810546875
755,7.0,0,3,3,3317.969,36258.5498046875
756,9.0,0,3,3,3322.593,39581.142822265625
757,10.0,0,3,3,3327.0596,0.0
758,11.0,0,3,3,3331.5242,3331.524169921875
759,5.0,0,3,3,3334.8787,6666.40283203125
760,4.0,0,3,3,3339.0266,10005.429443359375
761,6.0,0,3,3,3343.6516,13349.0810546875
762,6.0,0,3,3,3347.958,16697.0390625
763,6.0,0,3,3,3352.2642,20049.30322265625
764,6.0,0,3,3,3356.5715,23405.874755859375
765,6.0,0,3,3,3360.879,26766.753662109375
766,6.0,0,3,3,3365.1858,30131.939453125
767,1.0,0,3,3,3368.6973,33500.63671875
768,5.0,0,3,3,3373.6409,36874.277587890625
769,6.0,0,3,3,3378.1062,40252.3837890625
770,7.0,0,3,3,3382.572,43634.955810546875
771,9.0,0,3,3,3387.1968,47022.152587890625
772,10.0,0,3,3,3391.6626,0.0
773,11.0,0,3,3,3396.1287,3396.128662109375
774,5.0,0,3,3,3399.4814,6795.610107421875
775,4.0,0,3,3,3403.6301,10199.240234375
776,6.0,0,3,3,3408.2551,13607.495361328125
777,6.0,0,3,3,3412.5613,17020.056640625
778,6.0,0,3,3,3416.8687,20436.92529296875
779,6.0,0,3,3,3421.175,23858.100341796875
780,6.0,0,3,3,3425.4824,27283.582763671875
781,6.0,0,3,3,3429.7888,30713.37158203125
782,6.0,0,3,3,3434.0962,34147.4677734375
783,5.0,0,3,3,3438.2444,37585.712158203125
784,6.0,0,3,3,3442.7102,41028.42236328125
785,1.0,0,3,3,3446.2224,44474.644775390625
786,6.0,0,3,3,3451.3237,47925.968505859375
787,10.0,0,3,3,3456.2664,0.0
788,11.0,0,3,3,3460.7324,3460.732421875
789,4.0,0,3,3,3463.927,6924.659423828125
790,5.0,0,3,3,3468.3923,10393.0517578125
791,6.0,0,3,3,3472.8584,13865.91015625
792,6.0,0,3,3,3477.1648,17343.074951171875
793,6.0,0,3,3,3481.4724,20824.54736328125
794,6.0,0,3,3,3485.7786,24310.325927734375
795,6.0,0,3,3,3490.0862,27800.412109375
796,6.0,0,3,3,3494.3923,31294.804443359375
797,6.0,0,3,3,3498.6995,34793.50390625
798,1.0,0,3,3,3502.212,38295.7158203125
799,5.0,0,3,3,3507.1548,41802.87060546875
800,6.0,0,3,3,3511.6208,45314.491455078125
801,7.0,0,3,3,3516.0864,48830.577880859375
802,9.0,0,3,3,3520.7112,52351.2890625
803,10.0,0,3,3,3525.1768,0.0
804,11.0,0,3,3,3529.6428,3529.642822265625
805,4.0,0,3,3,3532.8367,7062.4794921875
806,5.0,0,3,3,3537.303,10599.782470703125
807,6.0,0,3,3,3541.7693,14141.5517578125
808,6.0,0,3,3,3546.076,17687.627685546875
809,1.0,0,3,3,3549.5884,21237.216064453125
810,6.0,0,3,3,3554.6895,24791.905517578125
811,6.0,0,3,3,3558.9963,28350.90185546875
812,6.0,0,3,3,3563.303,31914.204833984375
813,6.0,0,3,3,3567.6108,35481.815673828125
814,6.0,0,3,3,3571.9175,39053.733154296875
815,1.0,0,3,3,3575.4297,42629.162841796875
816,5.0,0,3,3,3580.3718,46209.53466796875
817,6.0,0,3,3,3584.8381,49794.372802734375
818,7.0,0,3,3,3589.3037,53383.676513671875
819,10.0,0,3,6,3593.7073,0.0
820,11.0,0,3,6,3598.1724,3598.17236328125
821,4.0,0,3,6,3601.3672,7199.53955078125
822,5.0,0,3,6,3605.833,10805.37255859375
823,6.0,0,3,6,3610.299,14415.671630859375
824,6.0,0,3,6,3614.6057,18030.27734375
825,1.0,0,3,6,3618.1184,21648.395751953125
826,1.0,0,3,6,3622.4258,25270.821533203125
827,5.0,0,3,6,3627.3674,28898.18896484375
828,6.0,0,3,6,3631.8333,32530.022216796875
829,1.0,0,3,6,3635.3462,36165.368408203125
830,6.0,0,3,6,3640.4475,39805.81591796875
831,1.0,0,3,6,3643.9592,43449.775146484375
832,5.0,0,3,6,3648.902,47098.67724609375
833,6.0,0,3,6,3653.3682,50752.04541015625
834,9.0,0,3,6,3658.152,54410.197509765625
835,10.0,0,3,6,3662.6174,0.0
836,11.0,0,3,6,3667.083,3667.0830078125
837,5.0,0,3,6,3670.4368,7337.519775390625
838,4.0,0,3,6,3674.5847,11012.1044921875
839,6.0,0,3,6,3679.2095,14691.31396484375
840,6.0,0,3,6,3683.5168,18374.830810546875
841,6.0,0,3,6,3687.823,22062.65380859375
842,6.0,0,3,6,3692.1306,25754.784423828125
843,1.0,0,3,6,3695.6428,29450.42724609375
844,5.0,0,3,6,3700.5852,33151.012451171875
845,6.0,0,3,6,3705.051,36856.0634765625
846,6.0,0,3,6,3709.3582,40565.421630859375
847,5.0,0,3,6,3713.5063,44278.927978515625
848,5.0,0,3,6,3717.8125,47996.740478515625
849,6.0,0,3,6,3722.278,51719.0185546875
850,7.0,0,3,6,3726.7441,55445.7626953125
851,10.0,0,6,1,3744.8772,0.0
852,4.0,0,6,1,3748.2307,3748.230712890625
853,5.0,0,6,1,3752.6963,7500.927001953125
854,1.0,0,6,1,3756.3677,11257.294677734375
855,12.0,0,6,1,3762.4224,15019.717041015625
856,8.0,0,6,1,3766.094,18785.81103515625
857,4.0,0,6,1,3769.7651,22555.576171875
858,5.0,0,6,1,3774.2305,26329.806640625
859,5.0,0,6,1,3778.5374,30108.343994140625
860,1.0,0,6,1,3782.2087,33890.552734375
861,4.0,0,6,1,3786.993,37677.545654296875
862,5.0,0,6,1,3791.4587,41469.00439453125
863,9.0,0,6,1,3796.401,45265.4052734375
864,10.0,0,6,1,3800.8672,0.0
865,4.0,0,6,1,3804.2205,3804.220458984375
866,1.0,0,6,1,3808.0505,7612.27099609375
867,5.0,0,6,1,3812.9927,11425.263671875
868,5.0,0,6,1,3817.2998,15242.5634765625
869,5.0,0,6,1,3821.607,19064.17041015625
870,1.0,0,6,1,3825.2778,22889.4482421875
871,1.0,0,6,1,3829.5845,26719.03271484375
872,1.0,0,6,1,3833.8926,30552.92529296875
873,4.0,0,6,1,3838.6755,34391.600830078125
874,1.0,0,6,1,3842.5056,38234.1064453125
875,1.0,0,6,1,3846.8127,42080.919189453125
876,1.0,0,6,1,3851.1191,45932.038330078125
877,1.0,0,6,1,3855.4265,49787.46484375
878,1.0,0,6,1,3859.7341,53647.198974609375
879,1.0,0,6,1,3864.0403,57511.2392578125
880,5.0,0,6,1,3868.983,61380.22216796875
881,12.0,0,6,1,3874.4019,65254.6240234375
882,5.0,0,6,1,3877.5972,69132.22119140625
883,12.0,0,6,1,3883.0164,73015.23754882812
884,9.0,0,6,1,3886.846,76902.08349609375
885,10.0,0,6,1,3891.3123,0.0
886,4.0,0,6,1,3894.6653,3894.665283203125
887,5.0,0,6,1,3899.131,7793.79638671875
888,1.0,0,6,1,3902.8025,11696.598876953125
889,1.0,0,6,1,3907.1094,15603.708251953125
890,5.0,0,6,1,3912.0515,19515.759765625
891,7.0,0,6,1,3916.6768,23432.4365234375
892,4.0,0,6,1,3920.5066,27352.943115234375
893,5.0,0,6,1,3924.9731,31277.916259765625
894,12.0,0,6,1,3930.3923,35208.30859375
895,9.0,0,6,1,3934.223,39142.531494140625
896,10.0,0,6,1,3938.6882,0.0
897,4.0,0,6,1,3942.0403,3942.040283203125
898,5.0,0,6,1,3946.5068,7888.547119140625
899,1.0,0,6,1,3950.1787,11838.725830078125
900,1.0,0,6,1,3954.4858,15793.211669921875
901,5.0,0,6,1,3959.428,19752.6396484375
902,7.0,0,6,1,3964.053,23716.692626953125
903,4.0,0,6,1,3967.8826,27684.5751953125
904,5.0,0,6,1,3972.3484,31656.923583984375
905,12.0,0,6,1,3977.7678,35634.69140625
906,2.0,0,6,1,3980.486,39615.177490234375
907,9.0,0,6,1,3985.905,43601.08251953125
908,10.0,0,6,1,3990.3706,0.0
909,4.0,0,6,1,3993.7239,3993.723876953125
910,1.0,0,6,1,3997.5544,7991.2783203125
911,5.0,0,6,1,4002.497,11993.775390625
912,1.0,0,6,1,4006.1682,15999.943603515625
913,5.0,0,6,1,4011.1106,20011.05419921875
914,4.0,0,6,1,4015.2585,24026.312744140625
915,5.0,0,6,1,4019.7249,28046.03759765625
916,4.0,0,6,1,4023.8733,32069.910888671875
917,5.0,0,6,1,4028.3384,36098.249267578125
918,5.0,0,6,1,4032.6458,40130.89501953125
919,7.0,0,6,1,4037.2703,44168.165283203125
920,5.0,0,6,1,4041.2598,48209.425048828125
921,7.0,0,6,1,4045.8843,52255.309326171875
922,4.0,0,6,1,4049.7139,56305.023193359375
923,12.0,0,6,1,4055.2925,60360.315673828125
924,8.0,0,6,1,4058.9636,64419.279296875
925,2.0,0,6,1,4062.317,68481.59619140625
926,9.0,0,6,1,4067.736,72549.33227539062
927,10.0,0,6,1,4072.2026,0.0
928,4.0,0,6,1,4075.5554,4075.555419921875
929,5.0,0,6,1,4080.0215,8155.576904296875
930,1.0,0,6,1,4083.693,12239.27001953125
931,1.0,0,6,1,4087.9995,16327.26953125
932,5.0,0,6,1,4092.9426,20420.212158203125
933,7.0,0,6,1,4097.5664,24517.778564453125
934,4.0,0,6,1,4101.398,28619.176513671875
935,5.0,0,6,1,4105.863,32725.039306640625
936,12.0,0,6,1,4111.2827,36836.322021484375
937,9.0,0,6,1,4115.1123,40951.434326171875
938,10.0,0,6,1,4119.5786,0.0
939,4.0,0,6,1,4122.9326,4122.9326171875
940,5.0,0,6,1,4127.3975,8250.330078125
941,1.0,0,6,1,4131.0684,12381.3984375
942,1.0,0,6,1,4135.376,16516.7744140625
943,5.0,0,6,1,4140.3184,20657.0927734375
944,4.0,0,6,1,4144.4673,24801.56005859375
945,5.0,0,6,1,4148.932,28950.4921875
946,7.0,0,6,1,4153.5566,33104.048828125
947,4.0,0,6,1,4157.387,37261.43603515625
948,12.0,0,6,1,4162.966,41424.40185546875
949,8.0,0,6,1,4166.6367,45591.03857421875
950,9.0,0,6,1,4171.102,49762.140625
951,10.0,0,6,1,4175.5684,0.0
952,4.0,0,6,1,4178.922,4178.921875
953,1.0,0,6,1,4182.752,8361.673828125
954,5.0,0,6,1,4187.6943,12549.3681640625
955,1.0,0,6,1,4191.3657,16740.73388671875
956,5.0,0,6,1,4196.3086,20937.04248046875
957,4.0,0,6,1,4200.456,25137.49853515625
958,5.0,0,6,1,4204.922,29342.42041015625
959,7.0,0,6,1,4209.5464,33551.966796875
960,4.0,0,6,1,4213.377,37765.34375
961,12.0,0,6,1,4218.9556,41984.29931640625
962,8.0,0,6,1,4222.6265,46206.92578125
963,9.0,0,6,1,4227.093,50434.0185546875
964,10.0,0,6,1,4231.5576,0.0
965,4.0,0,6,1,4234.912,4234.912109375
966,5.0,0,6,1,4239.3774,8474.28955078125
967,1.0,0,6,1,4243.049,12717.33837890625
968,1.0,0,6,1,4247.3555,16964.69384765625
969,5.0,0,6,1,4252.298,21216.99169921875
970,4.0,0,6,1,4256.446,25473.4375
971,5.0,0,6,1,4260.9126,29734.35009765625
972,5.0,0,6,1,4265.2188,33999.56884765625
973,7.0,0,6,1,4269.8438,38269.41259765625
974,5.0,0,6,1,4273.8325,42543.2451171875
975,12.0,0,6,1,4279.252,46822.4970703125
976,8.0,0,6,1,4282.923,51105.419921875
977,9.0,0,6,1,4287.3887,55392.80859375
978,10.0,0,6,1,4291.855,0.0
979,4.0,0,6,1,4295.2095,4295.20947265625
980,5.0,0,6,1,4299.674,8594.88330078125
981,1.0,0,6,1,4303.3457,12898.22900390625
982,1.0,0,6,1,4307.653,17205.8818359375
983,5.0,0,6,1,4312.595,21518.47705078125
984,7.0,0,6,1,4317.2197,25835.69677734375
985,4.0,0,6,1,4321.0493,30156.74609375
986,5.0,0,6,1,4325.516,34482.26220703125
987,12.0,0,6,1,4330.935,38813.197265625
988,9.0,0,6,1,4334.7656,43147.962890625
989,10.0,0,6,3,4338.9775,0.0
990,11.0,0,6,3,4343.4434,4343.443359375
991,4.0,0,6,3,4346.638,8690.08154296875
992,5.0,0,6,3,4351.1035,13041.18505859375
993,6.0,0,6,3,4355.569,17396.75390625
994,1.0,0,6,3,4359.082,21755.8359375
995,1.0,0,6,3,4363.389,26119.22509765625
996,5.0,0,6,3,4368.331,30487.55615234375
997,5.0,0,6,3,4372.6377,34860.19384765625
998,6.0,0,6,3,4377.1035,39237.29736328125
999,5.0,0,6,3,4381.2515,43618.548828125
1000,6.0,0,6,3,4385.717,48004.265625
1001,7.0,0,6,3,4390.1836,52394.44921875
1002,9.0,0,6,3,4394.808,56789.25732421875
1003,10.0,0,6,3,4399.275,0.0
1004,11.0,0,6,3,4403.74,4403.740234375
1005,4.0,0,6,3,4406.9355,8810.67578125
1006,5.0,0,6,3,4411.4,13222.07568359375
1007,6.0,0,6,3,4415.866,17637.94189453125
1008,6.0,0,6,3,4420.1724,22058.1142578125
1009,5.0,0,6,3,4424.3203,26482.4345703125
1010,6.0,0,6,3,4428.787,30911.2216796875
1011,5.0,0,6,3,4432.9346,35344.15625
1012,5.0,0,6,3,4437.2417,39781.39794921875
1013,1.0,0,6,3,4440.913,44222.31103515625
1014,1.0,0,6,3,4445.22,48667.53125
1015,5.0,0,6,3,4450.1626,53117.69384765625
1016,6.0,0,6,3,4454.628,57572.32177734375
1017,7.0,0,6,3,4459.0938,62031.41552734375
1018,10.0,0,6,6,4463.498,0.0
1019,4.0,0,6,6,4466.8506,4466.8505859375
1020,5.0,0,6,6,4471.317,8938.16748046875
1021,1.0,0,6,6,4474.987,13413.154296875
1022,12.0,0,6,6,4481.0425,17894.19677734375
1023,8.0,0,6,6,4484.714,22378.91064453125
1024,4.0,0,6,6,4488.3857,26867.29638671875
1025,5.0,0,6,6,4492.851,31360.1474609375
1026,5.0,0,6,6,4497.158,35857.3056640625
1027,1.0,0,6,6,4500.8296,40358.13525390625
1028,4.0,0,6,6,4505.6123,44863.74755859375
1029,5.0,0,6,6,4510.079,49373.82666015625
1030,9.0,0,6,6,4515.021,53888.84765625
1031,10.0,0,6,6,4519.4873,0.0
1032,4.0,0,6,6,4522.8403,4522.84033203125
1033,1.0,0,6,6,4526.67,9049.51025390625
1034,5.0,0,6,6,4531.6133,13581.12353515625
1035,5.0,0,6,6,4535.92,18117.04345703125
1036,5.0,0,6,6,4540.227,22657.2705078125
1037,1.0,0,6,6,4543.8984,27201.1689453125
1038,1.0,0,6,6,4548.205,31749.3740234375
1039,1.0,0,6,6,4552.5127,36301.88671875
1040,4.0,0,6,6,4557.296,40859.1826171875
1041,1.0,0,6,6,4561.1265,45420.30908203125
1042,1.0,0,6,6,4565.433,49985.7421875
1043,1.0,0,6,6,4569.7397,54555.48193359375
1044,1.0,0,6,6,4574.0464,59129.5283203125
1045,1.0,0,6,6,4578.3535,63707.8818359375
1046,1.0,0,6,6,4582.66,68290.5419921875
1047,5.0,0,6,6,4587.603,72878.14501953125
1048,12.0,0,6,6,4593.0225,77471.16748046875
1049,5.0,0,6,6,4596.217,82067.38427734375
1050,12.0,0,6,6,4601.6357,86669.02001953125
1051,9.0,0,6,6,4605.467,91274.48681640625
1052,10.0,0,6,6,4609.9316,0.0
1053,4.0,0,6,6,4613.286,4613.2861328125
1054,5.0,0,6,6,4617.752,9231.0380859375
1055,1.0,0,6,6,4621.423,13852.4609375
1056,1.0,0,6,6,4625.7295,18478.1904296875
1057,5.0,0,6,6,4630.672,23108.8623046875
1058,7.0,0,6,6,4635.297,27744.1591796875
1059,4.0,0,6,6,4639.127,32383.2861328125
1060,5.0,0,6,6,4643.593,37026.87890625
1061,12.0,0,6,6,4649.0127,41675.8916015625
1062,9.0,0,6,6,4652.843,46328.734375
1063,10.0,0,6,6,4657.308,0.0
1064,4.0,0,6,6,4660.6616,4660.66162109375
1065,5.0,0,6,6,4665.128,9325.78955078125
1066,1.0,0,6,6,4668.799,13994.58837890625
1067,1.0,0,6,6,4673.106,18667.6943359375
1068,5.0,0,6,6,4678.048,23345.7421875
1069,7.0,0,6,6,4682.673,28028.4150390625
1070,4.0,0,6,6,4686.5034,32714.91845703125
1071,5.0,0,6,6,4690.9697,37405.88818359375
1072,12.0,0,6,6,4696.3887,42102.27685546875
1073,2.0,0,6,6,4699.1064,46801.38330078125
1074,9.0,0,6,6,4704.526,51505.9091796875
1075,10.0,0,6,6,4708.9907,0.0
1076,4.0,0,6,6,4712.3457,4712.345703125
1077,1.0,0,6,6,4716.175,9428.5205078125
1078,5.0,0,6,6,4721.117,14149.6376953125
1079,1.0,0,6,6,4724.7886,18874.42626953125
1080,5.0,0,6,6,4729.7314,23604.15771484375
1081,4.0,0,6,6,4733.88,28338.03759765625
1082,5.0,0,6,6,4738.345,33076.3828125
1083,4.0,0,6,6,4742.493,37818.8759765625
1084,5.0,0,6,6,4746.9595,42565.83544921875
1085,5.0,0,6,6,4751.266,47317.1015625
1086,7.0,0,6,6,4755.89,52072.99169921875
1087,5.0,0,6,6,4759.88,56832.87158203125
1088,7.0,0,6,6,4764.504,61597.37548828125
1089,4.0,0,6,6,4768.335,66365.71044921875
1090,12.0,0,6,6,4773.912,71139.62255859375
1091,8.0,0,6,6,4777.585,75917.20751953125
1092,2.0,0,6,6,4780.9375,80698.14501953125
1093,9.0,0,6,6,4786.357,85484.501953125
1094,10.0,0,6,6,4790.8223,0.0
1095,4.0,0,6,6,4794.1763,4794.17626953125
1096,5.0,0,6,6,4798.642,9592.818359375
1097,1.0,0,6,6,4802.313,14395.13134765625
1098,1.0,0,6,6,4806.62,19201.75146484375
1099,5.0,0,6,6,4811.5625,24013.31396484375
1100,7.0,0,6,6,4816.188,28829.501953125
1101,4.0,0,6,6,4820.0176,33649.51953125
1102,5.0,0,6,6,4824.4834,38474.0029296875
1103,12.0,0,6,6,4829.9033,43303.90625
1104,9.0,0,6,6,4833.733,48137.63916015625
1105,10.0,0,6,6,4838.1987,0.0
1106,4.0,0,6,6,4841.5522,4841.55224609375
1107,5.0,0,6,6,4846.018,9687.5703125
1108,1.0,0,6,6,4849.6895,14537.259765625
1109,1.0,0,6,6,4853.9956,19391.25537109375
1110,5.0,0,6,6,4858.939,24250.1943359375
1111,4.0,0,6,6,4863.0874,29113.28173828125
1112,5.0,0,6,6,4867.5537,33980.83544921875
1113,7.0,0,6,6,4872.177,38853.01220703125
1114,4.0,0,6,6,4876.007,43729.01904296875
1115,12.0,0,6,6,4881.5854,48610.6044921875
1116,8.0,0,6,6,4885.2573,53495.86181640625
1117,9.0,0,6,6,4889.7217,58385.58349609375
1118,10.0,0,6,6,4894.1885,0.0
1119,4.0,0,6,6,4897.542,4897.5419921875
1120,1.0,0,6,6,4901.3726,9798.91455078125
1121,5.0,0,6,6,4906.3145,14705.22900390625
1122,1.0,0,6,6,4909.986,19615.21484375
1123,5.0,0,6,6,4914.9287,24530.1435546875
1124,4.0,0,6,6,4919.077,29449.220703125
1125,5.0,0,6,6,4923.542,34372.7626953125
1126,7.0,0,6,6,4928.167,39300.9296875
1127,4.0,0,6,6,4931.998,44232.927734375
1128,12.0,0,6,6,4937.5757,49170.50341796875
1129,8.0,0,6,6,4941.246,54111.74951171875
1130,9.0,0,6,6,4945.7124,59057.4619140625
1131,10.0,0,6,6,4950.178,0.0
1132,4.0,0,6,6,4953.532,4953.5322265625
1133,5.0,0,6,6,4957.998,9911.5302734375
1134,1.0,0,6,6,4961.6685,14873.19873046875
1135,1.0,0,6,6,4965.976,19839.1748046875
1136,5.0,0,6,6,4970.918,24810.0927734375
1137,4.0,0,6,6,4975.0664,29785.1591796875
1138,5.0,0,6,6,4979.5327,34764.69189453125
1139,5.0,0,6,6,4983.8394,39748.53125
1140,7.0,0,6,6,4988.464,44736.9951171875
1141,5.0,0,6,6,4992.4526,49729.44775390625
1142,12.0,0,6,6,4997.8726,54727.3203125
1143,8.0,0,6,6,5001.543,59728.86328125
1144,9.0,0,6,6,5006.009,64734.8720703125
1145,10.0,0,6,6,5010.4746,0.0
1146,4.0,0,6,6,5013.8286,5013.82861328125
1147,5.0,0,6,6,5018.295,10032.12353515625
1148,1.0,0,6,6,5021.966,15054.08935546875
1149,1.0,0,6,6,5026.2725,20080.36181640625
1150,5.0,0,6,6,5031.2153,25111.5771484375
1151,7.0,0,6,6,5035.8403,30147.41748046875
1152,4.0,0,6,6,5039.671,35187.08837890625
1153,5.0,0,6,6,5044.136,40231.224609375
1154,12.0,0,6,6,5049.5547,45280.779296875
1155,9.0,0,6,6,5053.385,50334.1640625
