orderID,sourceID_encoded,PTAB,BodyGroup_from_encoded,BodyGroup_to_encoded,Predicted_timediff
0,10.0,0,1,1,56.554317
1,11.0,0,1,1,60.98031
2,4.0,0,1,1,64.74098
3,5.0,0,1,1,69.77965
4,6.0,0,1,1,75.589005
5,1.0,0,1,1,72.086716
6,6.0,0,1,1,87.07307
7,6.0,0,1,1,93.2807
8,1.0,0,1,1,81.49821
9,1.0,0,1,1,84.72189
10,1.0,0,1,1,88.11615
11,6.0,0,1,1,114.57168
12,6.0,0,1,1,119.15435
13,6.0,0,1,1,123.61125
14,6.0,0,1,1,127.98697
15,6.0,0,1,1,132.31537
16,7.0,0,1,1,137.66208
17,9.0,0,1,1,143.9866
18,10.0,0,1,1,149.25887
19,11.0,0,1,1,154.50742
20,4.0,0,1,1,153.38773
21,5.0,0,1,1,158.25574
22,6.0,0,1,1,163.11691
23,1.0,0,1,1,161.26108
24,6.0,0,1,1,172.23843
25,1.0,0,1,1,170.27325
26,1.0,0,1,1,174.49066
27,1.0,0,1,1,178.58438
28,1.0,0,1,1,182.59274
29,9.0,0,1,1,196.12747
30,10.0,0,1,1,201.19131
31,11.0,0,1,1,206.39203
32,4.0,0,1,1,208.1789
33,5.0,0,1,1,213.40775
34,6.0,0,1,1,218.34811
35,1.0,0,1,1,210.20374
36,6.0,0,1,1,227.58163
37,6.0,0,1,1,232.19559
38,6.0,0,1,1,236.80682
39,6.0,0,1,1,241.41437
40,1.0,0,1,1,230.63458
41,1.0,0,1,1,234.79831
42,1.0,0,1,1,238.98132
43,1.0,0,1,1,243.18109
44,6.0,0,1,1,264.3503
45,6.0,0,1,1,268.90347
46,6.0,0,1,1,273.43887
47,6.0,0,1,1,277.95264
48,6.0,0,1,1,282.44034
49,5.0,0,1,1,283.42487
50,6.0,0,1,1,291.31577
51,7.0,0,1,1,297.11966
52,10.0,0,1,1,302.84952
53,11.0,0,1,1,307.76688
54,4.0,0,1,1,294.27448
55,5.0,0,1,1,305.41214
56,6.0,0,1,1,316.63235
57,1.0,0,1,1,302.82916
58,6.0,0,1,1,324.42932
59,1.0,0,1,1,311.4067
60,6.0,0,1,1,331.8391
61,6.0,0,1,1,335.40436
62,6.0,0,1,1,338.88757
63,6.0,0,1,1,342.3022
64,6.0,0,1,1,345.66483
65,6.0,0,1,1,348.99475
66,1.0,0,1,1,341.46582
67,6.0,0,1,1,355.63757
68,6.0,0,1,1,358.98932
69,6.0,0,1,1,362.38287
70,7.0,0,1,1,376.33392
71,9.0,0,1,1,390.24506
72,10.0,0,1,1,395.61353
73,11.0,0,1,1,400.6383
74,4.0,0,1,1,376.43985
75,5.0,0,1,1,381.39084
76,6.0,0,1,1,387.92902
77,1.0,0,1,1,388.76877
78,6.0,0,1,1,395.79926
79,6.0,0,1,1,399.8082
80,6.0,0,1,1,403.85904
81,1.0,0,1,1,405.98117
82,1.0,0,1,1,410.28488
83,1.0,0,1,1,414.5887
84,1.0,0,1,1,418.89294
85,1.0,0,1,1,423.19724
86,9.0,0,1,1,452.15384
87,6.0,0,1,1,433.0127
88,10.0,0,1,1,467.29333
89,11.0,0,1,1,474.34387
90,4.0,0,1,1,445.19327
91,5.0,0,1,1,449.68665
92,6.0,0,1,1,454.29303
93,1.0,0,1,1,457.6372
94,1.0,0,1,1,461.9427
95,6.0,0,1,1,467.1383
96,6.0,0,1,1,471.42758
97,1.0,0,1,1,474.85986
98,1.0,0,1,1,479.16577
99,1.0,0,1,1,483.47168
100,1.0,0,1,1,487.7777
101,9.0,0,1,1,498.8397
102,10.0,0,1,1,514.4601
103,11.0,0,1,1,532.0224
104,4.0,0,1,1,505.47467
105,5.0,0,1,1,509.94196
106,6.0,0,1,1,514.41907
107,1.0,0,1,1,517.9212
108,1.0,0,1,1,522.22754
109,6.0,0,1,1,527.33307
110,6.0,0,1,1,531.63824
111,6.0,0,1,1,535.9438
112,6.0,0,1,1,540.2495
113,1.0,0,1,1,543.7601
114,1.0,0,1,1,548.0666
115,1.0,0,1,1,552.3732
116,1.0,0,1,1,556.6799
117,6.0,0,1,1,561.78046
118,9.0,0,1,1,566.8827
119,10.0,0,1,1,572.4828
120,11.0,0,1,1,581.52826
121,4.0,0,1,1,578.6883
122,5.0,0,1,1,583.15393
123,6.0,0,1,1,587.62006
124,1.0,0,1,1,591.1334
125,1.0,0,1,1,595.4401
126,6.0,0,1,1,600.54034
127,6.0,0,1,1,604.8471
128,6.0,0,1,1,609.1538
129,1.0,0,1,1,612.66724
130,6.0,0,1,1,617.76776
131,6.0,0,1,1,622.0745
132,1.0,0,1,1,625.5878
133,6.0,0,1,1,630.6881
134,6.0,0,1,1,634.99493
135,6.0,0,1,1,639.302
136,6.0,0,1,1,643.6088
137,6.0,0,1,1,647.91565
138,7.0,0,1,1,652.38165
139,9.0,0,1,1,657.01385
140,10.0,0,1,1,661.50836
141,11.0,0,1,1,666.1066
142,5.0,0,1,1,669.29114
143,6.0,0,1,1,673.75696
144,6.0,0,1,1,678.06384
145,1.0,0,1,1,681.57666
146,1.0,0,1,1,685.88367
147,1.0,0,1,1,690.1906
148,6.0,0,1,1,695.29156
149,6.0,0,1,1,699.59845
150,1.0,0,1,1,703.1111
151,1.0,0,1,1,707.41797
152,6.0,0,1,1,712.51917
153,6.0,0,1,1,716.82605
154,6.0,0,1,1,721.133
155,1.0,0,1,1,724.64557
156,6.0,0,1,1,729.74677
157,6.0,0,1,1,734.05365
158,5.0,0,1,1,738.2016
159,6.0,0,1,1,742.6674
160,6.0,0,1,1,746.97437
161,1.0,0,1,1,750.4869
162,9.0,0,1,1,756.0649
163,10.0,0,1,1,760.5313
164,11.0,0,1,1,764.9992
165,5.0,0,1,1,768.3499
166,4.0,0,1,1,772.49786
167,6.0,0,1,1,777.1226
168,6.0,0,1,1,781.4296
169,1.0,0,1,1,784.9422
170,1.0,0,1,1,789.2491
171,6.0,0,1,1,794.35034
172,6.0,0,1,1,798.6572
173,6.0,0,1,1,802.9641
174,6.0,0,1,1,807.27106
175,5.0,0,1,1,811.4191
176,6.0,0,1,1,815.88495
177,6.0,0,1,1,820.19183
178,6.0,0,1,1,824.4987
179,5.0,0,1,1,828.6468
180,5.0,0,1,1,832.9536
181,6.0,0,1,1,837.4195
182,6.0,0,1,1,841.7264
183,5.0,0,1,1,845.8743
184,6.0,0,1,1,850.34015
185,6.0,0,1,1,854.64703
186,7.0,0,1,1,859.11285
187,10.0,0,1,1,863.8965
188,11.0,0,1,1,868.3624
189,4.0,0,1,1,871.55695
190,5.0,0,1,1,876.0227
191,6.0,0,1,1,880.4886
192,6.0,0,1,1,884.7955
193,6.0,0,1,1,889.1024
194,6.0,0,1,1,893.4091
195,6.0,0,1,1,897.71625
196,1.0,0,1,1,901.2285
197,6.0,0,1,1,906.33
198,7.0,0,1,1,910.79584
199,9.0,0,1,1,915.4206
200,10.0,0,1,1,919.88635
201,11.0,0,1,1,924.3522
202,4.0,0,1,1,927.5468
203,5.0,0,1,1,932.0126
204,6.0,0,1,1,936.47833
205,6.0,0,1,1,940.7852
206,1.0,0,1,1,944.29767
207,6.0,0,1,1,949.399
208,6.0,0,1,1,953.7061
209,6.0,0,1,1,958.01294
210,6.0,0,1,1,962.3199
211,6.0,0,1,1,966.6268
212,6.0,0,1,1,970.9336
213,6.0,0,1,1,975.2404
214,5.0,0,1,1,979.3888
215,6.0,0,1,1,983.85443
216,1.0,0,1,1,987.3669
217,6.0,0,1,1,992.46844
218,6.0,0,1,1,996.77527
219,6.0,0,1,1,1001.0821
220,6.0,0,1,1,1005.3891
221,5.0,0,1,1,1009.537
222,7.0,0,1,1,1014.1617
223,,0,1,1,
224,10.0,0,1,1,1023.2523
225,11.0,0,1,1,1027.7181
226,5.0,0,1,1,1031.0715
227,4.0,0,1,1,1035.2195
228,6.0,0,1,1,1039.8442
229,6.0,0,1,1,1044.1514
230,1.0,0,1,1,1047.6636
231,1.0,0,1,1,1051.9706
232,1.0,0,1,1,1056.2775
233,1.0,0,1,1,1060.5844
234,6.0,0,1,1,1065.6857
235,6.0,0,1,1,1069.9926
236,6.0,0,1,1,1074.2997
237,6.0,0,1,1,1078.6064
238,9.0,0,1,1,1083.3903
239,10.0,0,1,1,1087.856
240,11.0,0,1,1,1092.3218
241,4.0,0,1,1,1095.5165
242,5.0,0,1,1,1099.9823
243,6.0,0,1,1,1104.448
244,1.0,0,1,1,1107.9603
245,1.0,0,1,1,1112.2673
246,1.0,0,1,1,1116.5741
247,1.0,0,1,1,1120.8811
248,6.0,0,1,1,1125.9825
249,1.0,0,1,1,1129.4949
250,9.0,0,1,1,1135.073
251,10.0,0,1,1,1139.5388
252,11.0,0,1,1,1144.0046
253,5.0,0,1,1,1147.3582
254,4.0,0,1,1,1151.506
255,6.0,0,1,1,1156.131
256,1.0,0,1,1,1159.6433
257,6.0,0,1,1,1164.7448
258,6.0,0,1,1,1169.0516
259,9.0,0,1,1,1173.8353
260,10.0,0,1,1,1178.301
261,11.0,0,1,1,1182.7668
262,4.0,0,1,1,1185.9614
263,5.0,0,1,1,1190.4272
264,6.0,0,1,1,1194.8933
265,1.0,0,1,1,1198.4055
266,6.0,0,1,1,1203.5071
267,6.0,0,1,1,1207.814
268,9.0,0,1,1,1212.5975
269,10.0,0,1,1,1217.0632
270,11.0,0,1,1,1221.529
271,4.0,0,1,1,1224.7239
272,5.0,0,1,1,1229.1893
273,6.0,0,1,1,1233.6554
274,1.0,0,1,1,1237.1677
275,6.0,0,1,1,1242.269
276,1.0,0,1,1,1245.7814
277,1.0,0,1,1,1250.0885
278,6.0,0,1,1,1255.19
279,1.0,0,1,1,1258.7024
280,6.0,0,1,1,1263.8035
281,6.0,0,1,1,1268.1108
282,6.0,0,1,1,1272.4177
283,10.0,0,1,1,1277.36
284,11.0,0,1,1,1281.8259
285,4.0,0,1,1,1285.0205
286,5.0,0,1,1,1289.4863
287,6.0,0,1,1,1293.952
288,9.0,0,1,1,1298.7357
289,10.0,0,1,1,1303.2014
290,11.0,0,1,1,1307.6675
291,4.0,0,1,1,1310.8618
292,5.0,0,1,1,1315.3276
293,6.0,0,1,1,1319.7937
294,1.0,0,1,1,1323.306
295,1.0,0,1,1,1327.6128
296,1.0,0,1,1,1331.9198
297,1.0,0,1,1,1336.2264
298,1.0,0,1,1,1340.5337
299,1.0,0,1,1,1344.8405
300,1.0,0,1,1,1349.1472
301,1.0,0,1,1,1353.4542
302,1.0,0,1,1,1357.7612
303,6.0,0,1,1,1362.8625
304,1.0,0,1,1,1366.375
305,6.0,0,1,1,1371.4763
306,6.0,0,1,1,1375.7834
307,9.0,0,1,1,1380.5671
308,10.0,0,1,1,1385.0327
309,11.0,0,1,1,1389.4988
310,4.0,0,1,1,1392.6934
311,5.0,0,1,1,1397.1589
312,10.0,0,1,1,1402.2603
313,11.0,0,1,1,1406.7262
314,5.0,0,1,1,1410.0797
315,4.0,0,1,1,1414.2278
316,10.0,0,1,1,1419.4879
317,11.0,0,1,1,1423.954
318,4.0,0,1,1,1427.1483
319,5.0,0,1,1,1431.6144
320,10.0,0,1,1,1436.7157
321,11.0,0,1,1,1441.1815
322,5.0,0,1,1,1444.535
323,4.0,0,1,1,1448.6831
324,10.0,0,1,1,1453.9435
325,11.0,0,1,1,1458.4094
326,4.0,0,1,1,1461.6038
327,5.0,0,1,1,1466.0696
328,6.0,0,1,1,1470.5356
329,1.0,0,1,1,1474.0479
330,1.0,0,1,1,1478.3547
331,1.0,0,1,1,1482.6616
332,6.0,0,1,1,1487.763
333,6.0,0,1,1,1492.07
334,1.0,0,1,1,1495.5825
335,1.0,0,1,1,1499.889
336,1.0,0,1,1,1504.1963
337,6.0,0,1,1,1509.2979
338,7.0,0,1,1,1513.7635
339,10.0,0,1,1,1518.547
340,11.0,0,1,1,1523.0131
341,4.0,0,1,1,1526.2076
342,5.0,0,1,1,1530.6733
343,6.0,0,1,1,1535.1392
344,1.0,0,1,1,1538.6517
345,1.0,0,1,1,1542.9586
346,1.0,0,1,1,1547.2655
347,6.0,0,1,1,1552.3671
348,6.0,0,1,1,1556.6736
349,1.0,0,1,1,1560.186
350,6.0,0,1,1,1565.2874
351,6.0,0,1,1,1569.5944
352,6.0,0,1,1,1573.9016
353,6.0,0,1,1,1578.2081
354,1.0,0,1,1,1581.7207
355,1.0,0,1,1,1586.0276
356,6.0,0,1,1,1591.1288
357,7.0,0,1,1,1595.5946
358,9.0,0,1,1,1600.2197
359,10.0,0,1,1,1604.6852
360,11.0,0,1,1,1609.151
361,4.0,0,1,1,1612.3455
362,5.0,0,1,1,1616.8115
363,6.0,0,1,1,1621.2773
364,1.0,0,1,1,1624.7896
365,6.0,0,1,1,1629.8911
366,6.0,0,1,1,1634.1982
367,6.0,0,1,1,1638.5051
368,6.0,0,1,1,1642.812
369,1.0,0,1,1,1646.3245
370,1.0,0,1,1,1650.6311
371,1.0,0,1,1,1654.9385
372,6.0,0,1,1,1660.0398
373,7.0,0,1,1,1664.5054
374,9.0,0,1,1,1669.1301
375,10.0,0,1,1,1673.5961
376,11.0,0,1,1,1678.062
377,4.0,0,1,1,1681.2562
378,5.0,0,1,1,1685.7224
379,6.0,0,1,1,1690.1879
380,6.0,0,1,1,1694.4946
381,6.0,0,1,1,1698.8019
382,6.0,0,1,1,1703.1089
383,6.0,0,1,1,1707.4154
384,6.0,0,1,1,1711.7227
385,6.0,0,1,1,1716.0295
386,1.0,0,1,1,1719.5417
387,1.0,0,1,1,1723.8489
388,6.0,0,1,1,1728.9502
389,6.0,0,1,1,1733.2571
390,6.0,0,1,1,1737.5642
391,6.0,0,1,1,1741.8707
392,6.0,0,1,1,1746.1779
393,7.0,0,1,1,1750.6438
394,6.0,0,1,1,1754.7917
395,7.0,0,1,1,1759.2573
396,9.0,0,1,1,1763.8821
397,10.0,0,1,1,1768.3483
398,11.0,0,1,1,1772.8142
399,5.0,0,1,1,1776.1671
400,4.0,0,1,1,1780.3153
401,6.0,0,1,1,1784.9401
402,1.0,0,1,1,1788.4528
403,6.0,0,1,1,1793.5537
404,1.0,0,1,1,1797.0665
405,1.0,0,1,1,1801.3732
406,1.0,0,1,1,1805.6799
407,1.0,0,1,1,1809.9868
408,1.0,0,1,1,1814.2937
409,1.0,0,1,1,1818.6011
410,1.0,0,1,1,1822.908
411,1.0,0,1,1,1827.2146
412,6.0,0,1,1,1832.316
413,1.0,0,1,1,1835.8286
414,6.0,0,1,1,1840.9299
415,7.0,0,1,1,1845.3956
416,9.0,0,1,1,1850.0206
417,10.0,0,1,1,1854.4865
418,11.0,0,1,1,1858.9519
419,4.0,0,1,1,1862.147
420,5.0,0,1,1,1866.6123
421,6.0,0,1,1,1871.0784
422,1.0,0,1,1,1874.591
423,6.0,0,1,1,1879.6917
424,1.0,0,1,1,1883.2043
425,1.0,0,1,1,1887.5112
426,6.0,0,1,1,1892.6128
427,1.0,0,1,1,1896.1252
428,1.0,0,1,1,1900.4321
429,1.0,0,1,1,1904.7388
430,1.0,0,1,1,1909.0459
431,1.0,0,1,1,1913.3528
432,1.0,0,1,1,1917.6597
433,6.0,0,1,1,1922.7612
434,10.0,0,1,1,1927.7036
435,11.0,0,1,1,1932.1696
436,4.0,0,1,1,1935.3643
437,5.0,0,1,1,1939.8298
438,6.0,0,1,1,1944.2954
439,6.0,0,1,1,1948.6027
440,1.0,0,1,1,1952.1151
441,1.0,0,1,1,1956.422
442,6.0,0,1,1,1961.5234
443,6.0,0,1,1,1965.8302
444,6.0,0,1,1,1970.1376
445,6.0,0,1,1,1974.4441
446,6.0,0,1,1,1978.7512
447,6.0,0,1,1,1983.0576
448,6.0,0,1,1,1987.365
449,1.0,0,1,1,1990.8774
450,1.0,0,1,1,1995.184
451,6.0,0,1,1,2000.2856
452,6.0,0,1,1,2004.5924
453,6.0,0,1,1,2008.8993
454,6.0,0,1,1,2013.2063
455,5.0,0,1,1,2017.3545
456,6.0,0,1,1,2021.8202
457,,0,1,1,
458,10.0,0,1,1,2031.0696
459,11.0,0,1,1,2035.5354
460,4.0,0,1,1,2038.7301
461,5.0,0,1,1,2043.1956
462,6.0,0,1,1,2047.6617
463,6.0,0,1,1,2051.9685
464,1.0,0,1,1,2055.4812
465,6.0,0,1,1,2060.5823
466,6.0,0,1,1,2064.8892
467,1.0,0,1,1,2068.4016
468,6.0,0,1,1,2073.5032
469,1.0,0,1,1,2077.0154
470,1.0,0,1,1,2081.3223
471,1.0,0,1,1,2085.6292
472,1.0,0,1,1,2089.9363
473,6.0,0,1,1,2095.0378
474,5.0,0,1,1,2099.1858
475,6.0,0,1,1,2103.6516
476,6.0,0,1,1,2107.9583
477,6.0,0,1,1,2112.2654
478,5.0,0,1,1,2116.413
479,6.0,0,1,1,2120.8792
480,7.0,0,1,1,2125.345
481,,0,1,1,
482,10.0,0,1,1,2134.4353
483,11.0,0,1,1,2138.9011
484,4.0,0,1,1,2142.0955
485,5.0,0,1,1,2146.5618
486,6.0,0,1,1,2151.0276
487,6.0,0,1,1,2155.3345
488,1.0,0,1,1,2158.847
489,1.0,0,1,1,2163.1538
490,1.0,0,1,1,2167.4607
491,6.0,0,1,1,2172.5623
492,6.0,0,1,1,2176.869
493,1.0,0,1,1,2180.3813
494,1.0,0,1,1,2184.6882
495,1.0,0,1,1,2188.9956
496,1.0,0,1,1,2193.302
497,1.0,0,1,1,2197.6091
498,9.0,0,1,1,2203.187
499,10.0,0,1,1,2207.653
500,11.0,0,1,1,2212.1194
501,4.0,0,1,1,2215.3137
502,5.0,0,1,1,2219.7793
503,6.0,0,1,1,2224.2449
504,1.0,0,1,1,2227.7576
505,1.0,0,1,1,2232.0645
506,6.0,0,1,1,2237.1655
507,6.0,0,1,1,2241.4724
508,6.0,0,1,1,2245.7795
509,6.0,0,1,1,2250.087
510,6.0,0,1,1,2254.3936
511,1.0,0,1,1,2257.9058
512,1.0,0,1,1,2262.213
513,9.0,0,1,1,2267.7913
514,10.0,0,1,1,2272.2568
515,11.0,0,1,1,2276.7227
516,5.0,0,1,1,2280.076
517,4.0,0,1,1,2284.2246
518,6.0,0,1,1,2288.8489
519,1.0,0,1,1,2292.361
520,1.0,0,1,1,2296.6687
521,1.0,0,1,1,2300.975
522,6.0,0,1,1,2306.0764
523,6.0,0,1,1,2310.383
524,1.0,0,1,1,2313.8958
525,1.0,0,1,1,2318.203
526,1.0,0,1,1,2322.5095
527,6.0,0,1,1,2327.611
528,6.0,0,1,1,2331.9177
529,1.0,0,1,1,2335.4302
530,1.0,0,1,1,2339.7375
531,6.0,0,1,1,2344.8384
532,9.0,0,1,1,2349.6223
533,10.0,0,1,1,2354.0876
534,11.0,0,1,1,2358.5542
535,5.0,0,1,1,2361.9072
536,4.0,0,1,1,2366.0554
537,6.0,0,1,1,2370.68
538,1.0,0,1,1,2374.1926
539,1.0,0,1,1,2378.4995
540,6.0,0,1,1,2383.6006
541,6.0,0,1,1,2387.9075
542,1.0,0,1,1,2391.42
543,1.0,0,1,1,2395.727
544,1.0,0,1,1,2400.0342
545,6.0,0,1,1,2405.135
546,6.0,0,1,1,2409.4424
547,9.0,0,1,1,2414.2258
548,10.0,0,1,3,2418.4382
549,11.0,0,1,3,2422.904
550,4.0,0,1,3,2426.0986
551,5.0,0,1,3,2430.5642
552,6.0,0,1,3,2435.03
553,6.0,0,1,3,2439.3372
554,1.0,0,1,3,2442.8496
555,1.0,0,1,3,2447.1565
556,5.0,0,1,3,2452.0986
557,6.0,0,1,3,2456.5645
558,6.0,0,1,3,2460.8718
559,6.0,0,1,3,2465.1785
560,6.0,0,1,3,2469.4854
561,1.0,0,1,3,2472.9978
562,6.0,0,1,3,2478.0996
563,1.0,0,1,3,2481.6116
564,1.0,0,1,3,2485.9185
565,6.0,0,1,3,2491.0198
566,7.0,0,1,3,2495.4856
567,9.0,0,1,3,2500.1106
568,10.0,0,1,3,2504.5764
569,11.0,0,1,3,2509.0417
570,4.0,0,1,3,2512.2366
571,5.0,0,1,3,2516.7024
572,1.0,0,1,3,2520.3743
573,1.0,0,1,3,2524.6807
574,1.0,0,1,3,2528.9878
575,5.0,0,1,3,2533.93
576,6.0,0,1,3,2538.396
577,6.0,0,1,3,2542.7026
578,6.0,0,1,3,2547.01
579,1.0,0,1,3,2550.5222
580,5.0,0,1,3,2555.465
581,6.0,0,1,3,2559.9304
582,7.0,0,1,3,2564.3962
583,9.0,0,1,3,2569.0208
584,10.0,0,1,6,2573.1067
585,11.0,0,1,6,2577.572
586,4.0,0,1,6,2580.7666
587,5.0,0,1,6,2585.2324
588,6.0,0,1,6,2589.698
589,1.0,0,1,6,2593.2104
590,6.0,0,1,6,2598.3123
591,1.0,0,1,6,2601.8242
592,5.0,0,1,6,2606.7673
593,6.0,0,1,6,2611.2324
594,6.0,0,1,6,2615.5398
595,5.0,0,1,6,2619.688
596,5.0,0,1,6,2623.9949
597,5.0,0,1,6,2628.3013
598,5.0,0,1,6,2632.6086
599,8.0,0,1,6,2637.392
600,5.0,0,1,6,2641.2222
601,6.0,0,1,6,2645.688
602,7.0,0,1,6,2650.154
603,9.0,0,1,6,2654.779
604,10.0,0,1,6,2659.2449
605,11.0,0,1,6,2663.7102
606,4.0,0,1,6,2666.905
607,5.0,0,1,6,2671.3704
608,6.0,0,1,6,2675.8367
609,1.0,0,1,6,2679.3489
610,6.0,0,1,6,2684.4502
611,1.0,0,1,6,2687.9631
612,1.0,0,1,6,2692.2703
613,5.0,0,1,6,2697.2122
614,6.0,0,1,6,2701.6777
615,5.0,0,1,6,2705.826
616,6.0,0,1,6,2710.2917
617,5.0,0,1,6,2714.4397
618,4.0,0,1,6,2718.5876
619,6.0,0,1,6,2723.2126
620,5.0,0,1,6,2727.3608
621,6.0,0,1,6,2731.8264
622,5.0,0,1,6,2735.9746
623,6.0,0,1,6,2740.4402
624,9.0,0,1,6,2745.2239
625,10.0,0,1,6,2749.6902
626,11.0,0,1,6,2754.1555
627,4.0,0,1,6,2757.3503
628,5.0,0,1,6,2761.8157
629,6.0,0,1,6,2766.2817
630,1.0,0,1,6,2769.7937
631,1.0,0,1,6,2774.1013
632,6.0,0,1,6,2779.2024
633,6.0,0,1,6,2783.5093
634,6.0,0,1,6,2787.8162
635,1.0,0,1,6,2791.3284
636,6.0,0,1,6,2796.43
637,1.0,0,1,6,2799.9424
638,9.0,0,1,6,2805.5208
639,10.0,0,1,6,2809.9863
640,11.0,0,1,6,2814.4521
641,4.0,0,1,6,2817.6465
642,5.0,0,1,6,2822.1125
643,6.0,0,1,6,2826.5786
644,9.0,0,1,6,2831.3625
645,10.0,0,3,1,2844.9382
646,11.0,0,3,1,2849.405
647,5.0,0,3,1,2852.7578
648,4.0,0,3,1,2856.9058
649,6.0,0,3,1,2861.5308
650,6.0,0,3,1,2865.8372
651,1.0,0,3,1,2869.35
652,6.0,0,3,1,2874.4512
653,6.0,0,3,1,2878.7583
654,6.0,0,3,1,2883.065
655,1.0,0,3,1,2886.5774
656,5.0,0,3,1,2891.5203
657,6.0,0,3,1,2895.9856
658,5.0,0,3,1,2900.1333
659,4.0,0,3,1,2904.282
660,6.0,0,3,1,2908.9065
661,10.0,0,3,1,2913.8494
662,11.0,0,3,1,2918.315
663,5.0,0,3,1,2921.6682
664,4.0,0,3,1,2925.817
665,6.0,0,3,1,2930.4412
666,1.0,0,3,1,2933.9536
667,1.0,0,3,1,2938.26
668,1.0,0,3,1,2942.5671
669,6.0,0,3,1,2947.6687
670,6.0,0,3,1,2951.9758
671,1.0,0,3,1,2955.488
672,1.0,0,3,1,2959.795
673,1.0,0,3,1,2964.1016
674,6.0,0,3,1,2969.2034
675,5.0,0,3,1,2973.3513
676,8.0,0,3,1,2978.1355
677,5.0,0,3,1,2981.9648
678,6.0,0,3,1,2986.431
679,9.0,0,3,1,2991.2148
680,10.0,0,3,3,2995.427
681,11.0,0,3,3,2999.8926
682,4.0,0,3,3,3003.0876
683,5.0,0,3,3,3007.5527
684,6.0,0,3,3,3012.0188
685,6.0,0,3,3,3016.3257
686,6.0,0,3,3,3020.6326
687,9.0,0,3,3,3025.4163
688,10.0,0,3,3,3029.882
689,11.0,0,3,3,3034.3484
690,4.0,0,3,3,3037.5425
691,5.0,0,3,3,3042.0085
692,6.0,0,3,3,3046.4739
693,6.0,0,3,3,3050.781
694,9.0,0,3,3,3055.5647
695,10.0,0,3,3,3060.0305
696,11.0,0,3,3,3064.496
697,4.0,0,3,3,3067.6912
698,5.0,0,3,3,3072.156
699,6.0,0,3,3,3076.6223
700,6.0,0,3,3,3080.9292
701,6.0,0,3,3,3085.2366
702,6.0,0,3,3,3089.543
703,6.0,0,3,3,3093.8499
704,6.0,0,3,3,3098.1575
705,6.0,0,3,3,3102.464
706,5.0,0,3,3,3106.612
707,5.0,0,3,3,3110.9187
708,6.0,0,3,3,3115.3843
709,7.0,0,3,3,3119.8503
710,9.0,0,3,3,3124.475
711,10.0,0,3,3,3128.9417
712,11.0,0,3,3,3133.407
713,4.0,0,3,3,3136.6018
714,5.0,0,3,3,3141.0679
715,6.0,0,3,3,3145.5334
716,6.0,0,3,3,3149.8398
717,1.0,0,3,3,3153.3528
718,6.0,0,3,3,3158.4534
719,6.0,0,3,3,3162.7612
720,6.0,0,3,3,3167.0676
721,1.0,0,3,3,3170.58
722,6.0,0,3,3,3175.681
723,7.0,0,3,3,3180.1472
724,9.0,0,3,3,3184.7722
725,10.0,0,3,3,3189.2375
726,11.0,0,3,3,3193.7034
727,4.0,0,3,3,3196.8984
728,5.0,0,3,3,3201.364
729,6.0,0,3,3,3205.83
730,6.0,0,3,3,3210.137
731,6.0,0,3,3,3214.444
732,6.0,0,3,3,3218.7507
733,6.0,0,3,3,3223.0574
734,6.0,0,3,3,3227.3645
735,1.0,0,3,3,3230.8767
736,6.0,0,3,3,3235.9783
737,7.0,0,3,3,3240.4436
738,9.0,0,3,3,3245.0686
739,10.0,0,3,3,3249.5344
740,11.0,0,3,3,3254.0007
741,4.0,0,3,3,3257.1943
742,5.0,0,3,3,3261.6606
743,6.0,0,3,3,3266.1262
744,10.0,0,3,3,3271.0688
745,11.0,0,3,3,3275.5347
746,5.0,0,3,3,3278.8882
747,4.0,0,3,3,3283.0369
748,6.0,0,3,3,3287.6606
749,6.0,0,3,3,3291.9685
750,6.0,0,3,3,3296.2756
751,6.0,0,3,3,3300.5823
752,6.0,0,3,3,3304.8887
753,1.0,0,3,3,3308.4016
754,5.0,0,3,3,3313.3438
755,7.0,0,3,3,3317.969
756,9.0,0,3,3,3322.593
757,10.0,0,3,3,3327.0596
758,11.0,0,3,3,3331.5242
759,5.0,0,3,3,3334.8787
760,4.0,0,3,3,3339.0266
761,6.0,0,3,3,3343.6516
762,6.0,0,3,3,3347.958
763,6.0,0,3,3,3352.2642
764,6.0,0,3,3,3356.5715
765,6.0,0,3,3,3360.879
766,6.0,0,3,3,3365.1858
767,1.0,0,3,3,3368.6973
768,5.0,0,3,3,3373.6409
769,6.0,0,3,3,3378.1062
770,7.0,0,3,3,3382.572
771,9.0,0,3,3,3387.1968
772,10.0,0,3,3,3391.6626
773,11.0,0,3,3,3396.1287
774,5.0,0,3,3,3399.4814
775,4.0,0,3,3,3403.6301
776,6.0,0,3,3,3408.2551
777,6.0,0,3,3,3412.5613
778,6.0,0,3,3,3416.8687
779,6.0,0,3,3,3421.175
780,6.0,0,3,3,3425.4824
781,6.0,0,3,3,3429.7888
782,6.0,0,3,3,3434.0962
783,5.0,0,3,3,3438.2444
784,6.0,0,3,3,3442.7102
785,1.0,0,3,3,3446.2224
786,6.0,0,3,3,3451.3237
787,10.0,0,3,3,3456.2664
788,11.0,0,3,3,3460.7324
789,4.0,0,3,3,3463.927
790,5.0,0,3,3,3468.3923
791,6.0,0,3,3,3472.8584
792,6.0,0,3,3,3477.1648
793,6.0,0,3,3,3481.4724
794,6.0,0,3,3,3485.7786
795,6.0,0,3,3,3490.0862
796,6.0,0,3,3,3494.3923
797,6.0,0,3,3,3498.6995
798,1.0,0,3,3,3502.212
799,5.0,0,3,3,3507.1548
800,6.0,0,3,3,3511.6208
801,7.0,0,3,3,3516.0864
802,9.0,0,3,3,3520.7112
803,10.0,0,3,3,3525.1768
804,11.0,0,3,3,3529.6428
805,4.0,0,3,3,3532.8367
806,5.0,0,3,3,3537.303
807,6.0,0,3,3,3541.7693
808,6.0,0,3,3,3546.076
809,1.0,0,3,3,3549.5884
810,6.0,0,3,3,3554.6895
811,6.0,0,3,3,3558.9963
812,6.0,0,3,3,3563.303
813,6.0,0,3,3,3567.6108
814,6.0,0,3,3,3571.9175
815,1.0,0,3,3,3575.4297
816,5.0,0,3,3,3580.3718
817,6.0,0,3,3,3584.8381
818,7.0,0,3,3,3589.3037
819,10.0,0,3,6,3593.7073
820,11.0,0,3,6,3598.1724
821,4.0,0,3,6,3601.3672
822,5.0,0,3,6,3605.833
823,6.0,0,3,6,3610.299
824,6.0,0,3,6,3614.6057
825,1.0,0,3,6,3618.1184
826,1.0,0,3,6,3622.4258
827,5.0,0,3,6,3627.3674
828,6.0,0,3,6,3631.8333
829,1.0,0,3,6,3635.3462
830,6.0,0,3,6,3640.4475
831,1.0,0,3,6,3643.9592
832,5.0,0,3,6,3648.902
833,6.0,0,3,6,3653.3682
834,9.0,0,3,6,3658.152
835,10.0,0,3,6,3662.6174
836,11.0,0,3,6,3667.083
837,5.0,0,3,6,3670.4368
838,4.0,0,3,6,3674.5847
839,6.0,0,3,6,3679.2095
840,6.0,0,3,6,3683.5168
841,6.0,0,3,6,3687.823
842,6.0,0,3,6,3692.1306
843,1.0,0,3,6,3695.6428
844,5.0,0,3,6,3700.5852
845,6.0,0,3,6,3705.051
846,6.0,0,3,6,3709.3582
847,5.0,0,3,6,3713.5063
848,5.0,0,3,6,3717.8125
849,6.0,0,3,6,3722.278
850,7.0,0,3,6,3726.7441
851,10.0,0,6,1,3744.8772
852,4.0,0,6,1,3748.2307
853,5.0,0,6,1,3752.6963
854,1.0,0,6,1,3756.3677
855,12.0,0,6,1,3762.4224
856,8.0,0,6,1,3766.094
857,4.0,0,6,1,3769.7651
858,5.0,0,6,1,3774.2305
859,5.0,0,6,1,3778.5374
860,1.0,0,6,1,3782.2087
861,4.0,0,6,1,3786.993
862,5.0,0,6,1,3791.4587
863,9.0,0,6,1,3796.401
864,10.0,0,6,1,3800.8672
865,4.0,0,6,1,3804.2205
866,1.0,0,6,1,3808.0505
867,5.0,0,6,1,3812.9927
868,5.0,0,6,1,3817.2998
869,5.0,0,6,1,3821.607
870,1.0,0,6,1,3825.2778
871,1.0,0,6,1,3829.5845
872,1.0,0,6,1,3833.8926
873,4.0,0,6,1,3838.6755
874,1.0,0,6,1,3842.5056
875,1.0,0,6,1,3846.8127
876,1.0,0,6,1,3851.1191
877,1.0,0,6,1,3855.4265
878,1.0,0,6,1,3859.7341
879,1.0,0,6,1,3864.0403
880,5.0,0,6,1,3868.983
881,12.0,0,6,1,3874.4019
882,5.0,0,6,1,3877.5972
883,12.0,0,6,1,3883.0164
884,9.0,0,6,1,3886.846
885,10.0,0,6,1,3891.3123
886,4.0,0,6,1,3894.6653
887,5.0,0,6,1,3899.131
888,1.0,0,6,1,3902.8025
889,1.0,0,6,1,3907.1094
890,5.0,0,6,1,3912.0515
891,7.0,0,6,1,3916.6768
892,4.0,0,6,1,3920.5066
893,5.0,0,6,1,3924.9731
894,12.0,0,6,1,3930.3923
895,9.0,0,6,1,3934.223
896,10.0,0,6,1,3938.6882
897,4.0,0,6,1,3942.0403
898,5.0,0,6,1,3946.5068
899,1.0,0,6,1,3950.1787
900,1.0,0,6,1,3954.4858
901,5.0,0,6,1,3959.428
902,7.0,0,6,1,3964.053
903,4.0,0,6,1,3967.8826
904,5.0,0,6,1,3972.3484
905,12.0,0,6,1,3977.7678
906,2.0,0,6,1,3980.486
907,9.0,0,6,1,3985.905
908,10.0,0,6,1,3990.3706
909,4.0,0,6,1,3993.7239
910,1.0,0,6,1,3997.5544
911,5.0,0,6,1,4002.497
912,1.0,0,6,1,4006.1682
913,5.0,0,6,1,4011.1106
914,4.0,0,6,1,4015.2585
915,5.0,0,6,1,4019.7249
916,4.0,0,6,1,4023.8733
917,5.0,0,6,1,4028.3384
918,5.0,0,6,1,4032.6458
919,7.0,0,6,1,4037.2703
920,5.0,0,6,1,4041.2598
921,7.0,0,6,1,4045.8843
922,4.0,0,6,1,4049.7139
923,12.0,0,6,1,4055.2925
924,8.0,0,6,1,4058.9636
925,2.0,0,6,1,4062.317
926,9.0,0,6,1,4067.736
927,10.0,0,6,1,4072.2026
928,4.0,0,6,1,4075.5554
929,5.0,0,6,1,4080.0215
930,1.0,0,6,1,4083.693
931,1.0,0,6,1,4087.9995
932,5.0,0,6,1,4092.9426
933,7.0,0,6,1,4097.5664
934,4.0,0,6,1,4101.398
935,5.0,0,6,1,4105.863
936,12.0,0,6,1,4111.2827
937,9.0,0,6,1,4115.1123
938,10.0,0,6,1,4119.5786
939,4.0,0,6,1,4122.9326
940,5.0,0,6,1,4127.3975
941,1.0,0,6,1,4131.0684
942,1.0,0,6,1,4135.376
943,5.0,0,6,1,4140.3184
944,4.0,0,6,1,4144.4673
945,5.0,0,6,1,4148.932
946,7.0,0,6,1,4153.5566
947,4.0,0,6,1,4157.387
948,12.0,0,6,1,4162.966
949,8.0,0,6,1,4166.6367
950,9.0,0,6,1,4171.102
951,10.0,0,6,1,4175.5684
952,4.0,0,6,1,4178.922
953,1.0,0,6,1,4182.752
954,5.0,0,6,1,4187.6943
955,1.0,0,6,1,4191.3657
956,5.0,0,6,1,4196.3086
957,4.0,0,6,1,4200.456
958,5.0,0,6,1,4204.922
959,7.0,0,6,1,4209.5464
960,4.0,0,6,1,4213.377
961,12.0,0,6,1,4218.9556
962,8.0,0,6,1,4222.6265
963,9.0,0,6,1,4227.093
964,10.0,0,6,1,4231.5576
965,4.0,0,6,1,4234.912
966,5.0,0,6,1,4239.3774
967,1.0,0,6,1,4243.049
968,1.0,0,6,1,4247.3555
969,5.0,0,6,1,4252.298
970,4.0,0,6,1,4256.446
971,5.0,0,6,1,4260.9126
972,5.0,0,6,1,4265.2188
973,7.0,0,6,1,4269.8438
974,5.0,0,6,1,4273.8325
975,12.0,0,6,1,4279.252
976,8.0,0,6,1,4282.923
977,9.0,0,6,1,4287.3887
978,10.0,0,6,1,4291.855
979,4.0,0,6,1,4295.2095
980,5.0,0,6,1,4299.674
981,1.0,0,6,1,4303.3457
982,1.0,0,6,1,4307.653
983,5.0,0,6,1,4312.595
984,7.0,0,6,1,4317.2197
985,4.0,0,6,1,4321.0493
986,5.0,0,6,1,4325.516
987,12.0,0,6,1,4330.935
988,9.0,0,6,1,4334.7656
989,10.0,0,6,3,4338.9775
990,11.0,0,6,3,4343.4434
991,4.0,0,6,3,4346.638
992,5.0,0,6,3,4351.1035
993,6.0,0,6,3,4355.569
994,1.0,0,6,3,4359.082
995,1.0,0,6,3,4363.389
996,5.0,0,6,3,4368.331
997,5.0,0,6,3,4372.6377
998,6.0,0,6,3,4377.1035
999,5.0,0,6,3,4381.2515
1000,6.0,0,6,3,4385.717
1001,7.0,0,6,3,4390.1836
1002,9.0,0,6,3,4394.808
1003,10.0,0,6,3,4399.275
1004,11.0,0,6,3,4403.74
1005,4.0,0,6,3,4406.9355
1006,5.0,0,6,3,4411.4
1007,6.0,0,6,3,4415.866
1008,6.0,0,6,3,4420.1724
1009,5.0,0,6,3,4424.3203
1010,6.0,0,6,3,4428.787
1011,5.0,0,6,3,4432.9346
1012,5.0,0,6,3,4437.2417
1013,1.0,0,6,3,4440.913
1014,1.0,0,6,3,4445.22
1015,5.0,0,6,3,4450.1626
1016,6.0,0,6,3,4454.628
1017,7.0,0,6,3,4459.0938
1018,10.0,0,6,6,4463.498
1019,4.0,0,6,6,4466.8506
1020,5.0,0,6,6,4471.317
1021,1.0,0,6,6,4474.987
1022,12.0,0,6,6,4481.0425
1023,8.0,0,6,6,4484.714
1024,4.0,0,6,6,4488.3857
1025,5.0,0,6,6,4492.851
1026,5.0,0,6,6,4497.158
1027,1.0,0,6,6,4500.8296
1028,4.0,0,6,6,4505.6123
1029,5.0,0,6,6,4510.079
1030,9.0,0,6,6,4515.021
1031,10.0,0,6,6,4519.4873
1032,4.0,0,6,6,4522.8403
1033,1.0,0,6,6,4526.67
1034,5.0,0,6,6,4531.6133
1035,5.0,0,6,6,4535.92
1036,5.0,0,6,6,4540.227
1037,1.0,0,6,6,4543.8984
1038,1.0,0,6,6,4548.205
1039,1.0,0,6,6,4552.5127
1040,4.0,0,6,6,4557.296
1041,1.0,0,6,6,4561.1265
1042,1.0,0,6,6,4565.433
1043,1.0,0,6,6,4569.7397
1044,1.0,0,6,6,4574.0464
1045,1.0,0,6,6,4578.3535
1046,1.0,0,6,6,4582.66
1047,5.0,0,6,6,4587.603
1048,12.0,0,6,6,4593.0225
1049,5.0,0,6,6,4596.217
1050,12.0,0,6,6,4601.6357
1051,9.0,0,6,6,4605.467
1052,10.0,0,6,6,4609.9316
1053,4.0,0,6,6,4613.286
1054,5.0,0,6,6,4617.752
1055,1.0,0,6,6,4621.423
1056,1.0,0,6,6,4625.7295
1057,5.0,0,6,6,4630.672
1058,7.0,0,6,6,4635.297
1059,4.0,0,6,6,4639.127
1060,5.0,0,6,6,4643.593
1061,12.0,0,6,6,4649.0127
1062,9.0,0,6,6,4652.843
1063,10.0,0,6,6,4657.308
1064,4.0,0,6,6,4660.6616
1065,5.0,0,6,6,4665.128
1066,1.0,0,6,6,4668.799
1067,1.0,0,6,6,4673.106
1068,5.0,0,6,6,4678.048
1069,7.0,0,6,6,4682.673
1070,4.0,0,6,6,4686.5034
1071,5.0,0,6,6,4690.9697
1072,12.0,0,6,6,4696.3887
1073,2.0,0,6,6,4699.1064
1074,9.0,0,6,6,4704.526
1075,10.0,0,6,6,4708.9907
1076,4.0,0,6,6,4712.3457
1077,1.0,0,6,6,4716.175
1078,5.0,0,6,6,4721.117
1079,1.0,0,6,6,4724.7886
1080,5.0,0,6,6,4729.7314
1081,4.0,0,6,6,4733.88
1082,5.0,0,6,6,4738.345
1083,4.0,0,6,6,4742.493
1084,5.0,0,6,6,4746.9595
1085,5.0,0,6,6,4751.266
1086,7.0,0,6,6,4755.89
1087,5.0,0,6,6,4759.88
1088,7.0,0,6,6,4764.504
1089,4.0,0,6,6,4768.335
1090,12.0,0,6,6,4773.912
1091,8.0,0,6,6,4777.585
1092,2.0,0,6,6,4780.9375
1093,9.0,0,6,6,4786.357
1094,10.0,0,6,6,4790.8223
1095,4.0,0,6,6,4794.1763
1096,5.0,0,6,6,4798.642
1097,1.0,0,6,6,4802.313
1098,1.0,0,6,6,4806.62
1099,5.0,0,6,6,4811.5625
1100,7.0,0,6,6,4816.188
1101,4.0,0,6,6,4820.0176
1102,5.0,0,6,6,4824.4834
1103,12.0,0,6,6,4829.9033
1104,9.0,0,6,6,4833.733
1105,10.0,0,6,6,4838.1987
1106,4.0,0,6,6,4841.5522
1107,5.0,0,6,6,4846.018
1108,1.0,0,6,6,4849.6895
1109,1.0,0,6,6,4853.9956
1110,5.0,0,6,6,4858.939
1111,4.0,0,6,6,4863.0874
1112,5.0,0,6,6,4867.5537
1113,7.0,0,6,6,4872.177
1114,4.0,0,6,6,4876.007
1115,12.0,0,6,6,4881.5854
1116,8.0,0,6,6,4885.2573
1117,9.0,0,6,6,4889.7217
1118,10.0,0,6,6,4894.1885
1119,4.0,0,6,6,4897.542
1120,1.0,0,6,6,4901.3726
1121,5.0,0,6,6,4906.3145
1122,1.0,0,6,6,4909.986
1123,5.0,0,6,6,4914.9287
1124,4.0,0,6,6,4919.077
1125,5.0,0,6,6,4923.542
1126,7.0,0,6,6,4928.167
1127,4.0,0,6,6,4931.998
1128,12.0,0,6,6,4937.5757
1129,8.0,0,6,6,4941.246
1130,9.0,0,6,6,4945.7124
1131,10.0,0,6,6,4950.178
1132,4.0,0,6,6,4953.532
1133,5.0,0,6,6,4957.998
1134,1.0,0,6,6,4961.6685
1135,1.0,0,6,6,4965.976
1136,5.0,0,6,6,4970.918
1137,4.0,0,6,6,4975.0664
1138,5.0,0,6,6,4979.5327
1139,5.0,0,6,6,4983.8394
1140,7.0,0,6,6,4988.464
1141,5.0,0,6,6,4992.4526
1142,12.0,0,6,6,4997.8726
1143,8.0,0,6,6,5001.543
1144,9.0,0,6,6,5006.009
1145,10.0,0,6,6,5010.4746
1146,4.0,0,6,6,5013.8286
1147,5.0,0,6,6,5018.295
1148,1.0,0,6,6,5021.966
1149,1.0,0,6,6,5026.2725
1150,5.0,0,6,6,5031.2153
1151,7.0,0,6,6,5035.8403
1152,4.0,0,6,6,5039.671
1153,5.0,0,6,6,5044.136
1154,12.0,0,6,6,5049.5547
1155,9.0,0,6,6,5053.385
