SeqOrder,sourceID_encoded,PTAB,BodyGroup_from_encoded,BodyGroup_to_encoded,Predicted_timediff
0,10.0,0,1,1,72.298416
1,11.0,0,1,1,84.11949
2,4.0,0,1,1,91.49478
3,5.0,0,1,1,103.058426
4,6.0,0,1,1,114.58884
5,1.0,0,1,1,116.44568
6,6.0,0,1,1,134.9848
7,6.0,0,1,1,144.56996
8,1.0,0,1,1,142.6132
9,1.0,0,1,1,151.33305
10,1.0,0,1,1,160.16315
11,6.0,0,1,1,178.46242
12,6.0,0,1,1,186.28719
13,6.0,0,1,1,194.13783
14,6.0,0,1,1,202.12164
15,6.0,0,1,1,210.2985
16,7.0,0,1,1,220.57094
17,9.0,0,1,1,233.22816
0,10.0,0,1,1,72.298416
1,11.0,0,1,1,84.11949
2,4.0,0,1,1,91.49478
3,5.0,0,1,1,103.058426
4,6.0,0,1,1,114.58884
5,1.0,0,1,1,116.44568
6,6.0,0,1,1,134.9848
7,1.0,0,1,1,133.95248
8,1.0,0,1,1,142.6132
9,1.0,0,1,1,151.33305
10,1.0,0,1,1,160.16315
11,9.0,0,1,1,187.25238
0,10.0,0,1,1,72.298416
1,11.0,0,1,1,84.11949
2,4.0,0,1,1,91.49478
3,5.0,0,1,1,103.058426
4,6.0,0,1,1,114.58884
5,1.0,0,1,1,116.44568
6,6.0,0,1,1,134.9848
7,6.0,0,1,1,144.56996
8,6.0,0,1,1,153.67258
9,6.0,0,1,1,162.29794
10,1.0,0,1,1,160.16315
11,1.0,0,1,1,169.12564
12,1.0,0,1,1,178.2216
13,1.0,0,1,1,187.43968
14,6.0,0,1,1,202.12164
15,6.0,0,1,1,210.2985
16,6.0,0,1,1,218.686
17,6.0,0,1,1,227.2733
18,6.0,0,1,1,236.03473
19,5.0,0,1,1,244.76477
20,6.0,0,1,1,254.33965
21,7.0,0,1,1,264.01172
0,10.0,0,1,1,72.298416
1,11.0,0,1,1,84.11949
2,4.0,0,1,1,91.49478
3,5.0,0,1,1,103.058426
4,6.0,0,1,1,114.58884
5,1.0,0,1,1,116.44568
6,6.0,0,1,1,134.9848
7,1.0,0,1,1,133.95248
8,6.0,0,1,1,153.67258
9,6.0,0,1,1,162.29794
10,6.0,0,1,1,170.51811
11,6.0,0,1,1,178.4624
12,6.0,0,1,1,186.28719
13,6.0,0,1,1,194.13783
14,1.0,0,1,1,196.76288
15,6.0,0,1,1,210.2985
16,6.0,0,1,1,218.686
17,6.0,0,1,1,227.2733
18,7.0,0,1,1,237.41466
19,9.0,0,1,1,249.26419
0,10.0,0,1,1,72.298416
1,11.0,0,1,1,84.11949
2,4.0,0,1,1,91.49478
3,5.0,0,1,1,103.058426
4,6.0,0,1,1,114.58884
5,1.0,0,1,1,116.44568
6,6.0,0,1,1,134.9848
7,6.0,0,1,1,144.56996
8,6.0,0,1,1,153.67258
9,1.0,0,1,1,151.33305
10,1.0,0,1,1,160.16315
11,1.0,0,1,1,169.12564
12,1.0,0,1,1,178.2216
13,1.0,0,1,1,187.43968
14,9.0,0,1,1,210.79066
15,6.0,0,1,1,210.2985
0,10.0,0,1,1,72.298416
1,11.0,0,1,1,84.11949
2,4.0,0,1,1,91.49478
3,5.0,0,1,1,103.058426
4,6.0,0,1,1,114.58884
5,1.0,0,1,1,116.44568
6,1.0,0,1,1,125.267
7,6.0,0,1,1,144.56998
8,6.0,0,1,1,153.67258
9,1.0,0,1,1,151.33305
10,1.0,0,1,1,160.16315
11,1.0,0,1,1,169.12564
12,1.0,0,1,1,178.2216
13,9.0,0,1,1,203.29703
0,10.0,0,1,1,72.298416
1,11.0,0,1,1,84.11949
2,4.0,0,1,1,91.49478
3,5.0,0,1,1,103.058426
4,6.0,0,1,1,114.58884
5,1.0,0,1,1,116.44568
6,1.0,0,1,1,125.267
7,6.0,0,1,1,144.56996
8,6.0,0,1,1,153.67258
9,6.0,0,1,1,162.29794
10,6.0,0,1,1,170.51811
11,1.0,0,1,1,169.12564
12,1.0,0,1,1,178.2216
13,1.0,0,1,1,187.43968
14,1.0,0,1,1,196.76288
15,6.0,0,1,1,210.2985
16,9.0,0,1,1,225.6049
0,10.0,0,1,1,72.298416
1,11.0,0,1,1,84.11949
2,4.0,0,1,1,91.49478
3,5.0,0,1,1,103.058426
4,6.0,0,1,1,114.58884
5,1.0,0,1,1,116.44568
6,1.0,0,1,1,125.267
7,6.0,0,1,1,144.56998
8,6.0,0,1,1,153.67256
9,6.0,0,1,1,162.29794
10,1.0,0,1,1,160.16315
11,6.0,0,1,1,178.46242
12,6.0,0,1,1,186.28719
13,1.0,0,1,1,187.43968
14,6.0,0,1,1,202.12164
15,6.0,0,1,1,210.2985
16,6.0,0,1,1,218.686
17,6.0,0,1,1,227.2733
18,6.0,0,1,1,236.03473
19,7.0,0,1,1,246.13602
20,9.0,0,1,1,257.67944
0,10.0,0,1,1,72.298416
1,11.0,0,1,1,84.11949
2,5.0,0,1,1,92.33382
3,6.0,0,1,1,103.93254
4,6.0,0,1,1,114.58884
5,1.0,0,1,1,116.44568
6,1.0,0,1,1,125.267
7,1.0,0,1,1,133.95248
8,6.0,0,1,1,153.67258
9,6.0,0,1,1,162.29794
10,1.0,0,1,1,160.16315
11,1.0,0,1,1,169.12564
12,6.0,0,1,1,186.28719
13,6.0,0,1,1,194.13783
14,6.0,0,1,1,202.12164
15,1.0,0,1,1,206.17285
16,6.0,0,1,1,218.686
17,6.0,0,1,1,227.2733
18,5.0,0,1,1,235.45338
19,6.0,0,1,1,245.07028
20,6.0,0,1,1,254.33965
21,1.0,0,1,1,263.64417
22,9.0,0,1,1,275.13977
0,10.0,0,1,1,72.298416
1,11.0,0,1,1,84.11949
2,5.0,0,1,1,92.33382
3,4.0,0,1,1,102.02814
4,6.0,0,1,1,114.58884
5,6.0,0,1,1,124.965515
6,1.0,0,1,1,125.267
7,1.0,0,1,1,133.95248
8,6.0,0,1,1,153.67258
9,6.0,0,1,1,162.29794
10,6.0,0,1,1,170.51811
11,6.0,0,1,1,178.46242
12,5.0,0,1,1,183.65977
13,6.0,0,1,1,194.13783
14,6.0,0,1,1,202.12164
15,6.0,0,1,1,210.2985
16,5.0,0,1,1,217.26167
17,5.0,0,1,1,226.27611
18,6.0,0,1,1,236.03473
19,6.0,0,1,1,245.07027
20,5.0,0,1,1,254.18431
21,6.0,0,1,1,263.72705
22,6.0,0,1,1,273.20877
23,7.0,0,1,1,282.7009
0,10.0,0,1,1,72.298416
1,11.0,0,1,1,84.11949
2,4.0,0,1,1,91.49478
3,5.0,0,1,1,103.058426
4,6.0,0,1,1,114.58884
5,6.0,0,1,1,124.965515
6,6.0,0,1,1,134.9848
7,6.0,0,1,1,144.56996
8,6.0,0,1,1,153.67258
9,1.0,0,1,1,151.33305
10,6.0,0,1,1,170.51811
11,7.0,0,1,1,181.4396
12,9.0,0,1,1,195.5018
0,10.0,0,1,1,72.298416
1,11.0,0,1,1,84.11949
2,4.0,0,1,1,91.49478
3,5.0,0,1,1,103.058426
4,6.0,0,1,1,114.58884
5,6.0,0,1,1,124.965515
6,1.0,0,1,1,125.267
7,6.0,0,1,1,144.56996
8,6.0,0,1,1,153.67258
9,6.0,0,1,1,162.29794
10,6.0,0,1,1,170.51811
11,6.0,0,1,1,178.46242
12,6.0,0,1,1,186.28719
13,6.0,0,1,1,194.13783
14,5.0,0,1,1,200.0295
15,6.0,0,1,1,210.2985
16,1.0,0,1,1,215.65227
17,6.0,0,1,1,227.2733
18,6.0,0,1,1,236.03473
19,6.0,0,1,1,245.07027
20,6.0,0,1,1,254.33965
21,5.0,0,1,1,263.68973
22,7.0,0,1,1,273.24988
23,,0,1,1,
0,10.0,0,1,1,72.298416
1,11.0,0,1,1,84.11949
2,5.0,0,1,1,92.33382
3,4.0,0,1,1,102.02814
4,6.0,0,1,1,114.58884
5,6.0,0,1,1,124.965515
6,1.0,0,1,1,125.267
7,1.0,0,1,1,133.95248
8,1.0,0,1,1,142.6132
9,1.0,0,1,1,151.33305
10,6.0,0,1,1,170.51811
11,6.0,0,1,1,178.46242
12,6.0,0,1,1,186.28719
13,6.0,0,1,1,194.13783
14,9.0,0,1,1,210.79066
0,10.0,0,1,1,72.298416
1,11.0,0,1,1,84.11949
2,4.0,0,1,1,91.49478
3,5.0,0,1,1,103.058426
4,6.0,0,1,1,114.58884
5,1.0,0,1,1,116.44568
6,1.0,0,1,1,125.267
7,1.0,0,1,1,133.95248
8,1.0,0,1,1,142.6132
9,6.0,0,1,1,162.29794
10,1.0,0,1,1,160.16315
11,9.0,0,1,1,187.25238
0,10.0,0,1,1,72.298416
1,11.0,0,1,1,84.11949
2,5.0,0,1,1,92.33382
3,4.0,0,1,1,102.02814
4,6.0,0,1,1,114.58884
5,1.0,0,1,1,116.44568
6,6.0,0,1,1,134.9848
7,6.0,0,1,1,144.56996
8,9.0,0,1,1,159.29631
0,10.0,0,1,1,72.298416
1,11.0,0,1,1,84.11949
2,4.0,0,1,1,91.49478
3,5.0,0,1,1,103.058426
4,6.0,0,1,1,114.58884
5,1.0,0,1,1,116.44568
6,6.0,0,1,1,134.9848
7,6.0,0,1,1,144.56996
8,9.0,0,1,1,159.29631
0,10.0,0,1,1,72.298416
1,11.0,0,1,1,84.11949
2,4.0,0,1,1,91.49478
3,5.0,0,1,1,103.058426
4,6.0,0,1,1,114.58884
5,1.0,0,1,1,116.44568
6,6.0,0,1,1,134.9848
7,1.0,0,1,1,133.95248
8,1.0,0,1,1,142.6132
9,6.0,0,1,1,162.29794
10,1.0,0,1,1,160.16315
11,6.0,0,1,1,178.46242
12,6.0,0,1,1,186.28719
13,6.0,0,1,1,194.13783
0,10.0,0,1,1,72.298416
1,11.0,0,1,1,84.11949
2,4.0,0,1,1,91.49478
3,5.0,0,1,1,103.058426
4,6.0,0,1,1,114.58884
5,9.0,0,1,1,127.53146
0,10.0,0,1,1,72.298416
1,11.0,0,1,1,84.11949
2,4.0,0,1,1,91.49478
3,5.0,0,1,1,103.058426
4,6.0,0,1,1,114.58884
5,1.0,0,1,1,116.44568
6,1.0,0,1,1,125.267
7,1.0,0,1,1,133.95248
8,1.0,0,1,1,142.6132
9,1.0,0,1,1,151.33305
10,1.0,0,1,1,160.16315
11,1.0,0,1,1,169.12564
12,1.0,0,1,1,178.2216
13,1.0,0,1,1,187.43968
14,6.0,0,1,1,202.12164
15,1.0,0,1,1,206.17285
16,6.0,0,1,1,218.686
17,6.0,0,1,1,227.2733
18,9.0,0,1,1,241.10825
0,10.0,0,1,1,72.298416
1,11.0,0,1,1,84.11949
2,4.0,0,1,1,91.49478
3,5.0,0,1,1,103.058426
0,10.0,0,1,1,72.298416
1,11.0,0,1,1,84.11949
2,5.0,0,1,1,92.33382
3,4.0,0,1,1,102.02814
0,10.0,0,1,1,72.298416
1,11.0,0,1,1,84.11949
2,4.0,0,1,1,91.49478
3,5.0,0,1,1,103.058426
0,10.0,0,1,1,72.298416
1,11.0,0,1,1,84.11949
2,5.0,0,1,1,92.33382
3,4.0,0,1,1,102.02814
0,10.0,0,1,1,72.298416
1,11.0,0,1,1,84.11949
2,4.0,0,1,1,91.49478
3,5.0,0,1,1,103.058426
4,6.0,0,1,1,114.58884
5,1.0,0,1,1,116.44568
6,1.0,0,1,1,125.267
7,1.0,0,1,1,133.95248
8,6.0,0,1,1,153.67258
9,6.0,0,1,1,162.29794
10,1.0,0,1,1,160.16315
11,1.0,0,1,1,169.12564
12,1.0,0,1,1,178.2216
13,6.0,0,1,1,194.13783
14,7.0,0,1,1,204.62479
0,10.0,0,1,1,72.298416
1,11.0,0,1,1,84.11949
2,4.0,0,1,1,91.49478
3,5.0,0,1,1,103.058426
4,6.0,0,1,1,114.58884
5,1.0,0,1,1,116.44568
6,1.0,0,1,1,125.267
7,1.0,0,1,1,133.95248
8,6.0,0,1,1,153.67258
9,6.0,0,1,1,162.29794
10,1.0,0,1,1,160.16315
11,6.0,0,1,1,178.4624
12,6.0,0,1,1,186.28716
13,6.0,0,1,1,194.13783
14,6.0,0,1,1,202.12164
15,1.0,0,1,1,206.17285
16,1.0,0,1,1,215.65227
17,6.0,0,1,1,227.2733
18,7.0,0,1,1,237.41466
19,9.0,0,1,1,249.26419
0,10.0,0,1,1,72.298416
1,11.0,0,1,1,84.11949
2,4.0,0,1,1,91.49478
3,5.0,0,1,1,103.058426
4,6.0,0,1,1,114.58884
5,1.0,0,1,1,116.44568
6,6.0,0,1,1,134.9848
7,6.0,0,1,1,144.56996
8,6.0,0,1,1,153.67258
9,6.0,0,1,1,162.29794
10,1.0,0,1,1,160.16315
11,1.0,0,1,1,169.12564
12,1.0,0,1,1,178.2216
13,6.0,0,1,1,194.13783
14,7.0,0,1,1,204.62479
15,9.0,0,1,1,218.16855
0,10.0,0,1,1,72.298416
1,11.0,0,1,1,84.11949
2,4.0,0,1,1,91.49478
3,5.0,0,1,1,103.058426
4,6.0,0,1,1,114.58884
5,6.0,0,1,1,124.965515
6,6.0,0,1,1,134.9848
7,6.0,0,1,1,144.56998
8,6.0,0,1,1,153.67256
9,6.0,0,1,1,162.29794
10,6.0,0,1,1,170.51811
11,1.0,0,1,1,169.12564
12,1.0,0,1,1,178.2216
13,6.0,0,1,1,194.13783
14,6.0,0,1,1,202.12164
15,6.0,0,1,1,210.2985
16,6.0,0,1,1,218.686
17,6.0,0,1,1,227.2733
18,7.0,0,1,1,237.41466
19,6.0,0,1,1,245.07027
20,7.0,0,1,1,255.01283
21,9.0,0,1,1,266.3184
0,10.0,0,1,1,72.298416
1,11.0,0,1,1,84.11949
2,5.0,0,1,1,92.33382
3,4.0,0,1,1,102.02814
4,6.0,0,1,1,114.58884
5,1.0,0,1,1,116.44568
6,6.0,0,1,1,134.9848
7,1.0,0,1,1,133.95248
8,1.0,0,1,1,142.6132
9,1.0,0,1,1,151.33305
10,1.0,0,1,1,160.16315
11,1.0,0,1,1,169.12564
12,1.0,0,1,1,178.2216
13,1.0,0,1,1,187.43968
14,1.0,0,1,1,196.76288
15,6.0,0,1,1,210.2985
16,1.0,0,1,1,215.65227
17,6.0,0,1,1,227.27328
18,7.0,0,1,1,237.41466
19,9.0,0,1,1,249.26419
0,10.0,0,1,1,72.298416
1,11.0,0,1,1,84.11949
2,4.0,0,1,1,91.49478
3,5.0,0,1,1,103.058426
4,6.0,0,1,1,114.58884
5,1.0,0,1,1,116.44568
6,6.0,0,1,1,134.9848
7,1.0,0,1,1,133.95248
8,1.0,0,1,1,142.6132
9,6.0,0,1,1,162.29794
10,1.0,0,1,1,160.16315
11,1.0,0,1,1,169.12564
12,1.0,0,1,1,178.2216
13,1.0,0,1,1,187.43968
14,1.0,0,1,1,196.76288
15,1.0,0,1,1,206.17285
16,6.0,0,1,1,218.686
0,10.0,0,1,1,72.298416
1,11.0,0,1,1,84.11949
2,4.0,0,1,1,91.49478
3,5.0,0,1,1,103.058426
4,6.0,0,1,1,114.58884
5,6.0,0,1,1,124.965515
6,1.0,0,1,1,125.267
7,1.0,0,1,1,133.95248
8,6.0,0,1,1,153.67258
9,6.0,0,1,1,162.29794
10,6.0,0,1,1,170.51811
11,6.0,0,1,1,178.46242
12,6.0,0,1,1,186.28716
13,6.0,0,1,1,194.13786
14,6.0,0,1,1,202.12164
15,1.0,0,1,1,206.17285
16,1.0,0,1,1,215.65227
17,6.0,0,1,1,227.2733
18,6.0,0,1,1,236.03473
19,6.0,0,1,1,245.07027
20,6.0,0,1,1,254.33965
21,5.0,0,1,1,263.68973
22,6.0,0,1,1,273.20877
23,,0,1,1,
0,10.0,0,1,1,72.298416
1,11.0,0,1,1,84.11949
2,4.0,0,1,1,91.49478
3,5.0,0,1,1,103.058426
4,6.0,0,1,1,114.58884
5,6.0,0,1,1,124.965515
6,1.0,0,1,1,125.267
7,6.0,0,1,1,144.56996
8,6.0,0,1,1,153.67258
9,1.0,0,1,1,151.33305
10,6.0,0,1,1,170.51811
11,1.0,0,1,1,169.12564
12,1.0,0,1,1,178.2216
13,1.0,0,1,1,187.43968
14,1.0,0,1,1,196.76288
15,6.0,0,1,1,210.2985
16,5.0,0,1,1,217.26167
17,6.0,0,1,1,227.2733
18,6.0,0,1,1,236.03473
19,6.0,0,1,1,245.07027
20,5.0,0,1,1,254.18431
21,6.0,0,1,1,263.72705
22,7.0,0,1,1,273.24985
23,,0,1,1,
0,10.0,0,1,1,72.298416
1,11.0,0,1,1,84.11949
2,4.0,0,1,1,91.49478
3,5.0,0,1,1,103.058426
4,6.0,0,1,1,114.58884
5,6.0,0,1,1,124.965515
6,1.0,0,1,1,125.267
7,1.0,0,1,1,133.95248
8,1.0,0,1,1,142.6132
9,6.0,0,1,1,162.29794
10,6.0,0,1,1,170.51811
11,1.0,0,1,1,169.12564
12,1.0,0,1,1,178.2216
13,1.0,0,1,1,187.43968
14,1.0,0,1,1,196.76288
15,1.0,0,1,1,206.17285
16,9.0,0,1,1,225.6049
0,10.0,0,1,1,72.298416
1,11.0,0,1,1,84.11949
2,4.0,0,1,1,91.49478
3,5.0,0,1,1,103.058426
4,6.0,0,1,1,114.58884
5,1.0,0,1,1,116.44568
6,1.0,0,1,1,125.267
7,6.0,0,1,1,144.56996
8,6.0,0,1,1,153.67258
9,6.0,0,1,1,162.29794
10,6.0,0,1,1,170.51811
11,6.0,0,1,1,178.4624
12,1.0,0,1,1,178.22162
13,1.0,0,1,1,187.43968
14,9.0,0,1,1,210.79066
0,10.0,0,1,1,72.298416
1,11.0,0,1,1,84.11949
2,5.0,0,1,1,92.33382
3,4.0,0,1,1,102.02814
4,6.0,0,1,1,114.58884
5,1.0,0,1,1,116.44568
6,1.0,0,1,1,125.267
7,1.0,0,1,1,133.95248
8,6.0,0,1,1,153.67258
9,6.0,0,1,1,162.29794
10,1.0,0,1,1,160.16315
11,1.0,0,1,1,169.12564
12,1.0,0,1,1,178.2216
13,6.0,0,1,1,194.13783
14,6.0,0,1,1,202.12164
15,1.0,0,1,1,206.17285
16,1.0,0,1,1,215.65227
17,6.0,0,1,1,227.2733
18,9.0,0,1,1,241.10825
0,10.0,0,1,1,72.298416
1,11.0,0,1,1,84.11949
2,5.0,0,1,1,92.33382
3,4.0,0,1,1,102.02814
4,6.0,0,1,1,114.58884
5,1.0,0,1,1,116.44568
6,1.0,0,1,1,125.267
7,6.0,0,1,1,144.56996
8,6.0,0,1,1,153.67258
9,1.0,0,1,1,151.33307
10,1.0,0,1,1,160.16315
11,1.0,0,1,1,169.12564
12,6.0,0,1,1,186.28719
13,6.0,0,1,1,194.13783
14,9.0,0,1,1,210.79066
0,10.0,0,1,3,99.10948
1,11.0,0,1,3,110.72734
2,4.0,0,1,3,118.72606
3,5.0,0,1,3,130.48456
4,6.0,0,1,3,142.24367
5,6.0,0,1,3,153.3645
6,1.0,0,1,3,158.62143
7,1.0,0,1,3,168.23077
8,5.0,0,1,3,184.84448
9,6.0,0,1,3,196.54778
10,6.0,0,1,3,206.67879
11,6.0,0,1,3,216.35524
12,6.0,0,1,3,225.47455
13,1.0,0,1,3,217.21556
14,6.0,0,1,3,241.79572
15,1.0,0,1,3,233.13873
16,1.0,0,1,3,241.49998
17,6.0,0,1,3,262.47977
18,7.0,0,1,3,273.39383
19,9.0,0,1,3,289.13788
0,10.0,0,1,3,99.10948
1,11.0,0,1,3,110.72734
2,4.0,0,1,3,118.72606
3,5.0,0,1,3,130.48456
4,1.0,0,1,3,138.20805
5,1.0,0,1,3,148.56964
6,1.0,0,1,3,158.62143
7,5.0,0,1,3,174.33925
8,6.0,0,1,3,186.06676
9,6.0,0,1,3,196.54778
10,6.0,0,1,3,206.67879
11,1.0,0,1,3,201.87802
12,5.0,0,1,3,222.49866
13,6.0,0,1,3,233.96068
14,7.0,0,1,3,245.43266
15,9.0,0,1,3,260.16824
0,10.0,0,1,6,138.5511
1,11.0,0,1,6,150.33603
2,4.0,0,1,6,157.84305
3,5.0,0,1,6,169.63438
4,6.0,0,1,6,181.42819
5,1.0,0,1,6,189.99384
6,6.0,0,1,6,204.02415
7,1.0,0,1,6,212.26642
8,5.0,0,1,6,226.04779
9,6.0,0,1,6,237.86282
10,6.0,0,1,6,249.09962
11,5.0,0,1,6,259.61142
12,5.0,0,1,6,270.66663
13,5.0,0,1,6,281.60486
14,5.0,0,1,6,292.3768
15,8.0,0,1,6,306.12445
16,5.0,0,1,6,313.1307
17,6.0,0,1,6,324.95035
18,7.0,0,1,6,336.7596
19,9.0,0,1,6,350.16238
0,10.0,0,1,6,138.5511
1,11.0,0,1,6,150.33603
2,4.0,0,1,6,157.84303
3,5.0,0,1,6,169.63437
4,6.0,0,1,6,181.42819
5,1.0,0,1,6,189.99384
6,6.0,0,1,6,204.02415
7,1.0,0,1,6,212.26642
8,1.0,0,1,6,223.29889
9,5.0,0,1,6,237.28079
10,6.0,0,1,6,249.09962
11,5.0,0,1,6,259.61142
12,6.0,0,1,6,271.43707
13,5.0,0,1,6,281.60486
14,4.0,0,1,6,291.07788
15,6.0,0,1,6,304.20612
16,5.0,0,1,6,313.1307
17,6.0,0,1,6,324.95035
18,5.0,0,1,6,332.12332
19,6.0,0,1,6,343.9089
20,9.0,0,1,6,360.35178
0,10.0,0,1,6,138.5511
1,11.0,0,1,6,150.33603
2,4.0,0,1,6,157.84305
3,5.0,0,1,6,169.63438
4,6.0,0,1,6,181.42819
5,1.0,0,1,6,189.99384
6,1.0,0,1,6,201.15695
7,6.0,0,1,6,215.3172
8,6.0,0,1,6,226.59904
9,6.0,0,1,6,237.86282
10,1.0,0,1,6,245.34073
11,6.0,0,1,6,260.29694
12,1.0,0,1,6,266.60794
13,9.0,0,1,6,284.5209
0,10.0,0,1,6,138.5511
1,11.0,0,1,6,150.33603
2,4.0,0,1,6,157.84305
3,5.0,0,1,6,169.63438
4,6.0,0,1,6,181.42819
5,9.0,0,1,6,194.22154
0,10.0,0,3,1,98.19086
1,11.0,0,3,1,109.84201
2,5.0,0,3,1,117.07106
3,4.0,0,3,1,126.07175
4,6.0,0,3,1,139.02219
5,6.0,0,3,1,149.01183
6,1.0,0,3,1,146.15811
7,6.0,0,3,1,167.56161
8,6.0,0,3,1,176.0487
9,6.0,0,3,1,184.0676
10,1.0,0,3,1,179.92015
11,5.0,0,3,1,196.1828
12,6.0,0,3,1,206.78128
13,5.0,0,3,1,211.9647
14,4.0,0,3,1,218.44868
15,6.0,0,3,1,230.4721
0,10.0,0,3,1,98.19086
1,11.0,0,3,1,109.84201
2,5.0,0,3,1,117.07106
3,4.0,0,3,1,126.07175
4,6.0,0,3,1,139.02219
5,1.0,0,3,1,137.89919
6,1.0,0,3,1,146.15811
7,1.0,0,3,1,154.3658
8,6.0,0,3,1,176.0487
9,6.0,0,3,1,184.06761
10,1.0,0,3,1,179.92012
11,1.0,0,3,1,188.78862
12,1.0,0,3,1,197.8202
13,6.0,0,3,1,214.44293
14,5.0,0,3,1,220.19092
15,8.0,0,3,1,235.43591
16,5.0,0,3,1,237.30281
17,6.0,0,3,1,247.47772
18,9.0,0,3,1,261.3411
0,10.0,0,3,3,124.87131
1,11.0,0,3,3,136.62317
2,4.0,0,3,3,143.84502
3,5.0,0,3,3,155.61334
4,6.0,0,3,3,167.40494
5,6.0,0,3,3,178.46065
6,6.0,0,3,3,189.3982
7,9.0,0,3,3,202.8168
0,10.0,0,3,3,124.87131
1,11.0,0,3,3,136.62317
2,4.0,0,3,3,143.84502
3,5.0,0,3,3,155.61334
4,6.0,0,3,3,167.40494
5,6.0,0,3,3,178.46065
6,9.0,0,3,3,191.68376
0,10.0,0,3,3,124.87131
1,11.0,0,3,3,136.62317
2,4.0,0,3,3,143.84502
3,5.0,0,3,3,155.61334
4,6.0,0,3,3,167.40494
5,6.0,0,3,3,178.46065
6,6.0,0,3,3,189.3982
7,6.0,0,3,3,200.16219
8,6.0,0,3,3,210.68022
9,6.0,0,3,3,220.86115
10,6.0,0,3,3,230.5979
11,5.0,0,3,3,236.74904
12,5.0,0,3,3,244.68115
13,6.0,0,3,3,256.14288
14,7.0,0,3,3,267.61612
15,9.0,0,3,3,283.0294
0,10.0,0,3,3,124.87131
1,11.0,0,3,3,136.62317
2,4.0,0,3,3,143.84502
3,5.0,0,3,3,155.61334
4,6.0,0,3,3,167.40494
5,6.0,0,3,3,178.46065
6,1.0,0,3,3,181.98003
7,6.0,0,3,3,200.16214
8,6.0,0,3,3,210.68022
9,6.0,0,3,3,220.86115
10,1.0,0,3,3,214.50595
11,6.0,0,3,3,239.77861
12,7.0,0,3,3,251.42311
13,9.0,0,3,3,265.69702
0,10.0,0,3,3,124.87131
1,11.0,0,3,3,136.62317
2,4.0,0,3,3,143.84502
3,5.0,0,3,3,155.61334
4,6.0,0,3,3,167.40494
5,6.0,0,3,3,178.46065
6,6.0,0,3,3,189.3982
7,6.0,0,3,3,200.16214
8,6.0,0,3,3,210.68022
9,6.0,0,3,3,220.86115
10,1.0,0,3,3,214.50595
11,6.0,0,3,3,239.77861
12,7.0,0,3,3,251.42311
13,9.0,0,3,3,265.69702
0,10.0,0,3,3,124.87131
1,11.0,0,3,3,136.62317
2,4.0,0,3,3,143.84502
3,5.0,0,3,3,155.61334
4,6.0,0,3,3,167.40494
0,10.0,0,3,3,124.87131
1,11.0,0,3,3,136.62317
2,5.0,0,3,3,144.48329
3,4.0,0,3,3,154.90285
4,6.0,0,3,3,167.40494
5,6.0,0,3,3,178.46065
6,6.0,0,3,3,189.3982
7,6.0,0,3,3,200.16214
8,6.0,0,3,3,210.68022
9,1.0,0,3,3,207.01521
10,5.0,0,3,3,228.14398
11,7.0,0,3,3,242.297
12,9.0,0,3,3,256.0755
0,10.0,0,3,3,124.87131
1,11.0,0,3,3,136.62317
2,5.0,0,3,3,144.48329
3,4.0,0,3,3,154.90285
4,6.0,0,3,3,167.40494
5,6.0,0,3,3,178.46065
6,6.0,0,3,3,189.3982
7,6.0,0,3,3,200.16214
8,6.0,0,3,3,210.68022
9,6.0,0,3,3,220.86115
10,1.0,0,3,3,214.50595
11,5.0,0,3,3,236.74904
12,6.0,0,3,3,248.30872
13,7.0,0,3,3,259.87906
14,9.0,0,3,3,274.71722
0,10.0,0,3,3,124.87131
1,11.0,0,3,3,136.62317
2,5.0,0,3,3,144.48329
3,4.0,0,3,3,154.90285
4,6.0,0,3,3,167.40494
5,6.0,0,3,3,178.46065
6,6.0,0,3,3,189.3982
7,6.0,0,3,3,200.16214
8,6.0,0,3,3,210.68022
9,6.0,0,3,3,220.86115
10,6.0,0,3,3,230.5979
11,5.0,0,3,3,236.74904
12,6.0,0,3,3,248.30872
13,1.0,0,3,3,236.44334
14,6.0,0,3,3,263.31805
0,10.0,0,3,3,124.87131
1,11.0,0,3,3,136.62317
2,4.0,0,3,3,143.84502
3,5.0,0,3,3,155.61334
4,6.0,0,3,3,167.40494
5,6.0,0,3,3,178.46065
6,6.0,0,3,3,189.3982
7,6.0,0,3,3,200.16214
8,6.0,0,3,3,210.68022
9,6.0,0,3,3,220.86115
10,6.0,0,3,3,230.5979
11,1.0,0,3,3,221.78026
12,5.0,0,3,3,244.68115
13,6.0,0,3,3,256.14288
14,7.0,0,3,3,267.61612
15,9.0,0,3,3,283.0294
0,10.0,0,3,3,124.87131
1,11.0,0,3,3,136.62317
2,4.0,0,3,3,143.84502
3,5.0,0,3,3,155.61334
4,6.0,0,3,3,167.40494
5,6.0,0,3,3,178.46065
6,1.0,0,3,3,181.98003
7,6.0,0,3,3,200.16214
8,6.0,0,3,3,210.68022
9,6.0,0,3,3,220.86115
10,6.0,0,3,3,230.5979
11,6.0,0,3,3,239.77861
12,1.0,0,3,3,229.03487
13,5.0,0,3,3,251.97833
14,6.0,0,3,3,263.31805
15,7.0,0,3,3,274.66962
0,10.0,0,3,6,163.9211
1,11.0,0,3,6,175.71526
2,4.0,0,3,6,183.13043
3,5.0,0,3,6,194.95726
4,6.0,0,3,6,206.78932
5,6.0,0,3,6,218.09499
6,1.0,0,3,6,226.30267
7,1.0,0,3,6,237.36002
8,5.0,0,3,6,251.35522
9,6.0,0,3,6,263.21143
10,1.0,0,3,6,269.7413
11,6.0,0,3,6,285.59393
12,1.0,0,3,6,290.014
13,5.0,0,3,6,306.63855
14,6.0,0,3,6,318.5073
15,9.0,0,3,6,332.1982
0,10.0,0,3,6,163.9211
1,11.0,0,3,6,175.71526
2,5.0,0,3,6,183.65602
3,4.0,0,3,6,194.42348
4,6.0,0,3,6,206.78932
5,6.0,0,3,6,218.09499
6,6.0,0,3,6,229.39526
7,6.0,0,3,6,240.68562
8,1.0,0,3,6,248.31706
9,5.0,0,3,6,262.5678
10,6.0,0,3,6,274.42792
11,6.0,0,3,6,285.59393
12,5.0,0,3,6,295.80453
13,5.0,0,3,6,306.63855
14,6.0,0,3,6,318.5073
15,7.0,0,3,6,330.359
0,10.0,0,6,1,136.45009
1,4.0,0,6,1,142.1121
2,5.0,0,6,1,153.49173
3,1.0,0,6,1,153.83218
4,12.0,0,6,1,182.07806
5,8.0,0,6,1,188.1441
6,4.0,0,6,1,186.21469
7,5.0,0,6,1,197.14992
8,5.0,0,6,1,204.46352
9,1.0,0,6,1,201.60063
10,4.0,0,6,1,215.82048
11,5.0,0,6,1,226.15358
12,9.0,0,6,1,248.33528
0,10.0,0,6,1,136.45009
1,4.0,0,6,1,142.1121
2,1.0,0,6,1,145.5991
3,5.0,0,6,1,163.27742
4,5.0,0,6,1,172.57523
5,5.0,0,6,1,181.31314
6,1.0,0,6,1,177.34866
7,1.0,0,6,1,185.2419
8,1.0,0,6,1,193.31667
9,4.0,0,6,1,208.32521
10,1.0,0,6,1,210.08958
11,1.0,0,6,1,218.76057
12,1.0,0,6,1,227.5833
13,1.0,0,6,1,236.52655
14,1.0,0,6,1,245.56221
15,1.0,0,6,1,254.8029
16,5.0,0,6,1,267.14337
17,12.0,0,6,1,293.85992
18,5.0,0,6,1,285.02872
19,12.0,0,6,1,306.90564
20,9.0,0,6,1,307.6239
0,10.0,0,6,1,136.45009
1,4.0,0,6,1,142.1121
2,5.0,0,6,1,153.49173
3,1.0,0,6,1,153.83218
4,1.0,0,6,1,161.77531
5,5.0,0,6,1,181.31314
6,7.0,0,6,1,195.37788
7,4.0,0,6,1,193.68428
8,5.0,0,6,1,204.46352
9,12.0,0,6,1,234.97012
10,9.0,0,6,1,234.51292
0,10.0,0,6,1,136.45009
1,4.0,0,6,1,142.1121
2,5.0,0,6,1,153.49173
3,1.0,0,6,1,153.83218
4,1.0,0,6,1,161.77531
5,5.0,0,6,1,181.31314
6,7.0,0,6,1,195.37788
7,4.0,0,6,1,193.68428
8,5.0,0,6,1,204.46352
9,12.0,0,6,1,234.97012
10,2.0,0,6,1,211.53456
11,9.0,0,6,1,241.63448
0,10.0,0,6,1,136.45009
1,4.0,0,6,1,142.1121
2,1.0,0,6,1,145.5991
3,5.0,0,6,1,163.27742
4,1.0,0,6,1,161.77531
5,5.0,0,6,1,181.31314
6,4.0,0,6,1,186.21469
7,5.0,0,6,1,197.14992
8,4.0,0,6,1,200.99399
9,5.0,0,6,1,211.6141
10,5.0,0,6,1,218.79367
11,7.0,0,6,1,233.08537
12,5.0,0,6,1,233.78479
13,7.0,0,6,1,247.03745
14,4.0,0,6,1,248.42403
15,12.0,0,6,1,281.79507
16,8.0,0,6,1,272.50015
17,2.0,0,6,1,273.59842
18,9.0,0,6,1,290.79785
0,10.0,0,6,1,136.45007
1,4.0,0,6,1,142.1121
2,5.0,0,6,1,153.49173
3,1.0,0,6,1,153.83218
4,1.0,0,6,1,161.77531
5,5.0,0,6,1,181.31314
6,7.0,0,6,1,195.37788
7,4.0,0,6,1,193.68428
8,5.0,0,6,1,204.46352
9,12.0,0,6,1,234.97012
10,9.0,0,6,1,234.51294
0,10.0,0,6,1,136.45009
1,4.0,0,6,1,142.1121
2,5.0,0,6,1,153.49173
3,1.0,0,6,1,153.83218
4,1.0,0,6,1,161.77531
5,5.0,0,6,1,181.31314
6,4.0,0,6,1,186.21469
7,5.0,0,6,1,197.14992
8,7.0,0,6,1,211.85838
9,4.0,0,6,1,208.32521
10,12.0,0,6,1,244.44753
11,8.0,0,6,1,237.2619
12,9.0,0,6,1,248.33528
0,10.0,0,6,1,136.45009
1,4.0,0,6,1,142.1121
2,1.0,0,6,1,145.5991
3,5.0,0,6,1,163.27742
4,1.0,0,6,1,161.77531
5,5.0,0,6,1,181.31314
6,4.0,0,6,1,186.21469
7,5.0,0,6,1,197.14989
8,7.0,0,6,1,211.85835
9,4.0,0,6,1,208.32521
10,12.0,0,6,1,244.44753
11,8.0,0,6,1,237.2619
12,9.0,0,6,1,248.33528
0,10.0,0,6,1,136.45009
1,4.0,0,6,1,142.1121
2,5.0,0,6,1,153.49173
3,1.0,0,6,1,153.83218
4,1.0,0,6,1,161.77531
5,5.0,0,6,1,181.31314
6,4.0,0,6,1,186.21469
7,5.0,0,6,1,197.14992
8,5.0,0,6,1,204.46352
9,7.0,0,6,1,219.2486
10,5.0,0,6,1,218.79367
11,12.0,0,6,1,253.29616
12,8.0,0,6,1,243.93263
13,9.0,0,6,1,254.84407
0,10.0,0,6,1,136.45009
1,4.0,0,6,1,142.1121
2,5.0,0,6,1,153.49173
3,1.0,0,6,1,153.83218
4,1.0,0,6,1,161.77531
5,5.0,0,6,1,181.31314
6,7.0,0,6,1,195.37788
7,4.0,0,6,1,193.68428
8,5.0,0,6,1,204.46352
9,12.0,0,6,1,234.97012
10,9.0,0,6,1,234.51294
0,10.0,0,6,3,162.68259
1,11.0,0,6,3,174.51437
2,4.0,0,6,3,181.33926
3,5.0,0,6,3,193.01096
4,6.0,0,6,3,204.73674
5,1.0,0,6,3,207.92534
6,1.0,0,6,3,216.54398
7,5.0,0,6,3,235.07054
8,5.0,0,6,3,244.67085
9,6.0,0,6,3,256.32166
10,5.0,0,6,3,262.00656
11,6.0,0,6,3,273.54608
12,7.0,0,6,3,285.14923
13,9.0,0,6,3,300.4221
0,10.0,0,6,3,162.68259
1,11.0,0,6,3,174.51436
2,4.0,0,6,3,181.33925
3,5.0,0,6,3,193.01096
4,6.0,0,6,3,204.73674
5,6.0,0,6,3,215.60854
6,5.0,0,6,3,225.0006
7,6.0,0,6,3,236.70392
8,5.0,0,6,3,244.67085
9,5.0,0,6,3,253.6832
10,1.0,0,6,3,245.39485
11,1.0,0,6,3,251.97849
12,5.0,0,6,3,276.47507
13,6.0,0,6,3,287.81342
14,7.0,0,6,3,299.22034
0,10.0,0,6,6,201.54477
1,4.0,0,6,6,209.55089
2,5.0,0,6,6,221.32742
3,1.0,0,6,6,230.6215
4,12.0,0,6,6,247.82764
5,8.0,0,6,6,256.89474
6,4.0,0,6,6,265.7884
7,5.0,0,6,6,277.61258
8,5.0,0,6,6,288.8022
9,1.0,0,6,6,296.19498
10,4.0,0,6,6,310.1056
11,5.0,0,6,6,321.96362
12,9.0,0,6,6,336.44058
0,10.0,0,6,6,201.54477
1,4.0,0,6,6,209.55089
2,1.0,0,6,6,219.43288
3,5.0,0,6,6,232.60628
4,5.0,0,6,6,243.87898
5,5.0,0,6,6,255.1415
6,1.0,0,6,6,263.91638
7,1.0,0,6,6,274.84613
8,1.0,0,6,6,285.62656
9,4.0,0,6,6,299.15558
10,1.0,0,6,6,306.46783
11,1.0,0,6,6,316.33713
12,1.0,0,6,6,325.67294
13,1.0,0,6,6,334.33295
14,1.0,0,6,6,342.18558
15,1.0,0,6,6,349.14722
16,5.0,0,6,6,372.77634
17,12.0,0,6,6,394.3682
18,5.0,0,6,6,389.07047
19,12.0,0,6,6,416.1562
20,9.0,0,6,6,420.44595
0,10.0,0,6,6,201.54477
1,4.0,0,6,6,209.55089
2,5.0,0,6,6,221.32745
3,1.0,0,6,6,230.62154
4,1.0,0,6,6,241.7767
5,5.0,0,6,6,255.1415
6,7.0,0,6,6,267.59738
7,4.0,0,6,6,276.96884
8,5.0,0,6,6,288.8022
9,12.0,0,6,6,304.43372
10,9.0,0,6,6,313.97266
0,10.0,0,6,6,201.54477
1,4.0,0,6,6,209.55089
2,5.0,0,6,6,221.32742
3,1.0,0,6,6,230.6215
4,1.0,0,6,6,241.7767
5,5.0,0,6,6,255.1415
6,7.0,0,6,6,267.59738
7,4.0,0,6,6,276.96884
8,5.0,0,6,6,288.8022
9,12.0,0,6,6,304.43372
10,2.0,0,6,6,307.90195
11,9.0,0,6,6,325.22452
0,10.0,0,6,6,201.54477
1,4.0,0,6,6,209.55089
2,1.0,0,6,6,219.43288
3,5.0,0,6,6,232.60628
4,1.0,0,6,6,241.7767
5,5.0,0,6,6,255.1415
6,4.0,0,6,6,265.7884
7,5.0,0,6,6,277.61258
8,4.0,0,6,6,288.09894
9,5.0,0,6,6,299.94116
10,5.0,0,6,6,311.00613
11,7.0,0,6,6,323.74457
12,5.0,0,6,6,332.7666
13,7.0,0,6,6,345.79413
14,4.0,0,6,6,351.6123
15,12.0,0,6,6,372.11536
16,8.0,0,6,6,379.14084
17,2.0,0,6,6,366.70984
18,9.0,0,6,6,401.3487
0,10.0,0,6,6,201.54477
1,4.0,0,6,6,209.55089
2,5.0,0,6,6,221.32742
3,1.0,0,6,6,230.6215
4,1.0,0,6,6,241.7767
5,5.0,0,6,6,255.1415
6,7.0,0,6,6,267.59738
7,4.0,0,6,6,276.96884
8,5.0,0,6,6,288.8022
9,12.0,0,6,6,304.43372
10,9.0,0,6,6,313.97266
0,10.0,0,6,6,201.54477
1,4.0,0,6,6,209.55089
2,5.0,0,6,6,221.32742
3,1.0,0,6,6,230.6215
4,1.0,0,6,6,241.7767
5,5.0,0,6,6,255.1415
6,4.0,0,6,6,265.7884
7,5.0,0,6,6,277.61258
8,7.0,0,6,6,290.14255
9,4.0,0,6,6,299.15558
10,12.0,0,6,6,315.75098
11,8.0,0,6,6,324.51556
12,9.0,0,6,6,336.44058
0,10.0,0,6,6,201.5448
1,4.0,0,6,6,209.55086
2,1.0,0,6,6,219.43288
3,5.0,0,6,6,232.60628
4,1.0,0,6,6,241.7767
5,5.0,0,6,6,255.1415
6,4.0,0,6,6,265.7884
7,5.0,0,6,6,277.61258
8,7.0,0,6,6,290.14255
9,4.0,0,6,6,299.15558
10,12.0,0,6,6,315.75098
11,8.0,0,6,6,324.51556
12,9.0,0,6,6,336.44058
0,10.0,0,6,6,201.54477
1,4.0,0,6,6,209.55089
2,5.0,0,6,6,221.32742
3,1.0,0,6,6,230.6215
4,1.0,0,6,6,241.7767
5,5.0,0,6,6,255.1415
6,4.0,0,6,6,265.7884
7,5.0,0,6,6,277.61258
8,5.0,0,6,6,288.8022
9,7.0,0,6,6,301.38376
10,5.0,0,6,6,311.00613
11,12.0,0,6,6,327.06073
12,8.0,0,6,6,335.67557
13,9.0,0,6,6,347.604
0,10.0,0,6,6,201.54477
1,4.0,0,6,6,209.55089
2,5.0,0,6,6,221.32742
3,1.0,0,6,6,230.6215
4,1.0,0,6,6,241.7767
5,5.0,0,6,6,255.1415
6,7.0,0,6,6,267.59738
7,4.0,0,6,6,276.96884
8,5.0,0,6,6,288.8022
9,12.0,0,6,6,304.43372
10,9.0,0,6,6,313.97266
