SeqOrder,Step,sourceID,timediff,step_duration,true_proportion,predicted_proportion,true_total_time,reconstructed_total_time
1,0,11,0,0.0,0.0,0.016982976347208023,1118.0,986.6253000800498
1,1,4,100,100.0,0.08944543828256758,0.09790918231010437,1118.0,986.6253000800498
1,2,5,107,7.0,0.006261180679779731,0.09790901094675064,1118.0,986.6253000800498
1,3,6,113,6.0,0.005366726296954055,0.09790877252817154,1118.0,986.6253000800498
1,4,1,132,19.0,0.016994633273687842,0.09790860861539841,1118.0,986.6253000800498
1,5,1,240,108.0,0.09660107334517298,0.09790849685668945,1118.0,986.6253000800498
1,6,4,572,332.0,0.29695885509812436,0.00451196264475584,1118.0,986.6253000800498
1,7,5,575,3.0,0.0026833631484770274,0.0034791685175150633,1118.0,986.6253000800498
1,8,4,575,0.0,0.0,0.004525692667812109,1118.0,986.6253000800498
1,9,1,575,0.0,0.0,0.004525709897279739,1118.0,986.6253000800498
1,10,5,576,1.0,0.0008944543828256758,0.004525658208876848,1118.0,986.6253000800498
1,11,16,577,1.0,0.0008944543828256758,0.004525559023022652,1118.0,986.6253000800498
1,12,5,578,1.0,0.0008944543828256758,0.0045257024466991425,1118.0,986.6253000800498
1,13,15,835,257.0,0.2298747763861987,0.004525651689618826,1118.0,986.6253000800498
1,14,5,896,61.0,0.05456171735236622,0.004525774624198675,1118.0,986.6253000800498
1,15,16,896,0.0,0.0,0.004525651689618826,1118.0,986.6253000800498
1,16,5,921,25.0,0.022361359570641896,0.00452570803463459,1118.0,986.6253000800498
1,17,5,933,12.0,0.01073345259390811,0.00452564749866724,1118.0,986.6253000800498
1,18,1,992,59.0,0.052772808586714876,0.004525651689618826,1118.0,986.6253000800498
1,19,1,1004,12.0,0.01073345259390811,0.004525649361312389,1118.0,986.6253000800498
1,20,1,1010,6.0,0.005366726296954055,0.004525667056441307,1118.0,986.6253000800498
1,21,1,1021,11.0,0.009838998211082434,0.004525679629296064,1118.0,986.6253000800498
1,22,16,1021,0.0,0.0,0.004525541793555021,1118.0,986.6253000800498
1,23,5,1023,2.0,0.0017889087656513516,0.004525654949247837,1118.0,986.6253000800498
1,24,4,1024,1.0,0.0008944543828256758,0.012507321313023567,1118.0,986.6253000800498
1,25,5,1024,0.0,0.0,0.01250743493437767,1118.0,986.6253000800498
1,26,5,1027,3.0,0.0026833631484770274,0.012507378123700619,1118.0,986.6253000800498
1,27,16,1027,0.0,0.0,0.012508031912147999,1118.0,986.6253000800498
1,28,8,1027,0.0,0.0,0.012507157400250435,1118.0,986.6253000800498
1,29,4,1028,1.0,0.0008944543828256758,0.029128164052963257,1118.0,986.6253000800498
1,30,5,1034,6.0,0.005366726296954055,0.029128070920705795,1118.0,986.6253000800498
1,31,7,1034,0.0,0.0,0.029128096997737885,1118.0,986.6253000800498
1,32,16,1098,64.0,0.05724508050084325,0.029127834364771843,1118.0,986.6253000800498
1,33,9,1098,0.0,0.0,0.02912834845483303,1118.0,986.6253000800498
1,34,16,1105,7.0,0.006261180679779731,0.029127957299351692,1118.0,986.6253000800498
1,35,2,1118,13.0,0.011627906976733786,0.029128631576895714,1118.0,986.6253000800498
1,36,10,1118,0.0,0.0,0.029128117486834526,1118.0,986.6253000800498
4,0,11,0,0.0,0.0,0.04141983389854431,718.0,656.1365533228964
4,1,6,41,41.0,0.05710306406677284,0.041419994086027145,718.0,656.1365533228964
4,2,4,48,7.0,0.009749303621156339,0.07480238378047943,718.0,656.1365533228964
4,3,5,57,9.0,0.01253481894148672,0.07480227947235107,718.0,656.1365533228964
4,4,1,70,13.0,0.018105849582147487,0.0748022049665451,718.0,656.1365533228964
4,5,5,127,57.0,0.07938718662941589,0.07480207830667496,718.0,656.1365533228964
4,6,16,127,0.0,0.0,0.0748019888997078,718.0,656.1365533228964
4,7,15,232,105.0,0.14623955431734506,0.0748019888997078,718.0,656.1365533228964
4,8,5,603,371.0,0.5167130919212859,0.07480206340551376,718.0,656.1365533228964
4,9,4,605,2.0,0.002785515320330382,0.009613581001758575,718.0,656.1365533228964
4,10,5,606,1.0,0.001392757660165191,0.009613702073693275,718.0,656.1365533228964
4,11,5,607,1.0,0.001392757660165191,0.009613821282982826,718.0,656.1365533228964
4,12,4,614,7.0,0.009749303621156339,0.009633439593017101,718.0,656.1365533228964
4,13,5,615,1.0,0.001392757660165191,0.009633572772145271,718.0,656.1365533228964
4,14,5,627,12.0,0.016713091921982295,0.009633577428758144,718.0,656.1365533228964
4,15,4,627,0.0,0.0,0.009654476307332516,718.0,656.1365533228964
4,16,5,628,1.0,0.001392757660165191,0.009654433466494083,718.0,656.1365533228964
4,17,1,639,11.0,0.015320334261817102,0.009654279798269272,718.0,656.1365533228964
4,18,16,639,0.0,0.0,0.009654834866523743,718.0,656.1365533228964
4,19,4,641,2.0,0.002785515320330382,0.00966645311564207,718.0,656.1365533228964
4,20,5,643,2.0,0.002785515320330382,0.009666487574577332,718.0,656.1365533228964
4,21,4,643,0.0,0.0,0.007259787525981665,718.0,656.1365533228964
4,22,5,645,2.0,0.002785515320330382,0.007259771693497896,718.0,656.1365533228964
4,23,4,645,0.0,0.0,0.011435198597609997,718.0,656.1365533228964
4,24,5,646,1.0,0.001392757660165191,0.011435217224061489,718.0,656.1365533228964
4,25,4,646,0.0,0.0,0.011421781033277512,718.0,656.1365533228964
4,26,5,647,1.0,0.001392757660165191,0.011421808041632175,718.0,656.1365533228964
4,27,4,647,0.0,0.0,0.011219899170100689,718.0,656.1365533228964
4,28,5,648,1.0,0.001392757660165191,0.011219817213714123,718.0,656.1365533228964
4,29,16,649,1.0,0.001392757660165191,0.011219622567296028,718.0,656.1365533228964
4,30,8,649,0.0,0.0,0.011219684034585953,718.0,656.1365533228964
4,31,4,649,0.0,0.0,0.010822380892932415,718.0,656.1365533228964
4,32,5,655,6.0,0.008356545960991148,0.01082243025302887,718.0,656.1365533228964
4,33,7,657,2.0,0.002785515320330382,0.01082245260477066,718.0,656.1365533228964
4,34,16,698,41.0,0.05710306406677284,0.010822356678545475,718.0,656.1365533228964
4,35,9,698,0.0,0.0,0.01082240417599678,718.0,656.1365533228964
4,36,16,704,6.0,0.008356545960991148,0.010822303593158722,718.0,656.1365533228964
4,37,2,718,14.0,0.019498607242312678,0.01082245260477066,718.0,656.1365533228964
4,38,10,718,0.0,0.0,0.01082236785441637,718.0,656.1365533228964
7,0,11,0,0.0,0.0,0.028226260095834732,1477.0,1395.2143507017754
7,1,6,373,373.0,0.25253893026387775,0.028226356953382492,1477.0,1395.2143507017754
7,2,4,377,4.0,0.0027081922816501636,0.04531366750597954,1477.0,1395.2143507017754
7,3,5,387,10.0,0.00677048070412541,0.04531358182430267,1477.0,1395.2143507017754
7,4,1,388,1.0,0.0006770480704125409,0.04531353712081909,1477.0,1395.2143507017754
7,5,5,413,25.0,0.016926201760313522,0.04531348496675491,1477.0,1395.2143507017754
7,6,16,413,0.0,0.0,0.045313429087400436,1477.0,1395.2143507017754
7,7,15,528,115.0,0.0778605280974422,0.04531341791152954,1477.0,1395.2143507017754
7,8,5,1313,785.0,0.5314827352738446,0.04531348496675491,1477.0,1395.2143507017754
7,9,1,1350,37.0,0.025050778605264015,0.04531347379088402,1477.0,1395.2143507017754
7,10,5,1373,23.0,0.01557210561948844,0.04531345143914223,1477.0,1395.2143507017754
7,11,5,1376,3.0,0.002031144211237623,0.04531349614262581,1477.0,1395.2143507017754
7,12,4,1376,0.0,0.0,0.005810856819152832,1477.0,1395.2143507017754
7,13,5,1377,1.0,0.0006770480704125409,0.005810997914522886,1477.0,1395.2143507017754
7,14,5,1381,4.0,0.0027081922816501636,0.005811002105474472,1477.0,1395.2143507017754
7,15,4,1396,15.0,0.010155721056188114,0.020884640514850616,1477.0,1395.2143507017754
7,16,5,1399,3.0,0.002031144211237623,0.020884526893496513,1477.0,1395.2143507017754
7,17,4,1399,0.0,0.0,0.031202245503664017,1477.0,1395.2143507017754
7,18,5,1401,2.0,0.0013540961408250818,0.031202251091599464,1477.0,1395.2143507017754
7,19,4,1401,0.0,0.0,0.02932494692504406,1477.0,1395.2143507017754
7,20,5,1402,1.0,0.0006770480704125409,0.029324971139431,1477.0,1395.2143507017754
7,21,16,1403,1.0,0.0006770480704125409,0.029324866831302643,1477.0,1395.2143507017754
7,22,8,1403,0.0,0.0,0.029324833303689957,1477.0,1395.2143507017754
7,23,4,1405,2.0,0.0013540961408250818,0.028018992394208908,1477.0,1395.2143507017754
7,24,5,1411,6.0,0.004062288422475246,0.02801903709769249,1477.0,1395.2143507017754
7,25,7,1414,3.0,0.002031144211237623,0.028019137680530548,1477.0,1395.2143507017754
7,26,16,1421,7.0,0.004739336492887786,0.02801915444433689,1477.0,1395.2143507017754
7,27,9,1421,0.0,0.0,0.028019161894917488,1477.0,1395.2143507017754
7,28,16,1458,37.0,0.025050778605264015,0.028018997982144356,1477.0,1395.2143507017754
7,29,10,1477,19.0,0.012863913337838278,0.028018921613693237,1477.0,1395.2143507017754
8,0,11,0,0.0,0.0,0.04793977737426758,1790.0,1642.3104393831454
8,1,4,31,31.0,0.01731843575418027,0.07723049819469452,1790.0,1642.3104393831454
8,2,6,40,9.0,0.005027932960891046,0.07723042368888855,1790.0,1642.3104393831454
8,3,5,40,0.0,0.0,0.07723027467727661,1790.0,1642.3104393831454
8,4,1,49,9.0,0.005027932960891046,0.07723025977611542,1790.0,1642.3104393831454
8,5,5,105,56.0,0.03128491620109984,0.0772300735116005,1790.0,1642.3104393831454
8,6,5,247,142.0,0.07932960893850317,0.07723013311624527,1790.0,1642.3104393831454
8,7,5,251,4.0,0.0022346368715071316,0.07723014801740646,1790.0,1642.3104393831454
8,8,1,254,3.0,0.0016759776536303486,0.07723017036914825,1790.0,1642.3104393831454
8,9,4,284,30.0,0.016759776536303485,0.002674651797860861,1790.0,1642.3104393831454
8,10,5,286,2.0,0.0011173184357535658,0.0026746366638690233,1790.0,1642.3104393831454
8,11,4,286,0.0,0.0,0.003500215942040086,1790.0,1642.3104393831454
8,12,1,287,1.0,0.0005586592178767829,0.003500252729281783,1790.0,1642.3104393831454
8,13,5,287,0.0,0.0,0.0035002576187253,1790.0,1642.3104393831454
8,14,1,288,1.0,0.0005586592178767829,0.0035002927761524916,1790.0,1642.3104393831454
8,15,16,289,1.0,0.0005586592178767829,0.0035002040676772594,1790.0,1642.3104393831454
8,16,5,289,0.0,0.0,0.0035002361983060837,1790.0,1642.3104393831454
8,17,1,299,10.0,0.005586592178767829,0.0035002226941287518,1790.0,1642.3104393831454
8,18,1,305,6.0,0.003351955307260697,0.0035002026706933975,1790.0,1642.3104393831454
8,19,1,313,8.0,0.004469273743014263,0.0035002026706933975,1790.0,1642.3104393831454
8,20,1,345,32.0,0.017877094972057053,0.003500211052596569,1790.0,1642.3104393831454
8,21,5,362,17.0,0.009497206703905308,0.003500197548419237,1790.0,1642.3104393831454
8,22,16,362,0.0,0.0,0.003500142600387335,1790.0,1642.3104393831454
8,23,15,726,364.0,0.20335195530714897,0.0035001535434275866,1790.0,1642.3104393831454
8,24,5,1547,821.0,0.4586592178768387,0.003500217804685235,1790.0,1642.3104393831454
8,25,1,1677,130.0,0.07262569832398177,0.003500256920233369,1790.0,1642.3104393831454
8,26,16,1677,0.0,0.0,0.003500191029161215,1790.0,1642.3104393831454
8,27,5,1682,5.0,0.0027932960893839146,0.003500242717564106,1790.0,1642.3104393831454
8,28,4,1682,0.0,0.0,0.0030659600161015987,1790.0,1642.3104393831454
8,29,5,1685,3.0,0.0016759776536303486,0.0030659539625048637,1790.0,1642.3104393831454
8,30,4,1685,0.0,0.0,0.015066120773553848,1790.0,1642.3104393831454
8,31,5,1686,1.0,0.0005586592178767829,0.015066149644553661,1790.0,1642.3104393831454
8,32,4,1686,0.0,0.0,0.014704147353768349,1790.0,1642.3104393831454
8,33,5,1688,2.0,0.0011173184357535658,0.014704191125929356,1790.0,1642.3104393831454
8,34,4,1688,0.0,0.0,0.011431310325860977,1790.0,1642.3104393831454
8,35,5,1689,1.0,0.0005586592178767829,0.011431275866925716,1790.0,1642.3104393831454
8,36,4,1689,0.0,0.0,0.009830430150032043,1790.0,1642.3104393831454
8,37,16,1689,0.0,0.0,0.009830317460000515,1790.0,1642.3104393831454
8,38,8,1689,0.0,0.0,0.009830399416387081,1790.0,1642.3104393831454
8,39,4,1692,3.0,0.0016759776536303486,0.009833144955337048,1790.0,1642.3104393831454
8,40,5,1698,6.0,0.003351955307260697,0.009833071380853653,1790.0,1642.3104393831454
8,41,7,1715,17.0,0.009497206703905308,0.009832964278757572,1790.0,1642.3104393831454
8,42,16,1769,54.0,0.030167597765346277,0.009832820855081081,1790.0,1642.3104393831454
8,43,9,1769,0.0,0.0,0.009832900948822498,1790.0,1642.3104393831454
8,44,16,1777,8.0,0.004469273743014263,0.009832903742790222,1790.0,1642.3104393831454
8,45,10,1790,13.0,0.007262569832398177,0.009833055548369884,1790.0,1642.3104393831454
10,0,11,0,0.0,0.0,0.01201630663126707,665.0,610.236208725255
10,1,4,27,27.0,0.040601503759337444,0.06507422775030136,665.0,610.236208725255
10,2,15,31,4.0,0.006015037593975917,0.06507405638694763,665.0,610.236208725255
10,3,5,36,5.0,0.0075187969924698965,0.06507404148578644,665.0,610.236208725255
10,4,6,56,20.0,0.030075187969879586,0.06507392972707748,665.0,610.236208725255
10,5,1,66,10.0,0.015037593984939793,0.06507391482591629,665.0,610.236208725255
10,6,5,95,29.0,0.0436090225563254,0.0650738999247551,665.0,610.236208725255
10,7,5,183,88.0,0.13233082706747018,0.0650738999247551,665.0,610.236208725255
10,8,16,183,0.0,0.0,0.06507378071546555,665.0,610.236208725255
10,9,5,415,232.0,0.3488721804506032,0.06507384032011032,665.0,610.236208725255
10,10,1,585,170.0,0.2556390977439765,0.06507387012243271,665.0,610.236208725255
10,11,16,586,1.0,0.0015037593984939793,0.06507379561662674,665.0,610.236208725255
10,12,5,591,5.0,0.0075187969924698965,0.06507404148578644,665.0,610.236208725255
10,13,4,591,0.0,0.0,0.008380035869777203,665.0,610.236208725255
10,14,5,594,3.0,0.004511278195481938,0.00838006567209959,665.0,610.236208725255
10,15,4,594,0.0,0.0,0.009201457723975182,665.0,610.236208725255
10,16,5,595,1.0,0.0015037593984939793,0.00920137483626604,665.0,610.236208725255
10,17,4,596,1.0,0.0015037593984939793,0.00812147743999958,665.0,610.236208725255
10,18,16,596,0.0,0.0,0.008121345192193985,665.0,610.236208725255
10,19,8,596,0.0,0.0,0.008121409453451633,665.0,610.236208725255
10,20,5,597,1.0,0.0015037593984939793,0.008121450431644917,665.0,610.236208725255
10,21,4,598,1.0,0.0015037593984939793,0.007137022912502289,665.0,610.236208725255
10,22,5,604,6.0,0.009022556390963875,0.007137006148695946,665.0,610.236208725255
10,23,7,606,2.0,0.0030075187969879585,0.007136994507163763,665.0,610.236208725255
10,24,16,647,41.0,0.06165413533825315,0.007136968895792961,665.0,610.236208725255
10,25,9,647,0.0,0.0,0.007137048523873091,665.0,610.236208725255
10,26,16,652,5.0,0.0075187969924698965,0.00713704526424408,665.0,610.236208725255
10,27,2,665,13.0,0.01954887218042173,0.007137109991163015,665.0,610.236208725255
10,28,10,665,0.0,0.0,0.0071370163932442665,665.0,610.236208725255
11,0,11,0,0.0,0.0,0.0038302987813949585,966.0,931.311276719207
11,1,15,17,17.0,0.01759834368528199,0.003830312518402934,966.0,931.311276719207
11,2,6,32,15.0,0.015527950310542932,0.00383034348487854,966.0,931.311276719207
11,3,4,38,6.0,0.006211180124217173,0.03301931172609329,966.0,931.311276719207
11,4,1,45,7.0,0.007246376811586701,0.03301924467086792,966.0,931.311276719207
11,5,5,45,0.0,0.0,0.03301917761564255,966.0,931.311276719207
11,6,5,46,1.0,0.0010351966873695289,0.03301920369267464,966.0,931.311276719207
11,7,5,95,49.0,0.05072463768110691,0.033019233494997025,966.0,931.311276719207
11,8,16,95,0.0,0.0,0.033019136637449265,966.0,931.311276719207
11,9,5,122,27.0,0.027950310558977277,0.03301912546157837,966.0,931.311276719207
11,10,1,445,323.0,0.3343685300203578,0.03301910683512688,966.0,931.311276719207
11,11,5,460,15.0,0.015527950310542932,0.03301914781332016,966.0,931.311276719207
11,12,4,460,0.0,0.0,0.005139414221048355,966.0,931.311276719207
11,13,5,461,1.0,0.0010351966873695289,0.005139568820595741,966.0,931.311276719207
11,14,1,551,90.0,0.0931677018632576,0.005139479413628578,966.0,931.311276719207
11,15,4,637,86.0,0.08902691511377947,0.005171334836632013,966.0,931.311276719207
11,16,5,639,2.0,0.0020703933747390577,0.005173031706362963,966.0,931.311276719207
11,17,4,641,2.0,0.0020703933747390577,0.0018026424804702401,966.0,931.311276719207
11,18,5,642,1.0,0.0010351966873695289,0.0018026287434622645,966.0,931.311276719207
11,19,4,642,0.0,0.0,0.0018500001169741154,966.0,931.311276719207
11,20,5,645,3.0,0.0031055900621085866,0.0018500018632039428,966.0,931.311276719207
11,21,4,645,0.0,0.0,0.00515690166503191,966.0,931.311276719207
11,22,5,647,2.0,0.0020703933747390577,0.005156881641596556,966.0,931.311276719207
11,23,4,647,0.0,0.0,0.013210157863795757,966.0,931.311276719207
11,24,5,650,3.0,0.0031055900621085866,0.013210173696279526,966.0,931.311276719207
11,25,4,650,0.0,0.0,0.021581213921308517,966.0,931.311276719207
11,26,16,651,1.0,0.0010351966873695289,0.021581213921308517,966.0,931.311276719207
11,27,8,651,0.0,0.0,0.02158122882246971,966.0,931.311276719207
11,28,5,651,0.0,0.0,0.021581139415502548,966.0,931.311276719207
11,29,4,653,2.0,0.0020703933747390577,0.023022737354040146,966.0,931.311276719207
11,30,5,659,6.0,0.006211180124217173,0.023022722452878952,966.0,931.311276719207
11,31,4,664,5.0,0.005175983436847644,0.038634441792964935,966.0,931.311276719207
11,32,5,674,10.0,0.010351966873695289,0.03863449767231941,966.0,931.311276719207
11,33,16,837,163.0,0.1687370600412332,0.03863445296883583,966.0,931.311276719207
11,34,9,837,0.0,0.0,0.038634490221738815,966.0,931.311276719207
11,35,4,880,43.0,0.044513457556889735,0.0016688782488927245,966.0,931.311276719207
11,36,5,881,1.0,0.0010351966873695289,0.0012644232483580709,966.0,931.311276719207
11,37,4,884,3.0,0.0031055900621085866,0.0016937596956267953,966.0,931.311276719207
11,38,5,889,5.0,0.005175983436847644,0.0016937587643042207,966.0,931.311276719207
11,39,4,889,0.0,0.0,0.02172687090933323,966.0,931.311276719207
11,40,5,890,1.0,0.0010351966873695289,0.021726762875914574,966.0,931.311276719207
11,41,4,890,0.0,0.0,0.021818794310092926,966.0,931.311276719207
11,42,5,891,1.0,0.0010351966873695289,0.021818717941641808,966.0,931.311276719207
11,43,4,892,1.0,0.0010351966873695289,0.023487716913223267,966.0,931.311276719207
11,44,5,893,1.0,0.0010351966873695289,0.023487819358706474,966.0,931.311276719207
11,45,16,893,0.0,0.0,0.02348785288631916,966.0,931.311276719207
11,46,8,893,0.0,0.0,0.023487910628318787,966.0,931.311276719207
11,47,4,895,2.0,0.0020703933747390577,0.022270599380135536,966.0,931.311276719207
11,48,5,901,6.0,0.006211180124217173,0.0222705639898777,966.0,931.311276719207
11,49,7,907,6.0,0.006211180124217173,0.02227058820426464,966.0,931.311276719207
11,50,16,948,41.0,0.04244306418215068,0.02227061241865158,966.0,931.311276719207
11,51,10,966,18.0,0.018633540372651518,0.022270720452070236,966.0,931.311276719207
12,0,11,0,0.0,0.0,0.03256184980273247,1641.0,1536.250940446509
12,1,6,16,16.0,0.009750152346124467,0.03256197273731232,1641.0,1536.250940446509
12,2,4,22,6.0,0.003656307129796675,0.05481136217713356,1641.0,1536.250940446509
12,3,5,31,9.0,0.0054844606946950125,0.05481124296784401,1641.0,1536.250940446509
12,4,1,44,13.0,0.007921998781226128,0.05481121689081192,1641.0,1536.250940446509
12,5,5,55,11.0,0.006703229737960571,0.05481113865971565,1641.0,1536.250940446509
12,6,5,62,7.0,0.004265691651429454,0.054811153560876846,1641.0,1536.250940446509
12,7,1,113,51.0,0.031078610603271738,0.05481116473674774,1641.0,1536.250940446509
12,8,15,849,736.0,0.4485070079217255,0.05481104925274849,1641.0,1536.250940446509
12,9,5,948,99.0,0.06032906764164514,0.05481107532978058,1641.0,1536.250940446509
12,10,1,953,5.0,0.003046922608163896,0.05481111258268356,1641.0,1536.250940446509
12,11,4,1095,142.0,0.08653260207185465,0.011172795668244362,1641.0,1536.250940446509
12,12,5,1098,3.0,0.0018281535648983374,0.011249595321714878,1641.0,1536.250940446509
12,13,1,1098,0.0,0.0,0.011495856568217278,1641.0,1536.250940446509
12,14,4,1098,0.0,0.0,0.0024499634746462107,1641.0,1536.250940446509
12,15,16,1100,2.0,0.0012187690432655584,0.0024499110877513885,1641.0,1536.250940446509
12,16,5,1100,0.0,0.0,0.0024499320425093174,1641.0,1536.250940446509
12,17,1,1245,145.0,0.08836075563675298,0.0024499245919287205,1641.0,1536.250940446509
12,18,1,1246,1.0,0.0006093845216327792,0.0024499110877513885,1641.0,1536.250940446509
12,19,1,1249,3.0,0.0018281535648983374,0.0024499099235981703,1641.0,1536.250940446509
12,20,5,1560,311.0,0.18951858622779433,0.002449900610372424,1641.0,1536.250940446509
12,21,4,1561,1.0,0.0006093845216327792,0.0070584965869784355,1641.0,1536.250940446509
12,22,5,1565,4.0,0.002437538086531117,0.007058471441268921,1641.0,1536.250940446509
12,23,4,1565,0.0,0.0,0.024716541171073914,1641.0,1536.250940446509
12,24,5,1566,1.0,0.0006093845216327792,0.024716593325138092,1641.0,1536.250940446509
12,25,4,1566,0.0,0.0,0.02441510558128357,1641.0,1536.250940446509
12,26,5,1567,1.0,0.0006093845216327792,0.024415183812379837,1641.0,1536.250940446509
12,27,16,1567,0.0,0.0,0.02441510558128357,1641.0,1536.250940446509
12,28,8,1567,0.0,0.0,0.024415012449026108,1641.0,1536.250940446509
12,29,4,1569,2.0,0.0012187690432655584,0.023637747392058372,1641.0,1536.250940446509
12,30,5,1575,6.0,0.003656307129796675,0.023637721315026283,1641.0,1536.250940446509
12,31,7,1580,5.0,0.003046922608163896,0.0236377976834774,1641.0,1536.250940446509
12,32,16,1597,17.0,0.010359536867757245,0.023637890815734863,1641.0,1536.250940446509
12,33,9,1597,0.0,0.0,0.023638006299734116,1641.0,1536.250940446509
12,34,16,1628,31.0,0.018890920170616155,0.023637941107153893,1641.0,1536.250940446509
12,35,10,1641,13.0,0.007921998781226128,0.023637890815734863,1641.0,1536.250940446509
15,0,11,0,0.0,0.0,0.04033436253666878,1483.0,1351.518709386466
15,1,6,25,25.0,0.016857720836131587,0.040334511548280716,1483.0,1351.518709386466
15,2,4,31,6.0,0.00404585300067158,0.07582542300224304,1483.0,1351.518709386466
15,3,5,40,9.0,0.006068779501007371,0.0758252814412117,1483.0,1351.518709386466
15,4,5,73,33.0,0.022252191503693695,0.07582511752843857,1483.0,1351.518709386466
15,5,16,73,0.0,0.0,0.07582496851682663,1483.0,1351.518709386466
15,6,1,246,173.0,0.11665542818603057,0.07582518458366394,1483.0,1351.518709386466
15,7,15,490,244.0,0.16453135536064428,0.0758250281214714,1483.0,1351.518709386466
15,8,1,812,322.0,0.21712744436937484,0.07582513242959976,1483.0,1351.518709386466
15,9,5,1135,323.0,0.2178017532028201,0.07582500576972961,1483.0,1351.518709386466
15,10,5,1359,224.0,0.151045178691739,0.07582500576972961,1483.0,1351.518709386466
15,11,4,1360,1.0,0.0006743088334452634,0.009791981428861618,1483.0,1351.518709386466
15,12,5,1360,0.0,0.0,0.009792163968086243,1483.0,1351.518709386466
15,13,5,1361,1.0,0.0006743088334452634,0.00979226641356945,1483.0,1351.518709386466
15,14,4,1361,0.0,0.0,0.0036392523907124996,1483.0,1351.518709386466
15,15,5,1363,2.0,0.0013486176668905268,0.003639236791059375,1483.0,1351.518709386466
15,16,4,1365,2.0,0.0013486176668905268,0.005927128717303276,1483.0,1351.518709386466
15,17,5,1366,1.0,0.0006743088334452634,0.005927068181335926,1483.0,1351.518709386466
15,18,4,1366,0.0,0.0,0.0059050642885267735,1483.0,1351.518709386466
15,19,5,1367,1.0,0.0006743088334452634,0.0059050642885267735,1483.0,1351.518709386466
15,20,4,1367,0.0,0.0,0.005425001494586468,1483.0,1351.518709386466
15,21,5,1368,1.0,0.0006743088334452634,0.005425006616860628,1483.0,1351.518709386466
15,22,16,1372,4.0,0.0026972353337810537,0.005424988456070423,1483.0,1351.518709386466
15,23,8,1372,0.0,0.0,0.005424996372312307,1483.0,1351.518709386466
15,24,4,1375,3.0,0.00202292650033579,0.005211338866502047,1483.0,1351.518709386466
15,25,5,1378,3.0,0.00202292650033579,0.005211363546550274,1483.0,1351.518709386466
15,26,4,1379,1.0,0.0006743088334452634,0.003825339488685131,1483.0,1351.518709386466
15,27,5,1381,2.0,0.0013486176668905268,0.003825324820354581,1483.0,1351.518709386466
15,28,16,1382,1.0,0.0006743088334452634,0.0038252081722021103,1483.0,1351.518709386466
15,29,8,1382,0.0,0.0,0.003825234482064843,1483.0,1351.518709386466
15,30,4,1384,2.0,0.0013486176668905268,0.005062831565737724,1483.0,1351.518709386466
15,31,5,1390,6.0,0.00404585300067158,0.0050628408789634705,1483.0,1351.518709386466
15,32,7,1396,6.0,0.00404585300067158,0.0050628697499632835,1483.0,1351.518709386466
15,33,16,1414,18.0,0.012137559002014742,0.005062892101705074,1483.0,1351.518709386466
15,34,9,1414,0.0,0.0,0.005062898155301809,1483.0,1351.518709386466
15,35,16,1466,52.0,0.0350640593391537,0.005062881391495466,1483.0,1351.518709386466
15,36,2,1483,17.0,0.011463250168569479,0.005062874872237444,1483.0,1351.518709386466
15,37,10,1483,0.0,0.0,0.005062865559011698,1483.0,1351.518709386466
18,0,11,0,0.0,0.0,0.018563393503427505,1301.0,1225.6179853905924
18,1,15,33,33.0,0.025365103766314092,0.018563413992524147,1301.0,1225.6179853905924
18,2,6,66,33.0,0.025365103766314092,0.018563495948910713,1301.0,1225.6179853905924
18,3,4,82,16.0,0.012298232129121985,0.04896528646349907,1301.0,1225.6179853905924
18,4,5,90,8.0,0.0061491160645609924,0.04896517097949982,1301.0,1225.6179853905924
18,5,1,102,12.0,0.009223674096841489,0.04896518215537071,1301.0,1225.6179853905924
18,6,5,120,18.0,0.013835511145262233,0.04896515607833862,1301.0,1225.6179853905924
18,7,16,120,0.0,0.0,0.04896506294608116,1301.0,1225.6179853905924
18,8,7,176,56.0,0.04304381245192695,0.04896512255072594,1301.0,1225.6179853905924
18,9,6,616,440.0,0.33820138355085455,0.04896507412195206,1301.0,1225.6179853905924
18,10,7,667,51.0,0.03920061491157632,0.04896508902311325,1301.0,1225.6179853905924
18,11,16,1122,455.0,0.34973097617190646,0.048965051770210266,1301.0,1225.6179853905924
18,12,9,1122,0.0,0.0,0.04896523803472519,1301.0,1225.6179853905924
18,13,6,1132,10.0,0.00768639508070124,0.048965390771627426,1301.0,1225.6179853905924
18,14,1,1146,14.0,0.010760953112981737,0.04896547272801399,1301.0,1225.6179853905924
18,15,5,1227,81.0,0.062259800153680045,0.04896535724401474,1301.0,1225.6179853905924
18,16,1,1252,25.0,0.0192159877017531,0.04896530881524086,1301.0,1225.6179853905924
18,17,16,1252,0.0,0.0,0.04896507412195206,1301.0,1225.6179853905924
18,18,5,1259,7.0,0.0053804765564908685,0.04896517097949982,1301.0,1225.6179853905924
18,19,4,1259,0.0,0.0,0.0062838392332196236,1301.0,1225.6179853905924
18,20,5,1260,1.0,0.0007686395080701241,0.006283863447606564,1301.0,1225.6179853905924
18,21,5,1262,2.0,0.0015372790161402481,0.006283815484493971,1301.0,1225.6179853905924
18,22,4,1262,0.0,0.0,0.005392992869019508,1301.0,1225.6179853905924
18,23,5,1264,2.0,0.0015372790161402481,0.005392983555793762,1301.0,1225.6179853905924
18,24,4,1264,0.0,0.0,0.008689853362739086,1301.0,1225.6179853905924
18,25,5,1265,1.0,0.0007686395080701241,0.008689898997545242,1301.0,1225.6179853905924
18,26,16,1265,0.0,0.0,0.00868982169777155,1301.0,1225.6179853905924
18,27,8,1265,0.0,0.0,0.00868989434093237,1301.0,1225.6179853905924
18,28,4,1267,2.0,0.0015372790161402481,0.006421394646167755,1301.0,1225.6179853905924
18,29,5,1273,6.0,0.0046118370484207446,0.006421320606023073,1301.0,1225.6179853905924
18,30,7,1278,5.0,0.00384319754035062,0.0064212786965072155,1301.0,1225.6179853905924
18,31,16,1287,9.0,0.006917755572631116,0.006421220023185015,1301.0,1225.6179853905924
18,32,2,1301,14.0,0.010760953112981737,0.006421373225748539,1301.0,1225.6179853905924
18,33,10,1301,0.0,0.0,0.006421342957764864,1301.0,1225.6179853905924
19,0,11,0,0.0,0.0,0.006557972636073828,1170.0,1127.4877517635468
19,1,4,7,7.0,0.005982905982900869,0.03886645659804344,1170.0,1127.4877517635468
19,2,5,14,7.0,0.005982905982900869,0.038866400718688965,1170.0,1127.4877517635468
19,3,6,32,18.0,0.015384615384602236,0.0388663075864315,1170.0,1127.4877517635468
19,4,1,39,7.0,0.005982905982900869,0.03886627033352852,1170.0,1127.4877517635468
19,5,5,71,32.0,0.027350427350403973,0.03886616975069046,1170.0,1127.4877517635468
19,6,16,71,0.0,0.0,0.03886609524488449,1170.0,1127.4877517635468
19,7,5,225,154.0,0.13162393162381913,0.03886618837714195,1170.0,1127.4877517635468
19,8,1,229,4.0,0.0034188034188004967,0.03886621445417404,1170.0,1127.4877517635468
19,9,1,245,16.0,0.013675213675201987,0.03886616975069046,1170.0,1127.4877517635468
19,10,5,248,3.0,0.0025641025641003727,0.03886613994836807,1170.0,1127.4877517635468
19,11,1,286,38.0,0.03247863247860472,0.038866233080625534,1170.0,1127.4877517635468
19,12,4,395,109.0,0.09316239316231353,0.005179226864129305,1170.0,1127.4877517635468
19,13,5,397,2.0,0.0017094017094002483,0.0015071561792865396,1170.0,1127.4877517635468
19,14,4,397,0.0,0.0,0.0017013885080814362,1170.0,1127.4877517635468
19,15,5,398,1.0,0.0008547008547001242,0.0017013787291944027,1170.0,1127.4877517635468
19,16,1,398,0.0,0.0,0.0017013739561662078,1170.0,1127.4877517635468
19,17,16,401,3.0,0.0025641025641003727,0.0017012943280860782,1170.0,1127.4877517635468
19,18,5,401,0.0,0.0,0.0017013228498399258,1170.0,1127.4877517635468
19,19,15,508,107.0,0.09145299145291329,0.0017012841999530792,1170.0,1127.4877517635468
19,20,16,589,81.0,0.06923076923071006,0.001701286993920803,1170.0,1127.4877517635468
19,21,9,589,0.0,0.0,0.0017013190081343055,1170.0,1127.4877517635468
19,22,1,672,83.0,0.0709401709401103,0.0017013511387631297,1170.0,1127.4877517635468
19,23,1,808,136.0,0.11623931623921689,0.0017013543983921409,1170.0,1127.4877517635468
19,24,16,808,0.0,0.0,0.0017013057367876172,1170.0,1127.4877517635468
19,25,1,928,120.0,0.10256410256401491,0.0017013746546581388,1170.0,1127.4877517635468
19,26,5,1064,136.0,0.11623931623921689,0.0017013689503073692,1170.0,1127.4877517635468
19,27,16,1064,0.0,0.0,0.0017013235483318567,1170.0,1127.4877517635468
19,28,5,1070,6.0,0.005128205128200745,0.001701346249319613,1170.0,1127.4877517635468
19,29,4,1071,1.0,0.0008547008547001242,0.005144011229276657,1170.0,1127.4877517635468
19,30,1,1074,3.0,0.0025641025641003727,0.005143963731825352,1170.0,1127.4877517635468
19,31,5,1077,3.0,0.0025641025641003727,0.0051441374234855175,1170.0,1127.4877517635468
19,32,4,1083,6.0,0.005128205128200745,0.033248983323574066,1170.0,1127.4877517635468
19,33,5,1086,3.0,0.0025641025641003727,0.03324902430176735,1170.0,1127.4877517635468
19,34,4,1088,2.0,0.0017094017094002483,0.02336908131837845,1170.0,1127.4877517635468
19,35,5,1089,1.0,0.0008547008547001242,0.023369010537862778,1170.0,1127.4877517635468
19,36,4,1089,0.0,0.0,0.02325631119310856,1170.0,1127.4877517635468
19,37,5,1090,1.0,0.0008547008547001242,0.023256367072463036,1170.0,1127.4877517635468
19,38,4,1090,0.0,0.0,0.02325643226504326,1170.0,1127.4877517635468
19,39,5,1091,1.0,0.0008547008547001242,0.023256395012140274,1170.0,1127.4877517635468
19,40,4,1092,1.0,0.0008547008547001242,0.022553442046046257,1170.0,1127.4877517635468
19,41,5,1092,0.0,0.0,0.02255324088037014,1170.0,1127.4877517635468
19,42,4,1093,1.0,0.0008547008547001242,0.022740663960576057,1170.0,1127.4877517635468
19,43,5,1094,1.0,0.0008547008547001242,0.02274070307612419,1170.0,1127.4877517635468
19,44,16,1120,26.0,0.022222222222203228,0.022740768268704414,1170.0,1127.4877517635468
19,45,8,1120,0.0,0.0,0.02274095080792904,1170.0,1127.4877517635468
19,46,4,1120,0.0,0.0,0.023268049582839012,1170.0,1127.4877517635468
19,47,5,1126,6.0,0.005128205128200745,0.023267988115549088,1170.0,1127.4877517635468
19,48,7,1149,23.0,0.019658119658102855,0.02326793223619461,1170.0,1127.4877517635468
19,49,16,1153,4.0,0.0034188034188004967,0.02326790988445282,1170.0,1127.4877517635468
19,50,2,1170,17.0,0.014529914529902111,0.02326813153922558,1170.0,1127.4877517635468
19,51,10,1170,0.0,0.0,0.02326817251741886,1170.0,1127.4877517635468
21,0,11,0,0.0,0.0,0.0065044742077589035,1040.0,983.7097382172942
21,1,6,66,66.0,0.06346153846147744,0.00650456128641963,1040.0,983.7097382172942
21,2,4,73,7.0,0.006730769230762759,0.04743354022502899,1040.0,983.7097382172942
21,3,5,75,2.0,0.001923076923075074,0.04743339493870735,1040.0,983.7097382172942
21,4,4,76,1.0,0.000961538461537537,0.04710349813103676,1040.0,983.7097382172942
21,5,5,78,2.0,0.001923076923075074,0.04710344225168228,1040.0,983.7097382172942
21,6,4,78,0.0,0.0,0.0482829250395298,1040.0,983.7097382172942
21,7,5,80,2.0,0.001923076923075074,0.04828294739127159,1040.0,983.7097382172942
21,8,4,82,2.0,0.001923076923075074,0.047108352184295654,1040.0,983.7097382172942
21,9,5,89,7.0,0.006730769230762759,0.047108281403779984,1040.0,983.7097382172942
21,10,1,91,2.0,0.001923076923075074,0.04710831865668297,1040.0,983.7097382172942
21,11,5,128,37.0,0.03557692307688887,0.047108352184295654,1040.0,983.7097382172942
21,12,16,128,0.0,0.0,0.04710839316248894,1040.0,983.7097382172942
21,13,15,323,195.0,0.1874999999998197,0.047108519822359085,1040.0,983.7097382172942
21,14,16,362,39.0,0.037499999999963944,0.04710853099822998,1040.0,983.7097382172942
21,15,9,362,0.0,0.0,0.04710853099822998,1040.0,983.7097382172942
21,16,5,785,423.0,0.40673076923037815,0.04710846394300461,1040.0,983.7097382172942
21,17,5,805,20.0,0.01923076923075074,0.04710838198661804,1040.0,983.7097382172942
21,18,5,991,186.0,0.17884615384598188,0.047108352184295654,1040.0,983.7097382172942
21,19,4,991,0.0,0.0,0.006288572214543819,1040.0,983.7097382172942
21,20,5,992,1.0,0.000961538461537537,0.006288598757237196,1040.0,983.7097382172942
21,21,5,994,2.0,0.001923076923075074,0.006288548465818167,1040.0,983.7097382172942
21,22,4,994,0.0,0.0,0.01111616287380457,1040.0,983.7097382172942
21,23,5,996,2.0,0.001923076923075074,0.011116142384707928,1040.0,983.7097382172942
21,24,4,996,0.0,0.0,0.004510956816375256,1040.0,983.7097382172942
21,25,5,997,1.0,0.000961538461537537,0.004510988015681505,1040.0,983.7097382172942
21,26,4,997,0.0,0.0,0.004938244819641113,1040.0,983.7097382172942
21,27,5,998,1.0,0.000961538461537537,0.004938233178108931,1040.0,983.7097382172942
21,28,4,998,0.0,0.0,0.0056009236723184586,1040.0,983.7097382172942
21,29,5,999,1.0,0.000961538461537537,0.0056008570827543736,1040.0,983.7097382172942
21,30,4,999,0.0,0.0,0.006044690031558275,1040.0,983.7097382172942
21,31,5,1000,1.0,0.000961538461537537,0.006044698413461447,1040.0,983.7097382172942
21,32,16,1001,1.0,0.000961538461537537,0.006044653709977865,1040.0,983.7097382172942
21,33,8,1001,0.0,0.0,0.006044748704880476,1040.0,983.7097382172942
21,34,4,1003,2.0,0.001923076923075074,0.0067313662730157375,1040.0,983.7097382172942
21,35,5,1009,6.0,0.005769230769225222,0.006731330417096615,1040.0,983.7097382172942
21,36,7,1018,9.0,0.008653846153837833,0.0067312936298549175,1040.0,983.7097382172942
21,37,16,1025,7.0,0.006730769230762759,0.006731212139129639,1040.0,983.7097382172942
21,38,10,1040,15.0,0.014423076923063055,0.006731265690177679,1040.0,983.7097382172942
22,0,11,0,0.0,0.0,0.009503002278506756,1109.0,1023.3471307356376
22,1,6,83,83.0,0.07484220018027517,0.009503132663667202,1109.0,1023.3471307356376
22,2,4,90,7.0,0.006311992786288267,0.06241905689239502,1109.0,1023.3471307356376
22,3,5,97,7.0,0.006311992786288267,0.06241887807846069,1109.0,1023.3471307356376
22,4,5,117,20.0,0.018034265103680763,0.062418729066848755,1109.0,1023.3471307356376
22,5,5,123,6.0,0.005410279531104229,0.06241868436336517,1109.0,1023.3471307356376
22,6,5,137,14.0,0.012623985572576534,0.06241868436336517,1109.0,1023.3471307356376
22,7,16,137,0.0,0.0,0.06241856515407562,1109.0,1023.3471307356376
22,8,15,316,179.0,0.16140667267794281,0.062418535351753235,1109.0,1023.3471307356376
22,9,5,956,640.0,0.5770964833177844,0.062418609857559204,1109.0,1023.3471307356376
22,10,5,997,41.0,0.036970243462545564,0.0624186247587204,1109.0,1023.3471307356376
22,11,1,1021,24.0,0.021641118124416915,0.06241875886917114,1109.0,1023.3471307356376
22,12,16,1021,0.0,0.0,0.062418729066848755,1109.0,1023.3471307356376
22,13,5,1028,7.0,0.006311992786288267,0.06241905689239502,1109.0,1023.3471307356376
22,14,4,1028,0.0,0.0,0.008018375374376774,1109.0,1023.3471307356376
22,15,5,1029,1.0,0.0009017132551840381,0.008019344881176949,1109.0,1023.3471307356376
22,16,5,1030,1.0,0.0009017132551840381,0.008019635453820229,1109.0,1023.3471307356376
22,17,4,1032,2.0,0.0018034265103680763,0.003352008992806077,1109.0,1023.3471307356376
22,18,5,1037,5.0,0.004508566275920191,0.0033519715070724487,1109.0,1023.3471307356376
22,19,4,1037,0.0,0.0,0.009321082383394241,1109.0,1023.3471307356376
22,20,5,1039,2.0,0.0018034265103680763,0.009321080520749092,1109.0,1023.3471307356376
22,21,16,1040,1.0,0.0009017132551840381,0.009320924058556557,1109.0,1023.3471307356376
22,22,8,1040,0.0,0.0,0.009320995770394802,1109.0,1023.3471307356376
22,23,4,1043,3.0,0.0027051397655521144,0.010836158879101276,1109.0,1023.3471307356376
22,24,5,1048,5.0,0.004508566275920191,0.010836190544068813,1109.0,1023.3471307356376
22,25,7,1054,6.0,0.005410279531104229,0.010836244560778141,1109.0,1023.3471307356376
22,26,16,1069,15.0,0.013525698827760573,0.010836164467036724,1109.0,1023.3471307356376
22,27,9,1069,0.0,0.0,0.01083624828606844,1109.0,1023.3471307356376
22,28,16,1093,24.0,0.021641118124416915,0.010836048051714897,1109.0,1023.3471307356376
22,29,2,1109,16.0,0.01442741208294461,0.010836157016456127,1109.0,1023.3471307356376
22,30,10,1109,0.0,0.0,0.01083599403500557,1109.0,1023.3471307356376
23,0,11,0,0.0,0.0,0.0060340045019984245,1449.0,1405.2319761755643
23,1,6,104,104.0,0.07177363699097876,0.006034085992723703,1449.0,1405.2319761755643
23,2,4,109,5.0,0.0034506556245662867,0.03304455801844597,1449.0,1405.2319761755643
23,3,5,116,7.0,0.004830917874392802,0.0330444797873497,1449.0,1405.2319761755643
23,4,1,118,2.0,0.0013802622498265147,0.033044446259737015,1449.0,1405.2319761755643
23,5,5,136,18.0,0.012422360248438633,0.03304436802864075,1449.0,1405.2319761755643
23,6,5,156,20.0,0.013802622498265147,0.03304438292980194,1449.0,1405.2319761755643
23,7,15,283,127.0,0.08764665286398368,0.03304430469870567,1449.0,1405.2319761755643
23,8,16,525,242.0,0.16701173222900828,0.03304428979754448,1449.0,1405.2319761755643
23,9,9,525,0.0,0.0,0.03304430469870567,1449.0,1405.2319761755643
23,10,5,836,311.0,0.21463077984802303,0.03304433450102806,1449.0,1405.2319761755643
23,11,5,845,9.0,0.006211180124219316,0.03304439038038254,1449.0,1405.2319761755643
23,12,5,848,3.0,0.002070393374739772,0.0330444872379303,1449.0,1405.2319761755643
23,13,5,905,57.0,0.03933747412005567,0.03304455801844597,1449.0,1405.2319761755643
23,14,5,908,3.0,0.002070393374739772,0.03304458037018776,1449.0,1405.2319761755643
23,15,5,911,3.0,0.002070393374739772,0.03304452449083328,1449.0,1405.2319761755643
23,16,4,911,0.0,0.0,0.004385044332593679,1449.0,1405.2319761755643
23,17,4,1225,314.0,0.2167011732227628,0.004377139266580343,1449.0,1405.2319761755643
23,18,5,1227,2.0,0.0013802622498265147,0.004377185832709074,1449.0,1405.2319761755643
23,19,4,1227,0.0,0.0,0.0017629934009164572,1449.0,1405.2319761755643
23,20,5,1229,2.0,0.0013802622498265147,0.0017629946814849973,1449.0,1405.2319761755643
23,21,5,1238,9.0,0.006211180124219316,0.0017630014335736632,1449.0,1405.2319761755643
23,22,1,1251,13.0,0.008971704623872345,0.0017630212241783738,1449.0,1405.2319761755643
23,23,1,1265,14.0,0.009661835748785604,0.0017630233196541667,1449.0,1405.2319761755643
23,24,5,1278,13.0,0.008971704623872345,0.001763013657182455,1449.0,1405.2319761755643
23,25,5,1293,15.0,0.01035196687369886,0.0017630249494686723,1449.0,1405.2319761755643
23,26,1,1333,40.0,0.027605244996530293,0.0017630510265007615,1449.0,1405.2319761755643
23,27,16,1333,0.0,0.0,0.00176298210863024,1449.0,1405.2319761755643
23,28,5,1338,5.0,0.0034506556245662867,0.0017630127258598804,1449.0,1405.2319761755643
23,29,4,1338,0.0,0.0,0.004378906451165676,1449.0,1405.2319761755643
23,30,5,1339,1.0,0.0006901311249132573,0.004378953017294407,1449.0,1405.2319761755643
23,31,4,1342,3.0,0.002070393374739772,0.0014360938221216202,1449.0,1405.2319761755643
23,32,5,1349,7.0,0.004830917874392802,0.0014361003413796425,1449.0,1405.2319761755643
23,33,16,1360,11.0,0.007591442374045831,0.001436077058315277,1449.0,1405.2319761755643
23,34,8,1360,0.0,0.0,0.0014361086068674922,1449.0,1405.2319761755643
23,35,16,1361,1.0,0.0006901311249132573,0.001436082529835403,1449.0,1405.2319761755643
23,36,4,1365,4.0,0.0027605244996530293,0.007570689544081688,1449.0,1405.2319761755643
23,37,5,1371,6.0,0.004140786749479544,0.007570686284452677,1449.0,1405.2319761755643
23,38,4,1390,19.0,0.01311249137335189,0.032847609370946884,1449.0,1405.2319761755643
23,39,5,1399,9.0,0.006211180124219316,0.03284755349159241,1449.0,1405.2319761755643
23,40,4,1400,1.0,0.0006901311249132573,0.03095526248216629,1449.0,1405.2319761755643
23,41,5,1402,2.0,0.0013802622498265147,0.0309551153331995,1449.0,1405.2319761755643
23,42,4,1403,1.0,0.0006901311249132573,0.029292652383446693,1449.0,1405.2319761755643
23,43,5,1405,2.0,0.0013802622498265147,0.029292678460478783,1449.0,1405.2319761755643
23,44,4,1428,23.0,0.01587301587300492,0.02745145931839943,1449.0,1405.2319761755643
23,45,5,1432,4.0,0.0027605244996530293,0.027451567351818085,1449.0,1405.2319761755643
23,46,16,1435,3.0,0.002070393374739772,0.027451520785689354,1449.0,1405.2319761755643
23,47,6,1437,2.0,0.0013802622498265147,0.027451541274785995,1449.0,1405.2319761755643
23,48,6,1439,2.0,0.0013802622498265147,0.02745150960981846,1449.0,1405.2319761755643
23,49,6,1440,1.0,0.0006901311249132573,0.027451541274785995,1449.0,1405.2319761755643
23,50,7,1440,0.0,0.0,0.02745162881910801,1449.0,1405.2319761755643
23,51,2,1449,9.0,0.006211180124219316,0.02745172381401062,1449.0,1405.2319761755643
23,52,10,1449,0.0,0.0,0.02745167538523674,1449.0,1405.2319761755643
24,0,11,0,0.0,0.0,0.03788134455680847,1115.0,1051.9206176768057
24,1,6,12,12.0,0.010762331838555371,0.037881504744291306,1115.0,1051.9206176768057
24,2,4,22,10.0,0.008968609865462808,0.04539799317717552,1115.0,1051.9206176768057
24,3,5,24,2.0,0.0017937219730925617,0.04539787396788597,1115.0,1051.9206176768057
24,4,4,24,0.0,0.0,0.0453159473836422,1115.0,1051.9206176768057
24,5,5,31,7.0,0.006278026905823966,0.04531589150428772,1115.0,1051.9206176768057
24,6,1,36,5.0,0.004484304932731404,0.04531595855951309,1115.0,1051.9206176768057
24,7,5,52,16.0,0.014349775784740493,0.045315925031900406,1115.0,1051.9206176768057
24,8,5,58,6.0,0.0053811659192776855,0.04531589150428772,1115.0,1051.9206176768057
24,9,5,72,14.0,0.012556053811647932,0.045315831899642944,1115.0,1051.9206176768057
24,10,16,72,0.0,0.0,0.04531572386622429,1115.0,1051.9206176768057
24,11,1,128,56.0,0.05022421524659173,0.04531595855951309,1115.0,1051.9206176768057
24,12,5,178,50.0,0.04484304932731404,0.04531605541706085,1115.0,1051.9206176768057
24,13,1,183,5.0,0.004484304932731404,0.045316215604543686,1115.0,1051.9206176768057
24,14,15,265,82.0,0.07354260089679503,0.04531610757112503,1115.0,1051.9206176768057
24,15,16,842,577.0,0.5174887892372041,0.04531601071357727,1115.0,1051.9206176768057
24,16,9,842,0.0,0.0,0.04531596973538399,1115.0,1051.9206176768057
24,17,5,963,121.0,0.10852017937209998,0.0453159362077713,1115.0,1051.9206176768057
24,18,5,978,15.0,0.013452914798194212,0.045315925031900406,1115.0,1051.9206176768057
24,19,5,1069,91.0,0.08161434977571155,0.04531598091125488,1115.0,1051.9206176768057
24,20,4,1069,0.0,0.0,0.005756572354584932,1115.0,1051.9206176768057
24,21,5,1070,1.0,0.0008968609865462808,0.005756532307714224,1115.0,1051.9206176768057
24,22,16,1072,2.0,0.0017937219730925617,0.0057586426846683025,1115.0,1051.9206176768057
24,23,4,1075,3.0,0.0026905829596388427,0.005756421014666557,1115.0,1051.9206176768057
24,24,5,1082,7.0,0.006278026905823966,0.005756480619311333,1115.0,1051.9206176768057
24,25,7,1090,8.0,0.007174887892370247,0.0057565695606172085,1115.0,1051.9206176768057
24,26,16,1100,10.0,0.008968609865462808,0.005758573301136494,1115.0,1051.9206176768057
24,27,2,1115,15.0,0.013452914798194212,0.005756295286118984,1115.0,1051.9206176768057
24,28,10,1115,0.0,0.0,0.005756429862231016,1115.0,1051.9206176768057
25,0,11,0,0.0,0.0,0.00967448204755783,847.0,753.3689552722499
25,1,6,17,17.0,0.020070838252632738,0.00967426598072052,847.0,753.3689552722499
25,2,4,25,8.0,0.009445100354180112,0.07733751833438873,847.0,753.3689552722499
25,3,5,32,7.0,0.008264462809907598,0.07733729481697083,847.0,753.3689552722499
25,4,1,46,14.0,0.016528925619815196,0.07733713835477829,847.0,753.3689552722499
25,5,1,73,27.0,0.03187721369535788,0.07733706384897232,847.0,753.3689552722499
25,6,5,96,23.0,0.027154663518267824,0.07733706384897232,847.0,753.3689552722499
25,7,16,96,0.0,0.0,0.0773368626832962,847.0,753.3689552722499
25,8,15,98,2.0,0.002361275088545028,0.07733684778213501,847.0,753.3689552722499
25,9,5,575,477.0,0.5631641086179892,0.07733693718910217,847.0,753.3689552722499
25,10,5,654,79.0,0.09327036599752861,0.07733692973852158,847.0,753.3689552722499
25,11,5,758,104.0,0.12278630460434146,0.07733708620071411,847.0,753.3689552722499
25,12,4,758,0.0,0.0,0.00967007502913475,847.0,753.3689552722499
25,13,16,760,2.0,0.002361275088545028,0.009673994034528732,847.0,753.3689552722499
25,14,4,762,2.0,0.002361275088545028,0.009672355838119984,847.0,753.3689552722499
25,15,5,769,7.0,0.008264462809907598,0.009672333486378193,847.0,753.3689552722499
25,16,7,780,11.0,0.012987012986997655,0.009674055501818657,847.0,753.3689552722499
25,17,16,820,40.0,0.04722550177090056,0.009675970301032066,847.0,753.3689552722499
25,18,9,820,0.0,0.0,0.009675673209130764,847.0,753.3689552722499
25,19,16,832,12.0,0.014167650531270169,0.009676091372966766,847.0,753.3689552722499
25,20,2,847,15.0,0.01770956316408771,0.009672144427895546,847.0,753.3689552722499
25,21,10,847,0.0,0.0,0.00967348925769329,847.0,753.3689552722499
26,0,11,0,0.0,0.0,0.010463608428835869,806.0,723.3489678362384
26,1,15,44,44.0,0.05459057071953525,0.010463844984769821,806.0,723.3489678362384
26,2,6,67,23.0,0.02853598014884797,0.010463318787515163,806.0,723.3489678362384
26,3,4,73,6.0,0.0074441687344820795,0.08237379789352417,806.0,723.3489678362384
26,4,5,81,8.0,0.009925558312642772,0.08237360417842865,806.0,723.3489678362384
26,5,1,81,0.0,0.0,0.08237355947494507,806.0,723.3489678362384
26,6,5,124,43.0,0.0533498759304549,0.08237351477146149,806.0,723.3489678362384
26,7,5,129,5.0,0.006203473945401733,0.08237355947494507,806.0,723.3489678362384
26,8,16,129,0.0,0.0,0.08237334340810776,806.0,723.3489678362384
26,9,5,170,41.0,0.050868486352294205,0.08237341791391373,806.0,723.3489678362384
26,10,1,176,6.0,0.0074441687344820795,0.0823734775185585,806.0,723.3489678362384
26,11,4,482,306.0,0.37965260545858603,0.0033362661488354206,806.0,723.3489678362384
26,12,5,485,3.0,0.0037220843672410397,0.0033362885005772114,806.0,723.3489678362384
26,13,1,485,0.0,0.0,0.0033362696412950754,806.0,723.3489678362384
26,14,4,485,0.0,0.0,0.003786841407418251,806.0,723.3489678362384
26,15,5,486,1.0,0.0012406947890803465,0.003786820452660322,806.0,723.3489678362384
26,16,16,488,2.0,0.002481389578160693,0.003786699380725622,806.0,723.3489678362384
26,17,5,488,0.0,0.0,0.003786736400797963,806.0,723.3489678362384
26,18,1,619,131.0,0.1625310173695254,0.0037867373321205378,806.0,723.3489678362384
26,19,16,619,0.0,0.0,0.0037866237107664347,806.0,723.3489678362384
26,20,5,626,7.0,0.008684863523562425,0.0037867201026529074,806.0,723.3489678362384
26,21,5,687,61.0,0.07568238213390113,0.0037867322098463774,806.0,723.3489678362384
26,22,4,688,1.0,0.0012406947890803465,0.010488572530448437,806.0,723.3489678362384
26,23,5,691,3.0,0.0037220843672410397,0.010488594882190228,806.0,723.3489678362384
26,24,16,691,0.0,0.0,0.010489213280379772,806.0,723.3489678362384
26,25,8,691,0.0,0.0,0.010488818399608135,806.0,723.3489678362384
26,26,4,693,2.0,0.002481389578160693,0.017831532284617424,806.0,723.3489678362384
26,27,5,699,6.0,0.0074441687344820795,0.017831455916166306,806.0,723.3489678362384
26,28,7,714,15.0,0.018610421836205197,0.01783127523958683,806.0,723.3489678362384
26,29,16,788,74.0,0.09181141439194565,0.017830904573202133,806.0,723.3489678362384
26,30,9,788,0.0,0.0,0.017831027507781982,806.0,723.3489678362384
26,31,16,792,4.0,0.004962779156321386,0.017830930650234222,806.0,723.3489678362384
26,32,10,806,14.0,0.01736972704712485,0.017831187695264816,806.0,723.3489678362384
29,0,11,0,0.0,0.0,0.006475389469414949,803.0,736.2256277617998
29,1,15,129,129.0,0.16064757160627566,0.006475411355495453,803.0,736.2256277617998
29,2,6,207,78.0,0.09713574097123645,0.006475463509559631,803.0,736.2256277617998
29,3,4,214,7.0,0.008717310087162245,0.05125577002763748,803.0,736.2256277617998
29,4,5,222,8.0,0.009962640099613994,0.05125562846660614,803.0,736.2256277617998
29,5,1,248,26.0,0.03237858032374548,0.05125558748841286,803.0,736.2256277617998
29,6,5,302,54.0,0.06724782067239446,0.05125560238957405,803.0,736.2256277617998
29,7,5,312,10.0,0.012453300124517492,0.051255613565444946,803.0,736.2256277617998
29,8,5,322,10.0,0.012453300124517492,0.051255594938993454,803.0,736.2256277617998
29,9,5,693,371.0,0.462017434619599,0.0512554794549942,803.0,736.2256277617998
29,10,4,693,0.0,0.0,0.007716877851635218,803.0,736.2256277617998
29,11,5,694,1.0,0.0012453300124517493,0.007716995198279619,803.0,736.2256277617998
29,12,16,695,1.0,0.0012453300124517493,0.007717396132647991,803.0,736.2256277617998
29,13,4,699,4.0,0.004981320049806997,0.007718318607658148,803.0,736.2256277617998
29,14,5,706,7.0,0.008717310087162245,0.0077183484099805355,803.0,736.2256277617998
29,15,4,712,6.0,0.007471980074710496,0.05303151160478592,803.0,736.2256277617998
29,16,5,715,3.0,0.003735990037355248,0.05303136259317398,803.0,736.2256277617998
29,17,7,727,12.0,0.014943960149420992,0.05303123593330383,803.0,736.2256277617998
29,18,16,781,54.0,0.06724782067239446,0.053031209856271744,803.0,736.2256277617998
29,19,9,781,0.0,0.0,0.053031302988529205,803.0,736.2256277617998
29,20,16,790,9.0,0.011207970112065743,0.05303128808736801,803.0,736.2256277617998
29,21,4,790,0.0,0.0,0.06061755120754242,803.0,736.2256277617998
29,22,5,792,2.0,0.0024906600249034985,0.06061747297644615,803.0,736.2256277617998
29,23,10,803,11.0,0.013698630136969243,0.06061745807528496,803.0,736.2256277617998
30,0,11,0,0.0,0.0,0.07159408181905746,546.0,490.2004215689376
30,1,4,25,25.0,0.04578754578746193,0.07097429782152176,546.0,490.2004215689376
30,2,6,32,7.0,0.01282051282048934,0.0709742084145546,546.0,490.2004215689376
30,3,5,35,3.0,0.005494505494495432,0.07097408175468445,546.0,490.2004215689376
30,4,5,61,26.0,0.04761904761896041,0.07097397744655609,546.0,490.2004215689376
30,5,16,61,0.0,0.0,0.07097380608320236,546.0,490.2004215689376
30,6,15,84,23.0,0.042124542124464974,0.07097381353378296,546.0,490.2004215689376
30,7,5,490,406.0,0.7435897435883817,0.07097392529249191,546.0,490.2004215689376
30,8,4,490,0.0,0.0,0.008981776423752308,546.0,490.2004215689376
30,9,5,491,1.0,0.0018315018314984772,0.008981793187558651,546.0,490.2004215689376
30,10,16,492,1.0,0.0018315018314984772,0.008982163853943348,546.0,490.2004215689376
30,11,4,495,3.0,0.005494505494495432,0.003303209086880088,546.0,490.2004215689376
30,12,5,504,9.0,0.016483516483486293,0.0025527060497552156,546.0,490.2004215689376
30,13,7,512,8.0,0.014652014651987818,0.002552721183747053,546.0,490.2004215689376
30,14,16,524,12.0,0.021978021977981727,0.0025527139659971,546.0,490.2004215689376
30,15,9,524,0.0,0.0,0.0025527311954647303,546.0,490.2004215689376
30,16,16,533,9.0,0.016483516483486293,0.002552690915763378,546.0,490.2004215689376
30,17,4,533,0.0,0.0,0.07159457355737686,546.0,490.2004215689376
30,18,5,534,1.0,0.0018315018314984772,0.07159452140331268,546.0,490.2004215689376
30,19,2,546,12.0,0.021978021977981727,0.07159462571144104,546.0,490.2004215689376
30,20,10,546,0.0,0.0,0.07159455120563507,546.0,490.2004215689376
31,0,11,0,0.0,0.0,0.0676431730389595,755.0,685.245863160817
31,1,4,35,35.0,0.046357615893978334,0.06777588278055191,755.0,685.245863160817
31,2,6,38,3.0,0.003973509933769571,0.06777578592300415,755.0,685.245863160817
31,3,5,45,7.0,0.009271523178795668,0.0677756741642952,755.0,685.245863160817
31,4,5,68,23.0,0.03046357615890005,0.06777557730674744,755.0,685.245863160817
31,5,16,68,0.0,0.0,0.06777539849281311,755.0,685.245863160817
31,6,15,208,140.0,0.18543046357591333,0.0677754282951355,755.0,685.245863160817
31,7,5,684,476.0,0.6304635761581053,0.06777555495500565,755.0,685.245863160817
31,8,4,684,0.0,0.0,0.008566989563405514,755.0,685.245863160817
31,9,5,685,1.0,0.001324503311256524,0.008567004464566708,755.0,685.245863160817
31,10,16,686,1.0,0.001324503311256524,0.008567355573177338,755.0,685.245863160817
31,11,16,687,1.0,0.001324503311256524,0.008567449636757374,755.0,685.245863160817
31,12,4,692,5.0,0.006622516556282619,0.0030763945542275906,755.0,685.245863160817
31,13,5,697,5.0,0.006622516556282619,0.0030764134135097265,755.0,685.245863160817
31,14,4,697,0.0,0.0,0.018477585166692734,755.0,685.245863160817
31,15,5,700,3.0,0.003973509933769571,0.018477492034435272,755.0,685.245863160817
31,16,16,708,8.0,0.010596026490052191,0.01847711391746998,755.0,685.245863160817
31,17,8,708,0.0,0.0,0.018477188423275948,755.0,685.245863160817
31,18,4,711,3.0,0.003973509933769571,0.0358867421746254,755.0,685.245863160817
31,19,5,717,6.0,0.007947019867539143,0.03588680177927017,755.0,685.245863160817
31,20,7,728,11.0,0.014569536423821762,0.03588683530688286,755.0,685.245863160817
31,21,16,738,10.0,0.013245033112565238,0.03588671237230301,755.0,685.245863160817
31,22,9,738,0.0,0.0,0.03588664531707764,755.0,685.245863160817
31,23,16,742,4.0,0.005298013245026096,0.035886552184820175,755.0,685.245863160817
31,24,10,755,13.0,0.01721854304633481,0.03588666394352913,755.0,685.245863160817
32,0,11,0,0.0,0.0,0.03693495690822601,994.0,895.5560627705418
32,1,4,57,57.0,0.05734406438626022,0.068698950111866,994.0,895.5560627705418
32,2,6,63,6.0,0.006036217303816865,0.06869883835315704,994.0,895.5560627705418
32,3,5,67,4.0,0.004024144869211243,0.06869874149560928,994.0,895.5560627705418
32,4,15,82,15.0,0.015090543259542162,0.06869852542877197,994.0,895.5560627705418
32,5,5,100,18.0,0.018108651911450595,0.06869857013225555,994.0,895.5560627705418
32,6,16,100,0.0,0.0,0.06869850307703018,994.0,895.5560627705418
32,7,16,930,830.0,0.835010060361333,0.06869849562644958,994.0,895.5560627705418
32,8,5,930,0.0,0.0,0.06869859248399734,994.0,895.5560627705418
32,9,4,930,0.0,0.0,0.008731499314308167,994.0,895.5560627705418
32,10,5,931,1.0,0.0010060362173028108,0.008731558918952942,994.0,895.5560627705418
32,11,4,936,5.0,0.0050301810865140545,0.00320711568929255,994.0,895.5560627705418
32,12,5,946,10.0,0.010060362173028109,0.0032071287278085947,994.0,895.5560627705418
32,13,7,954,8.0,0.008048289738422486,0.0032071415334939957,994.0,895.5560627705418
32,14,16,973,19.0,0.019114688128753405,0.003207111032679677,994.0,895.5560627705418
32,15,9,973,0.0,0.0,0.003207138041034341,994.0,895.5560627705418
32,16,16,979,6.0,0.006036217303816865,0.0032070789020508528,994.0,895.5560627705418
32,17,4,979,0.0,0.0,0.06943298131227493,994.0,895.5560627705418
32,18,5,981,2.0,0.0020120724346056216,0.06943295150995255,994.0,895.5560627705418
32,19,2,994,13.0,0.013078470824936541,0.06943302601575851,994.0,895.5560627705418
32,20,10,994,0.0,0.0,0.06943292915821075,994.0,895.5560627705418
33,0,11,0,0.0,0.0,0.06585954129695892,1451.0,1317.1902860910632
33,1,4,43,43.0,0.029634734665727337,0.06588500738143921,1451.0,1317.1902860910632
33,2,6,48,5.0,0.003445899379735737,0.06588494032621384,1451.0,1317.1902860910632
33,3,5,53,5.0,0.003445899379735737,0.06588482856750488,1451.0,1317.1902860910632
33,4,15,64,11.0,0.007580978635418621,0.06588463485240936,1451.0,1317.1902860910632
33,5,16,64,0.0,0.0,0.0658845454454422,1451.0,1317.1902860910632
33,6,5,83,19.0,0.0130944176429958,0.06588468700647354,1451.0,1317.1902860910632
33,7,16,83,0.0,0.0,0.06588459014892578,1451.0,1317.1902860910632
33,8,5,1341,1258.0,0.8669882839415114,0.06588464975357056,1451.0,1317.1902860910632
33,9,5,1377,36.0,0.024810475534097307,0.06588461995124817,1451.0,1317.1902860910632
33,10,4,1378,1.0,0.0006891798759471473,0.008294451981782913,1451.0,1317.1902860910632
33,11,5,1378,0.0,0.0,0.008294569328427315,1451.0,1317.1902860910632
33,12,5,1379,1.0,0.0006891798759471473,0.008294685743749142,1451.0,1317.1902860910632
33,13,16,1385,6.0,0.004135079255682884,0.008295081555843353,1451.0,1317.1902860910632
33,14,4,1388,3.0,0.002067539627841442,0.003034051973372698,1451.0,1317.1902860910632
33,15,5,1398,10.0,0.006891798759471474,0.003034039633348584,1451.0,1317.1902860910632
33,16,7,1405,7.0,0.0048242591316300315,0.0030340070370584726,1451.0,1317.1902860910632
33,17,16,1423,18.0,0.012405237767048653,0.0030339390505105257,1451.0,1317.1902860910632
33,18,9,1423,0.0,0.0,0.0030339534860104322,1451.0,1317.1902860910632
33,19,16,1432,9.0,0.006202618883524327,0.0030339215882122517,1451.0,1317.1902860910632
33,20,4,1437,5.0,0.003445899379735737,0.06585882604122162,1451.0,1317.1902860910632
33,21,5,1440,3.0,0.002067539627841442,0.06585877388715744,1451.0,1317.1902860910632
33,22,10,1451,11.0,0.007580978635418621,0.06585869193077087,1451.0,1317.1902860910632
34,0,11,0,0.0,0.0,0.06117461621761322,533.0,491.65927125373855
34,1,4,93,93.0,0.17448405253250565,0.06064002588391304,533.0,491.65927125373855
34,2,5,102,9.0,0.016885553470887646,0.06063998118042946,533.0,491.65927125373855
34,3,6,106,4.0,0.00750469043150562,0.06063983961939812,533.0,491.65927125373855
34,4,5,121,15.0,0.028142589118146075,0.06063975393772125,533.0,491.65927125373855
34,5,15,130,9.0,0.016885553470887646,0.0606396347284317,533.0,491.65927125373855
34,6,5,442,312.0,0.5853658536574383,0.06063975393772125,533.0,491.65927125373855
34,7,5,443,1.0,0.001876172607876405,0.06063975393772125,533.0,491.65927125373855
34,8,4,448,5.0,0.009380863039382025,0.007850075140595436,533.0,491.65927125373855
34,9,5,451,3.0,0.005628517823629215,0.007850086316466331,533.0,491.65927125373855
34,10,4,451,0.0,0.0,0.0063757686875760555,533.0,491.65927125373855
34,11,5,454,3.0,0.005628517823629215,0.0063757807947695255,533.0,491.65927125373855
34,12,16,456,2.0,0.00375234521575281,0.006375777535140514,533.0,491.65927125373855
34,13,8,456,0.0,0.0,0.006375867407768965,533.0,491.65927125373855
34,14,4,458,2.0,0.00375234521575281,0.0231560580432415,533.0,491.65927125373855
34,15,5,460,2.0,0.00375234521575281,0.023155953735113144,533.0,491.65927125373855
34,16,4,460,0.0,0.0,0.02891199290752411,533.0,491.65927125373855
34,17,5,462,2.0,0.00375234521575281,0.02891187183558941,533.0,491.65927125373855
34,18,16,463,1.0,0.001876172607876405,0.02891179732978344,533.0,491.65927125373855
34,19,8,463,0.0,0.0,0.02891192026436329,533.0,491.65927125373855
34,20,4,465,2.0,0.00375234521575281,0.029202744364738464,533.0,491.65927125373855
34,21,5,471,6.0,0.01125703564725843,0.029202694073319435,533.0,491.65927125373855
34,22,7,473,2.0,0.00375234521575281,0.02920258417725563,533.0,491.65927125373855
34,23,16,509,36.0,0.06754221388355058,0.02920248731970787,533.0,491.65927125373855
34,24,9,509,0.0,0.0,0.029202571138739586,533.0,491.65927125373855
34,25,16,519,10.0,0.01876172607876405,0.029202671721577644,533.0,491.65927125373855
34,26,2,533,14.0,0.02626641651026967,0.029202835634350777,533.0,491.65927125373855
34,27,10,533,0.0,0.0,0.029202759265899658,533.0,491.65927125373855
36,0,11,0,0.0,0.0,0.020288633182644844,1266.0,1141.4048421364278
36,1,4,433,433.0,0.3420221169033633,0.0684201568365097,1266.0,1141.4048421364278
36,2,6,439,6.0,0.004739336492887252,0.06842008233070374,1266.0,1141.4048421364278
36,3,5,442,3.0,0.002369668246443626,0.06841994822025299,1266.0,1141.4048421364278
36,4,5,466,24.0,0.01895734597154901,0.06841982156038284,1266.0,1141.4048421364278
36,5,16,466,0.0,0.0,0.06841963529586792,1266.0,1141.4048421364278
36,6,1,470,4.0,0.0031595576619248343,0.06841983646154404,1266.0,1141.4048421364278
36,7,15,963,493.0,0.38941548183223584,0.06841966509819031,1266.0,1141.4048421364278
36,8,5,1114,151.0,0.1192733017376625,0.06841973215341568,1266.0,1141.4048421364278
36,9,1,1150,36.0,0.02843601895732351,0.06841973960399628,1266.0,1141.4048421364278
36,10,16,1150,0.0,0.0,0.06841956824064255,1266.0,1141.4048421364278
36,11,5,1188,38.0,0.030015797788285926,0.06841979920864105,1266.0,1141.4048421364278
36,12,5,1189,1.0,0.0007898894154812086,0.0684199258685112,1266.0,1141.4048421364278
36,13,4,1189,0.0,0.0,0.008608035743236542,1266.0,1141.4048421364278
36,14,5,1196,7.0,0.005529225908368461,0.008608078584074974,1266.0,1141.4048421364278
36,15,7,1198,2.0,0.0015797788309624171,0.008608078584074974,1266.0,1141.4048421364278
36,16,16,1205,7.0,0.005529225908368461,0.008608317002654076,1266.0,1141.4048421364278
36,17,9,1205,0.0,0.0,0.00860805157572031,1266.0,1141.4048421364278
36,18,16,1250,45.0,0.03554502369665439,0.008608329109847546,1266.0,1141.4048421364278
36,19,10,1266,16.0,0.012638230647699337,0.008608168922364712,1266.0,1141.4048421364278
37,0,11,0,0.0,0.0,0.0075643896125257015,572.0,524.5486708432436
37,1,4,28,28.0,0.048951048950963374,0.06013794243335724,572.0,524.5486708432436
37,2,15,33,5.0,0.008741258741243459,0.060137733817100525,572.0,524.5486708432436
37,3,16,33,0.0,0.0,0.06013757735490799,572.0,524.5486708432436
37,4,5,35,2.0,0.0034965034964973838,0.060137584805488586,572.0,524.5486708432436
37,5,6,39,4.0,0.0069930069929947675,0.060137491673231125,572.0,524.5486708432436
37,6,1,50,11.0,0.01923076923073561,0.06013757735490799,572.0,524.5486708432436
37,7,5,56,6.0,0.010489510489492152,0.06013747677206993,572.0,524.5486708432436
37,8,5,74,18.0,0.03146853146847645,0.06013748422265053,572.0,524.5486708432436
37,9,16,74,0.0,0.0,0.0601373054087162,572.0,524.5486708432436
37,10,5,437,363.0,0.6346153846142751,0.06013743206858635,572.0,524.5486708432436
37,11,1,472,35.0,0.061188811188704215,0.06013760715723038,572.0,524.5486708432436
37,12,16,472,0.0,0.0,0.060137517750263214,572.0,524.5486708432436
37,13,5,474,2.0,0.0034965034964973838,0.060137879103422165,572.0,524.5486708432436
37,14,5,477,3.0,0.005244755244746076,0.06013792008161545,572.0,524.5486708432436
37,15,4,477,0.0,0.0,0.0075056846253573895,572.0,524.5486708432436
37,16,5,484,7.0,0.012237762237740844,0.0075056469067931175,572.0,524.5486708432436
37,17,7,507,23.0,0.04020979020971991,0.007505700923502445,572.0,524.5486708432436
37,18,6,511,4.0,0.0069930069929947675,0.007505707908421755,572.0,524.5486708432436
37,19,7,532,21.0,0.03671328671322253,0.00750579172745347,572.0,524.5486708432436
37,20,16,545,13.0,0.022727272727232996,0.007506129797548056,572.0,524.5486708432436
37,21,9,545,0.0,0.0,0.0075058043003082275,572.0,524.5486708432436
37,22,16,559,14.0,0.024475524475481687,0.00750599754974246,572.0,524.5486708432436
37,23,10,572,13.0,0.022727272727232996,0.007505747489631176,572.0,524.5486708432436
38,0,11,0,0.0,0.0,0.007051687687635422,561.0,523.9784430409782
38,1,4,25,25.0,0.04456327985731807,0.05516906455159187,561.0,523.9784430409782
38,2,15,29,4.0,0.007130124777170891,0.055168893188238144,561.0,523.9784430409782
38,3,16,29,0.0,0.0,0.05516873300075531,561.0,523.9784430409782
38,4,5,32,3.0,0.005347593582878169,0.05516873300075531,561.0,523.9784430409782
38,5,5,33,1.0,0.0017825311942927227,0.05516868084669113,561.0,523.9784430409782
38,6,6,36,3.0,0.005347593582878169,0.055168695747852325,561.0,523.9784430409782
38,7,1,53,17.0,0.030303030302976288,0.0551687628030777,561.0,523.9784430409782
38,8,5,80,27.0,0.04812834224590352,0.05516868084669113,561.0,523.9784430409782
38,9,16,80,0.0,0.0,0.05516847223043442,561.0,523.9784430409782
38,10,5,229,149.0,0.2655971479496157,0.055168602615594864,561.0,523.9784430409782
38,11,1,233,4.0,0.007130124777170891,0.055168747901916504,561.0,523.9784430409782
38,12,4,421,188.0,0.3351158645270319,0.002201225608587265,561.0,523.9784430409782
38,13,5,423,2.0,0.0035650623885854454,0.0022013154812157154,561.0,523.9784430409782
38,14,4,424,1.0,0.0017825311942927227,0.002500962233170867,561.0,523.9784430409782
38,15,1,424,0.0,0.0,0.0025009694509208202,561.0,523.9784430409782
38,16,5,424,0.0,0.0,0.002500919857993722,561.0,523.9784430409782
38,17,1,425,1.0,0.0017825311942927227,0.0025009086821228266,561.0,523.9784430409782
38,18,16,427,2.0,0.0035650623885854454,0.00250080949626863,561.0,523.9784430409782
38,19,5,427,0.0,0.0,0.002500866772606969,561.0,523.9784430409782
38,20,1,480,53.0,0.09447415329751431,0.0025008965749293566,561.0,523.9784430409782
38,21,16,480,0.0,0.0,0.002500826260074973,561.0,523.9784430409782
38,22,5,485,5.0,0.008912655971463615,0.002500888193026185,561.0,523.9784430409782
38,23,4,485,0.0,0.0,0.0071252440102398396,561.0,523.9784430409782
38,24,5,488,3.0,0.005347593582878169,0.00712830713018775,561.0,523.9784430409782
38,25,4,490,2.0,0.0035650623885854454,0.00957382284104824,561.0,523.9784430409782
38,26,5,496,6.0,0.010695187165756338,0.00957385916262865,561.0,523.9784430409782
38,27,7,502,6.0,0.010695187165756338,0.009573815390467644,561.0,523.9784430409782
38,28,16,543,41.0,0.07308377896600163,0.009573610499501228,561.0,523.9784430409782
38,29,9,543,0.0,0.0,0.009573611430823803,561.0,523.9784430409782
38,30,16,547,4.0,0.007130124777170891,0.009573492221534252,561.0,523.9784430409782
38,31,4,547,0.0,0.0,0.05537334457039833,561.0,523.9784430409782
38,32,5,549,2.0,0.0035650623885854454,0.05537346377968788,561.0,523.9784430409782
38,33,2,561,12.0,0.021390374331512675,0.05537354201078415,561.0,523.9784430409782
38,34,10,561,0.0,0.0,0.05537346377968788,561.0,523.9784430409782
39,0,11,0,0.0,0.0,0.09056142717599869,486.0,429.38552102074027
39,1,4,21,21.0,0.043209876543120966,0.09007301181554794,486.0,429.38552102074027
39,2,15,24,3.0,0.006172839506160138,0.09007268399000168,486.0,429.38552102074027
39,3,16,25,1.0,0.002057613168720046,0.09007243067026138,486.0,429.38552102074027
39,4,5,28,3.0,0.006172839506160138,0.09007246047258377,486.0,429.38552102074027
39,5,6,32,4.0,0.008230452674880184,0.09007232636213303,486.0,429.38552102074027
39,6,1,45,13.0,0.026748971193360598,0.09007240831851959,486.0,429.38552102074027
39,7,1,55,10.0,0.02057613168720046,0.09007244557142258,486.0,429.38552102074027
39,8,4,186,131.0,0.26954732510232604,0.011507241055369377,486.0,429.38552102074027
39,9,5,188,2.0,0.004115226337440092,0.011507296934723854,486.0,429.38552102074027
39,10,4,188,0.0,0.0,0.004230449441820383,486.0,429.38552102074027
39,11,1,190,2.0,0.004115226337440092,0.004230482969433069,486.0,429.38552102074027
39,12,1,191,1.0,0.002057613168720046,0.0042305137030780315,486.0,429.38552102074027
39,13,16,191,0.0,0.0,0.0042304242961108685,486.0,429.38552102074027
39,14,5,191,0.0,0.0,0.004230546299368143,486.0,429.38552102074027
39,15,5,277,86.0,0.17695473250992397,0.004230530001223087,486.0,429.38552102074027
39,16,16,277,0.0,0.0,0.0042303879745304585,486.0,429.38552102074027
39,17,5,347,70.0,0.14403292181040322,0.004230429418385029,486.0,429.38552102074027
39,18,1,395,48.0,0.09876543209856221,0.004230433143675327,486.0,429.38552102074027
39,19,16,395,0.0,0.0,0.004230298101902008,486.0,429.38552102074027
39,20,5,413,18.0,0.03703703703696083,0.004230410326272249,486.0,429.38552102074027
39,21,5,414,1.0,0.002057613168720046,0.0042304228991270065,486.0,429.38552102074027
39,22,5,416,2.0,0.004115226337440092,0.004230431281030178,486.0,429.38552102074027
39,23,5,418,2.0,0.004115226337440092,0.004230437334626913,486.0,429.38552102074027
39,24,4,418,0.0,0.0,0.01145623903721571,486.0,429.38552102074027
39,25,5,425,7.0,0.014403292181040323,0.011456359177827835,486.0,429.38552102074027
39,26,7,432,7.0,0.014403292181040323,0.011456443928182125,486.0,429.38552102074027
39,27,16,470,38.0,0.07818930041136175,0.011459609493613243,486.0,429.38552102074027
39,28,9,470,0.0,0.0,0.011456131935119629,486.0,429.38552102074027
39,29,16,473,3.0,0.006172839506160138,0.0114584406837821,486.0,429.38552102074027
39,30,10,486,13.0,0.026748971193360598,0.011456148698925972,486.0,429.38552102074027
41,0,11,0,0.0,0.0,0.007379976566880941,399.0,367.4795585470274
41,1,4,40,40.0,0.10025062656616479,0.058460939675569534,399.0,367.4795585470274
41,2,15,44,4.0,0.01002506265661648,0.058460723608732224,399.0,367.4795585470274
41,3,16,44,0.0,0.0,0.0584605410695076,399.0,367.4795585470274
41,4,5,47,3.0,0.007518796992462359,0.058460578322410583,399.0,367.4795585470274
41,5,5,48,1.0,0.00250626566415412,0.058460500091314316,399.0,367.4795585470274
41,6,6,54,6.0,0.015037593984924718,0.05846051499247551,399.0,367.4795585470274
41,7,1,61,7.0,0.017543859649078838,0.058460578322410583,399.0,367.4795585470274
41,8,5,83,22.0,0.05513784461139063,0.05846046656370163,399.0,367.4795585470274
41,9,5,94,11.0,0.027568922305695315,0.0584602989256382,399.0,367.4795585470274
41,10,16,94,0.0,0.0,0.058460284024477005,399.0,367.4795585470274
41,11,5,270,176.0,0.44110275689112505,0.058460533618927,399.0,367.4795585470274
41,12,5,328,58.0,0.14536340852093893,0.05846070125699043,399.0,367.4795585470274
41,13,1,339,11.0,0.027568922305695315,0.058460917323827744,399.0,367.4795585470274
41,14,16,339,0.0,0.0,0.05846073850989342,399.0,367.4795585470274
41,15,5,341,2.0,0.00501253132830824,0.058460772037506104,399.0,367.4795585470274
41,16,4,341,0.0,0.0,0.007401208858937025,399.0,367.4795585470274
41,17,5,342,1.0,0.00250626566415412,0.007401220966130495,399.0,367.4795585470274
41,18,4,343,1.0,0.00250626566415412,0.0027387479785829782,399.0,367.4795585470274
41,19,5,350,7.0,0.017543859649078838,0.002738741459324956,399.0,367.4795585470274
41,20,7,353,3.0,0.007518796992462359,0.002738738199695945,399.0,367.4795585470274
41,21,16,382,29.0,0.07268170426046947,0.0027386744040995836,399.0,367.4795585470274
41,22,9,382,0.0,0.0,0.002738743321970105,399.0,367.4795585470274
41,23,16,386,4.0,0.01002506265661648,0.0027387018781155348,399.0,367.4795585470274
41,24,2,399,13.0,0.032581453634003554,0.0027387975715100765,399.0,367.4795585470274
41,25,10,399,0.0,0.0,0.002738760318607092,399.0,367.4795585470274
42,0,11,0,0.0,0.0,0.0037796087563037872,271.0,240.3124845009297
42,1,15,24,24.0,0.0885608856085293,0.0037796231918036938,271.0,240.3124845009297
42,2,16,24,0.0,0.0,0.0037796448450535536,271.0,240.3124845009297
42,3,6,46,22.0,0.08118081180781853,0.003779728664085269,271.0,240.3124845009297
42,4,4,50,4.0,0.01476014760142155,0.0792556032538414,271.0,240.3124845009297
42,5,5,57,7.0,0.025830258302487714,0.07925549149513245,271.0,240.3124845009297
42,6,1,59,2.0,0.007380073800710775,0.07925556600093842,271.0,240.3124845009297
42,7,5,65,6.0,0.022140221402132326,0.07925551384687424,271.0,240.3124845009297
42,8,5,82,17.0,0.06273062730604159,0.07925549149513245,271.0,240.3124845009297
42,9,16,82,0.0,0.0,0.07925522327423096,271.0,240.3124845009297
42,10,5,192,110.0,0.4059040590390926,0.07925538718700409,271.0,240.3124845009297
42,11,1,227,35.0,0.12915129151243857,0.07925558090209961,271.0,240.3124845009297
42,12,16,227,0.0,0.0,0.07925558090209961,271.0,240.3124845009297
42,13,5,232,5.0,0.018450184501776937,0.07925599813461304,271.0,240.3124845009297
42,14,4,232,0.0,0.0,0.009885627776384354,271.0,240.3124845009297
42,15,5,240,8.0,0.0295202952028431,0.009885895997285843,271.0,240.3124845009297
42,16,7,242,2.0,0.007380073800710775,0.009885884821414948,271.0,240.3124845009297
42,17,16,252,10.0,0.036900369003553875,0.009886323474347591,271.0,240.3124845009297
42,18,9,252,0.0,0.0,0.009886014275252819,271.0,240.3124845009297
42,19,16,258,6.0,0.022140221402132326,0.009886445477604866,271.0,240.3124845009297
42,20,2,271,13.0,0.04797047970462004,0.009885653853416443,271.0,240.3124845009297
42,21,10,271,0.0,0.0,0.009886047802865505,271.0,240.3124845009297
43,0,11,0,0.0,0.0,0.00803140364587307,339.0,308.2389698624611
43,1,4,29,29.0,0.08554572271361197,0.06435618549585342,339.0,308.2389698624611
43,2,15,36,7.0,0.02064896755156151,0.06435592472553253,339.0,308.2389698624611
43,3,5,36,0.0,0.0,0.06435592472553253,339.0,308.2389698624611
43,4,16,36,0.0,0.0,0.06435561180114746,339.0,308.2389698624611
43,5,6,49,13.0,0.03834808259575709,0.06435570120811462,339.0,308.2389698624611
43,6,1,63,14.0,0.04129793510312302,0.06435579061508179,339.0,308.2389698624611
43,7,5,77,14.0,0.04129793510312302,0.0643557459115982,339.0,308.2389698624611
43,8,16,77,0.0,0.0,0.06435555964708328,339.0,308.2389698624611
43,9,5,243,166.0,0.48967551622274436,0.06435564160346985,339.0,308.2389698624611
43,10,5,244,1.0,0.00294985250736593,0.06435562670230865,339.0,308.2389698624611
43,11,1,272,28.0,0.08259587020624604,0.06435581296682358,339.0,308.2389698624611
43,12,16,272,0.0,0.0,0.06435579061508179,339.0,308.2389698624611
43,13,5,278,6.0,0.01769911504419558,0.06435612589120865,339.0,308.2389698624611
43,14,4,278,0.0,0.0,0.008073986507952213,339.0,308.2389698624611
43,15,5,285,7.0,0.02064896755156151,0.008074529469013214,339.0,308.2389698624611
43,16,7,291,6.0,0.01769911504419558,0.008075808174908161,339.0,308.2389698624611
43,17,16,321,30.0,0.0884955752209779,0.008076239377260208,339.0,308.2389698624611
43,18,9,321,0.0,0.0,0.008075999096035957,339.0,308.2389698624611
43,19,16,326,5.0,0.01474926253682965,0.008076335303485394,339.0,308.2389698624611
43,20,2,339,13.0,0.03834808259575709,0.00807389710098505,339.0,308.2389698624611
43,21,10,339,0.0,0.0,0.008075857535004616,339.0,308.2389698624611
44,0,11,0,0.0,0.0,0.009706647135317326,495.0,446.6151896235533
44,1,4,30,30.0,0.06060606060593817,0.07676221430301666,495.0,446.6151896235533
44,2,15,34,4.0,0.008080808080791755,0.07676196843385696,495.0,446.6151896235533
44,3,16,34,0.0,0.0,0.07676173746585846,495.0,446.6151896235533
44,4,5,37,3.0,0.006060606060593817,0.07676173746585846,495.0,446.6151896235533
44,5,6,41,4.0,0.008080808080791755,0.0767616480588913,495.0,446.6151896235533
44,6,1,47,6.0,0.012121212121187634,0.07676175981760025,495.0,446.6151896235533
44,7,5,65,18.0,0.0363636363635629,0.07676170021295547,495.0,446.6151896235533
44,8,16,65,0.0,0.0,0.07676148414611816,495.0,446.6151896235533
44,9,5,193,128.0,0.25858585858533617,0.07676155865192413,495.0,446.6151896235533
44,10,1,202,9.0,0.01818181818178145,0.0767616480588913,495.0,446.6151896235533
44,11,4,370,168.0,0.33939393939325374,0.002740131225436926,495.0,446.6151896235533
44,12,5,373,3.0,0.006060606060593817,0.0027401475235819817,495.0,446.6151896235533
44,13,4,373,0.0,0.0,0.003555058967322111,495.0,446.6151896235533
44,14,1,373,0.0,0.0,0.0035551039036363363,495.0,446.6151896235533
44,15,5,374,1.0,0.002020202020197939,0.0035550605971366167,495.0,446.6151896235533
44,16,16,376,2.0,0.004040404040395878,0.003554938593879342,495.0,446.6151896235533
44,17,5,376,0.0,0.0,0.0035549751482903957,495.0,446.6151896235533
44,18,1,417,41.0,0.0828282828281155,0.0035549786407500505,495.0,446.6151896235533
44,19,16,417,0.0,0.0,0.0035548629239201546,495.0,446.6151896235533
44,20,5,430,13.0,0.026262626262573207,0.0035549604799598455,495.0,446.6151896235533
44,21,5,432,2.0,0.004040404040395878,0.003554971655830741,495.0,446.6151896235533
44,22,4,433,1.0,0.002020202020197939,0.009716822765767574,495.0,446.6151896235533
44,23,5,433,0.0,0.0,0.009716845117509365,495.0,446.6151896235533
44,24,5,440,7.0,0.014141414141385573,0.009716881439089775,495.0,446.6151896235533
44,25,7,443,3.0,0.006060606060593817,0.009717032313346863,495.0,446.6151896235533
44,26,16,475,32.0,0.06464646464633404,0.009718636982142925,495.0,446.6151896235533
44,27,9,475,0.0,0.0,0.00971693079918623,495.0,446.6151896235533
44,28,16,481,6.0,0.012121212121187634,0.009717367589473724,495.0,446.6151896235533
44,29,2,495,14.0,0.028282828282771146,0.009716334752738476,495.0,446.6151896235533
44,30,10,495,0.0,0.0,0.009716763161122799,495.0,446.6151896235533
45,0,11,0,0.0,0.0,0.014326609671115875,1780.0,1524.9898299667984
45,1,6,36,36.0,0.020224719101112232,0.01432640478014946,1780.0,1524.9898299667984
45,2,4,41,5.0,0.0028089887640433656,0.11260954290628433,1780.0,1524.9898299667984
45,3,5,51,10.0,0.005617977528086731,0.11260934174060822,1780.0,1524.9898299667984
45,4,4,136,85.0,0.04775280898873722,0.004625397734344006,1780.0,1524.9898299667984
45,5,5,137,1.0,0.0005617977528086732,0.004625389818102121,1780.0,1524.9898299667984
45,6,5,143,6.0,0.0033707865168520388,0.004625395406037569,1780.0,1524.9898299667984
45,7,1,149,6.0,0.0033707865168520388,0.004625406116247177,1780.0,1524.9898299667984
45,8,15,172,23.0,0.012921348314599483,0.004625415429472923,1780.0,1524.9898299667984
45,9,4,1491,1319.0,0.7410112359546399,0.004089210648089647,1780.0,1524.9898299667984
45,10,5,1493,2.0,0.0011235955056173464,0.004089203663170338,1780.0,1524.9898299667984
45,11,4,1493,0.0,0.0,0.005285630468279123,1780.0,1524.9898299667984
45,12,5,1494,1.0,0.0005617977528086732,0.005285647697746754,1780.0,1524.9898299667984
45,13,1,1494,0.0,0.0,0.005285716149955988,1780.0,1524.9898299667984
45,14,16,1496,2.0,0.0011235955056173464,0.005285623017698526,1780.0,1524.9898299667984
45,15,5,1497,1.0,0.0005617977528086732,0.005285694729536772,1780.0,1524.9898299667984
45,16,5,1504,7.0,0.003932584269660712,0.005285653285682201,1780.0,1524.9898299667984
45,17,16,1504,0.0,0.0,0.005285522900521755,1780.0,1524.9898299667984
45,18,5,1565,61.0,0.03426966292132906,0.005285579711198807,1780.0,1524.9898299667984
45,19,5,1568,3.0,0.0016853932584260194,0.005285578314214945,1780.0,1524.9898299667984
45,20,4,1569,1.0,0.0005617977528086732,0.014307736419141293,1780.0,1524.9898299667984
45,21,5,1570,1.0,0.0005617977528086732,0.014307701960206032,1780.0,1524.9898299667984
45,22,16,1625,55.0,0.030898876404477024,0.014308137819170952,1780.0,1524.9898299667984
45,23,4,1628,3.0,0.0016853932584260194,0.005719327367842197,1780.0,1524.9898299667984
45,24,5,1637,9.0,0.005056179775278058,0.005719331558793783,1780.0,1524.9898299667984
45,25,7,1646,9.0,0.005056179775278058,0.005719334818422794,1780.0,1524.9898299667984
45,26,16,1743,97.0,0.05449438202244129,0.005719255656003952,1780.0,1524.9898299667984
45,27,9,1743,0.0,0.0,0.005719320848584175,1780.0,1524.9898299667984
45,28,16,1763,20.0,0.011235955056173462,0.005719209089875221,1780.0,1524.9898299667984
45,29,4,1766,3.0,0.0016853932584260194,0.11168704181909561,1780.0,1524.9898299667984
45,30,5,1769,3.0,0.0016853932584260194,0.11168697476387024,1780.0,1524.9898299667984
45,31,2,1780,11.0,0.006179775280895404,0.11168722808361053,1780.0,1524.9898299667984
45,32,10,1780,0.0,0.0,0.11168729513883591,1780.0,1524.9898299667984
46,0,11,0,0.0,0.0,0.056141309440135956,1575.0,1451.060098700691
46,1,6,92,92.0,0.05841269841266133,0.05614139139652252,1575.0,1451.060098700691
46,2,4,98,6.0,0.003809523809521391,0.057234205305576324,1575.0,1451.060098700691
46,3,5,108,10.0,0.006349206349202318,0.057234082370996475,1575.0,1451.060098700691
46,4,5,131,23.0,0.014603174603165332,0.05723396688699722,1575.0,1451.060098700691
46,5,16,131,0.0,0.0,0.05723388493061066,1575.0,1451.060098700691
46,6,5,313,182.0,0.11555555555548219,0.05723395198583603,1575.0,1451.060098700691
46,7,7,330,17.0,0.01079365079364394,0.057233959436416626,1575.0,1451.060098700691
46,8,15,568,238.0,0.15111111111101516,0.05723385885357857,1575.0,1451.060098700691
46,9,6,1387,819.0,0.5199999999996698,0.057233911007642746,1575.0,1451.060098700691
46,10,5,1417,30.0,0.019047619047606955,0.05723390355706215,1575.0,1451.060098700691
46,11,5,1419,2.0,0.0012698412698404636,0.05723397433757782,1575.0,1451.060098700691
46,12,1,1465,46.0,0.029206349206330664,0.057234130799770355,1575.0,1451.060098700691
46,13,16,1465,0.0,0.0,0.05723408982157707,1575.0,1451.060098700691
46,14,5,1469,4.0,0.0025396825396809273,0.05723418667912483,1575.0,1451.060098700691
46,15,4,1470,1.0,0.0006349206349202318,0.007220301311463118,1575.0,1451.060098700691
46,16,5,1470,0.0,0.0,0.007220275700092316,1575.0,1451.060098700691
46,17,5,1477,7.0,0.004444444444441623,0.007220262195914984,1575.0,1451.060098700691
46,18,7,1482,5.0,0.003174603174601159,0.007220333442091942,1575.0,1451.060098700691
46,19,16,1551,69.0,0.043809523809495994,0.0072205751203000546,1575.0,1451.060098700691
46,20,9,1551,0.0,0.0,0.007220407947897911,1575.0,1451.060098700691
46,21,16,1561,10.0,0.006349206349202318,0.007220535539090633,1575.0,1451.060098700691
46,22,2,1575,14.0,0.008888888888883246,0.007220163941383362,1575.0,1451.060098700691
46,23,10,1575,0.0,0.0,0.00722033716738224,1575.0,1451.060098700691
49,0,11,0,0.0,0.0,0.01259422954171896,782.0,667.868589152582
49,1,15,31,31.0,0.03964194373396465,0.012595424428582191,782.0,667.868589152582
49,2,16,32,1.0,0.0012787723785149887,0.012595412321388721,782.0,667.868589152582
49,3,6,41,9.0,0.0115089514066349,0.012593310326337814,782.0,667.868589152582
49,4,4,48,7.0,0.008951406649604922,0.10067484527826309,782.0,667.868589152582
49,5,5,55,7.0,0.008951406649604922,0.10067474097013474,782.0,667.868589152582
49,6,1,96,41.0,0.05242966751911454,0.10067488253116608,782.0,667.868589152582
49,7,5,136,40.0,0.051150895140599555,0.10067480802536011,782.0,667.868589152582
49,8,5,152,16.0,0.02046035805623982,0.10067474097013474,782.0,667.868589152582
49,9,5,339,187.0,0.2391304347823029,0.10067462176084518,782.0,667.868589152582
49,10,5,362,23.0,0.029411764705844744,0.10067462921142578,782.0,667.868589152582
49,11,4,363,1.0,0.0012787723785149887,0.012551355175673962,782.0,667.868589152582
49,12,5,363,0.0,0.0,0.012551696039736271,782.0,667.868589152582
49,13,16,461,98.0,0.12531969309446891,0.012554743327200413,782.0,667.868589152582
49,14,9,461,0.0,0.0,0.012553365901112556,782.0,667.868589152582
49,15,1,665,204.0,0.26086956521705773,0.012551546096801758,782.0,667.868589152582
49,16,16,714,49.0,0.06265984654723446,0.012556960806250572,782.0,667.868589152582
49,17,4,717,3.0,0.0038363171355449664,0.004726184066385031,782.0,667.868589152582
49,18,5,726,9.0,0.0115089514066349,0.004726135637611151,782.0,667.868589152582
49,19,7,730,4.0,0.005115089514059955,0.004726111888885498,782.0,667.868589152582
49,20,16,764,34.0,0.04347826086950962,0.004726040177047253,782.0,667.868589152582
49,21,10,782,18.0,0.0230179028132698,0.004726119805127382,782.0,667.868589152582
50,0,11,0,0.0,0.0,0.0027944042813032866,373.0,341.25461513968185
50,1,6,20,20.0,0.05361930294891791,0.0027944508474320173,373.0,341.25461513968185
50,2,4,32,12.0,0.03217158176935075,0.0611136257648468,373.0,341.25461513968185
50,3,15,33,1.0,0.0026809651474458958,0.06111341342329979,373.0,341.25461513968185
50,4,16,33,0.0,0.0,0.061113305389881134,373.0,341.25461513968185
50,5,5,42,9.0,0.02412868632701306,0.0611133798956871,373.0,341.25461513968185
50,6,1,53,11.0,0.02949061662190485,0.061113420873880386,373.0,341.25461513968185
50,7,1,56,3.0,0.008042895442337687,0.06111345812678337,373.0,341.25461513968185
50,8,5,87,31.0,0.08310991957082277,0.06111335754394531,373.0,341.25461513968185
50,9,16,87,0.0,0.0,0.061113204807043076,373.0,341.25461513968185
50,10,5,208,121.0,0.32439678284095336,0.06111329048871994,373.0,341.25461513968185
50,11,1,241,33.0,0.08847184986571456,0.061113402247428894,373.0,341.25461513968185
50,12,16,241,0.0,0.0,0.0611133947968483,373.0,341.25461513968185
50,13,5,243,2.0,0.0053619302948917915,0.06111361086368561,373.0,341.25461513968185
50,14,5,245,2.0,0.0053619302948917915,0.06111364811658859,373.0,341.25461513968185
50,15,5,247,2.0,0.0053619302948917915,0.06111358851194382,373.0,341.25461513968185
50,16,4,247,0.0,0.0,0.007673383224755526,373.0,341.25461513968185
50,17,5,254,7.0,0.01876675603212127,0.007673394400626421,373.0,341.25461513968185
50,18,7,259,5.0,0.013404825737229478,0.007673477753996849,373.0,341.25461513968185
50,19,16,352,93.0,0.2493297587124683,0.007673756685107946,373.0,341.25461513968185
50,20,9,352,0.0,0.0,0.00767356064170599,373.0,341.25461513968185
50,21,16,360,8.0,0.021447721179567166,0.007673704531043768,373.0,341.25461513968185
50,22,10,373,13.0,0.034852546916796644,0.007673496380448341,373.0,341.25461513968185
