SeqOrder,Step,sourceID,timediff,step_duration,true_proportion,predicted_proportion,true_total_time,reconstructed_total_time,predicted_total_time
1,0,11,0,0.0,0.0,0.016982976347208,1118.0,986.6253000800498,
1,1,4,100,100.0,0.0894454382825675,0.0979091823101043,1118.0,986.6253000800498,
1,2,5,107,7.0,0.0062611806797797,0.0979090109467506,1118.0,986.6253000800498,
1,3,6,113,6.0,0.005366726296954,0.0979087725281715,1118.0,986.6253000800498,
1,4,1,132,19.0,0.0169946332736878,0.0979086086153984,1118.0,986.6253000800498,
1,5,1,240,108.0,0.0966010733451729,0.0979084968566894,1118.0,986.6253000800498,
1,6,4,572,332.0,0.2969588550981243,0.0045119626447558,1118.0,986.6253000800498,
1,7,5,575,3.0,0.002683363148477,0.003479168517515,1118.0,986.6253000800498,
1,8,4,575,0.0,0.0,0.0045256926678121,1118.0,986.6253000800498,
1,9,1,575,0.0,0.0,0.0045257098972797,1118.0,986.6253000800498,
1,10,5,576,1.0,0.0008944543828256,0.0045256582088768,1118.0,986.6253000800498,
1,11,16,577,1.0,0.0008944543828256,0.0045255590230226,1118.0,986.6253000800498,
1,12,5,578,1.0,0.0008944543828256,0.0045257024466991,1118.0,986.6253000800498,
1,13,15,835,257.0,0.2298747763861987,0.0045256516896188,1118.0,986.6253000800498,
1,14,5,896,61.0,0.0545617173523662,0.0045257746241986,1118.0,986.6253000800498,
1,15,16,896,0.0,0.0,0.0045256516896188,1118.0,986.6253000800498,
1,16,5,921,25.0,0.0223613595706418,0.0045257080346345,1118.0,986.6253000800498,
1,17,5,933,12.0,0.0107334525939081,0.0045256474986672,1118.0,986.6253000800498,
1,18,1,992,59.0,0.0527728085867148,0.0045256516896188,1118.0,986.6253000800498,
1,19,1,1004,12.0,0.0107334525939081,0.0045256493613123,1118.0,986.6253000800498,
1,20,1,1010,6.0,0.005366726296954,0.0045256670564413,1118.0,986.6253000800498,
1,21,1,1021,11.0,0.0098389982110824,0.004525679629296,1118.0,986.6253000800498,
1,22,16,1021,0.0,0.0,0.004525541793555,1118.0,986.6253000800498,
1,23,5,1023,2.0,0.0017889087656513,0.0045256549492478,1118.0,986.6253000800498,
1,24,4,1024,1.0,0.0008944543828256,0.0125073213130235,1118.0,986.6253000800498,
1,25,5,1024,0.0,0.0,0.0125074349343776,1118.0,986.6253000800498,
1,26,5,1027,3.0,0.002683363148477,0.0125073781237006,1118.0,986.6253000800498,
1,27,16,1027,0.0,0.0,0.0125080319121479,1118.0,986.6253000800498,
1,28,8,1027,0.0,0.0,0.0125071574002504,1118.0,986.6253000800498,
1,29,4,1028,1.0,0.0008944543828256,0.0291281640529632,1118.0,986.6253000800498,
1,30,5,1034,6.0,0.005366726296954,0.0291280709207057,1118.0,986.6253000800498,
1,31,7,1034,0.0,0.0,0.0291280969977378,1118.0,986.6253000800498,
1,32,16,1098,64.0,0.0572450805008432,0.0291278343647718,1118.0,986.6253000800498,
1,33,9,1098,0.0,0.0,0.029128348454833,1118.0,986.6253000800498,
1,34,16,1105,7.0,0.0062611806797797,0.0291279572993516,1118.0,986.6253000800498,
1,35,2,1118,13.0,0.0116279069767337,0.0291286315768957,1118.0,986.6253000800498,
1,36,10,1118,0.0,0.0,0.0291281174868345,1118.0,986.6253000800498,844.4945068359375
4,0,11,0,0.0,0.0,0.0414198338985443,718.0,656.1365533228964,
4,1,6,41,41.0,0.0571030640667728,0.0414199940860271,718.0,656.1365533228964,
4,2,4,48,7.0,0.0097493036211563,0.0748023837804794,718.0,656.1365533228964,
4,3,5,57,9.0,0.0125348189414867,0.074802279472351,718.0,656.1365533228964,
4,4,1,70,13.0,0.0181058495821474,0.0748022049665451,718.0,656.1365533228964,
4,5,5,127,57.0,0.0793871866294158,0.0748020783066749,718.0,656.1365533228964,
4,6,16,127,0.0,0.0,0.0748019888997078,718.0,656.1365533228964,
4,7,15,232,105.0,0.146239554317345,0.0748019888997078,718.0,656.1365533228964,
4,8,5,603,371.0,0.5167130919212859,0.0748020634055137,718.0,656.1365533228964,
4,9,4,605,2.0,0.0027855153203303,0.0096135810017585,718.0,656.1365533228964,
4,10,5,606,1.0,0.0013927576601651,0.0096137020736932,718.0,656.1365533228964,
4,11,5,607,1.0,0.0013927576601651,0.0096138212829828,718.0,656.1365533228964,
4,12,4,614,7.0,0.0097493036211563,0.0096334395930171,718.0,656.1365533228964,
4,13,5,615,1.0,0.0013927576601651,0.0096335727721452,718.0,656.1365533228964,
4,14,5,627,12.0,0.0167130919219822,0.0096335774287581,718.0,656.1365533228964,
4,15,4,627,0.0,0.0,0.0096544763073325,718.0,656.1365533228964,
4,16,5,628,1.0,0.0013927576601651,0.009654433466494,718.0,656.1365533228964,
4,17,1,639,11.0,0.0153203342618171,0.0096542797982692,718.0,656.1365533228964,
4,18,16,639,0.0,0.0,0.0096548348665237,718.0,656.1365533228964,
4,19,4,641,2.0,0.0027855153203303,0.009666453115642,718.0,656.1365533228964,
4,20,5,643,2.0,0.0027855153203303,0.0096664875745773,718.0,656.1365533228964,
4,21,4,643,0.0,0.0,0.0072597875259816,718.0,656.1365533228964,
4,22,5,645,2.0,0.0027855153203303,0.0072597716934978,718.0,656.1365533228964,
4,23,4,645,0.0,0.0,0.0114351985976099,718.0,656.1365533228964,
4,24,5,646,1.0,0.0013927576601651,0.0114352172240614,718.0,656.1365533228964,
4,25,4,646,0.0,0.0,0.0114217810332775,718.0,656.1365533228964,
4,26,5,647,1.0,0.0013927576601651,0.0114218080416321,718.0,656.1365533228964,
4,27,4,647,0.0,0.0,0.0112198991701006,718.0,656.1365533228964,
4,28,5,648,1.0,0.0013927576601651,0.0112198172137141,718.0,656.1365533228964,
4,29,16,649,1.0,0.0013927576601651,0.011219622567296,718.0,656.1365533228964,
4,30,8,649,0.0,0.0,0.0112196840345859,718.0,656.1365533228964,
4,31,4,649,0.0,0.0,0.0108223808929324,718.0,656.1365533228964,
4,32,5,655,6.0,0.0083565459609911,0.0108224302530288,718.0,656.1365533228964,
4,33,7,657,2.0,0.0027855153203303,0.0108224526047706,718.0,656.1365533228964,
4,34,16,698,41.0,0.0571030640667728,0.0108223566785454,718.0,656.1365533228964,
4,35,9,698,0.0,0.0,0.0108224041759967,718.0,656.1365533228964,
4,36,16,704,6.0,0.0083565459609911,0.0108223035931587,718.0,656.1365533228964,
4,37,2,718,14.0,0.0194986072423126,0.0108224526047706,718.0,656.1365533228964,
4,38,10,718,0.0,0.0,0.0108223678544163,718.0,656.1365533228964,955.1876220703125
7,0,11,0,0.0,0.0,0.0282262600958347,1477.0,1395.2143507017754,
7,1,6,373,373.0,0.2525389302638777,0.0282263569533824,1477.0,1395.2143507017754,
7,2,4,377,4.0,0.0027081922816501,0.0453136675059795,1477.0,1395.2143507017754,
7,3,5,387,10.0,0.0067704807041254,0.0453135818243026,1477.0,1395.2143507017754,
7,4,1,388,1.0,0.0006770480704125,0.045313537120819,1477.0,1395.2143507017754,
7,5,5,413,25.0,0.0169262017603135,0.0453134849667549,1477.0,1395.2143507017754,
7,6,16,413,0.0,0.0,0.0453134290874004,1477.0,1395.2143507017754,
7,7,15,528,115.0,0.0778605280974422,0.0453134179115295,1477.0,1395.2143507017754,
7,8,5,1313,785.0,0.5314827352738446,0.0453134849667549,1477.0,1395.2143507017754,
7,9,1,1350,37.0,0.025050778605264,0.045313473790884,1477.0,1395.2143507017754,
7,10,5,1373,23.0,0.0155721056194884,0.0453134514391422,1477.0,1395.2143507017754,
7,11,5,1376,3.0,0.0020311442112376,0.0453134961426258,1477.0,1395.2143507017754,
7,12,4,1376,0.0,0.0,0.0058108568191528,1477.0,1395.2143507017754,
7,13,5,1377,1.0,0.0006770480704125,0.0058109979145228,1477.0,1395.2143507017754,
7,14,5,1381,4.0,0.0027081922816501,0.0058110021054744,1477.0,1395.2143507017754,
7,15,4,1396,15.0,0.0101557210561881,0.0208846405148506,1477.0,1395.2143507017754,
7,16,5,1399,3.0,0.0020311442112376,0.0208845268934965,1477.0,1395.2143507017754,
7,17,4,1399,0.0,0.0,0.031202245503664,1477.0,1395.2143507017754,
7,18,5,1401,2.0,0.001354096140825,0.0312022510915994,1477.0,1395.2143507017754,
7,19,4,1401,0.0,0.0,0.029324946925044,1477.0,1395.2143507017754,
7,20,5,1402,1.0,0.0006770480704125,0.029324971139431,1477.0,1395.2143507017754,
7,21,16,1403,1.0,0.0006770480704125,0.0293248668313026,1477.0,1395.2143507017754,
7,22,8,1403,0.0,0.0,0.0293248333036899,1477.0,1395.2143507017754,
7,23,4,1405,2.0,0.001354096140825,0.0280189923942089,1477.0,1395.2143507017754,
7,24,5,1411,6.0,0.0040622884224752,0.0280190370976924,1477.0,1395.2143507017754,
7,25,7,1414,3.0,0.0020311442112376,0.0280191376805305,1477.0,1395.2143507017754,
7,26,16,1421,7.0,0.0047393364928877,0.0280191544443368,1477.0,1395.2143507017754,
7,27,9,1421,0.0,0.0,0.0280191618949174,1477.0,1395.2143507017754,
7,28,16,1458,37.0,0.025050778605264,0.0280189979821443,1477.0,1395.2143507017754,
7,29,10,1477,19.0,0.0128639133378382,0.0280189216136932,1477.0,1395.2143507017754,801.23095703125
8,0,11,0,0.0,0.0,0.0479397773742675,1790.0,1642.3104393831454,
8,1,4,31,31.0,0.0173184357541802,0.0772304981946945,1790.0,1642.3104393831454,
8,2,6,40,9.0,0.005027932960891,0.0772304236888885,1790.0,1642.3104393831454,
8,3,5,40,0.0,0.0,0.0772302746772766,1790.0,1642.3104393831454,
8,4,1,49,9.0,0.005027932960891,0.0772302597761154,1790.0,1642.3104393831454,
8,5,5,105,56.0,0.0312849162010998,0.0772300735116005,1790.0,1642.3104393831454,
8,6,5,247,142.0,0.0793296089385031,0.0772301331162452,1790.0,1642.3104393831454,
8,7,5,251,4.0,0.0022346368715071,0.0772301480174064,1790.0,1642.3104393831454,
8,8,1,254,3.0,0.0016759776536303,0.0772301703691482,1790.0,1642.3104393831454,
8,9,4,284,30.0,0.0167597765363034,0.0026746517978608,1790.0,1642.3104393831454,
8,10,5,286,2.0,0.0011173184357535,0.002674636663869,1790.0,1642.3104393831454,
8,11,4,286,0.0,0.0,0.00350021594204,1790.0,1642.3104393831454,
8,12,1,287,1.0,0.0005586592178767,0.0035002527292817,1790.0,1642.3104393831454,
8,13,5,287,0.0,0.0,0.0035002576187253,1790.0,1642.3104393831454,
8,14,1,288,1.0,0.0005586592178767,0.0035002927761524,1790.0,1642.3104393831454,
8,15,16,289,1.0,0.0005586592178767,0.0035002040676772,1790.0,1642.3104393831454,
8,16,5,289,0.0,0.0,0.003500236198306,1790.0,1642.3104393831454,
8,17,1,299,10.0,0.0055865921787678,0.0035002226941287,1790.0,1642.3104393831454,
8,18,1,305,6.0,0.0033519553072606,0.0035002026706933,1790.0,1642.3104393831454,
8,19,1,313,8.0,0.0044692737430142,0.0035002026706933,1790.0,1642.3104393831454,
8,20,1,345,32.0,0.017877094972057,0.0035002110525965,1790.0,1642.3104393831454,
8,21,5,362,17.0,0.0094972067039053,0.0035001975484192,1790.0,1642.3104393831454,
8,22,16,362,0.0,0.0,0.0035001426003873,1790.0,1642.3104393831454,
8,23,15,726,364.0,0.2033519553071489,0.0035001535434275,1790.0,1642.3104393831454,
8,24,5,1547,821.0,0.4586592178768387,0.0035002178046852,1790.0,1642.3104393831454,
8,25,1,1677,130.0,0.0726256983239817,0.0035002569202333,1790.0,1642.3104393831454,
8,26,16,1677,0.0,0.0,0.0035001910291612,1790.0,1642.3104393831454,
8,27,5,1682,5.0,0.0027932960893839,0.0035002427175641,1790.0,1642.3104393831454,
8,28,4,1682,0.0,0.0,0.0030659600161015,1790.0,1642.3104393831454,
8,29,5,1685,3.0,0.0016759776536303,0.0030659539625048,1790.0,1642.3104393831454,
8,30,4,1685,0.0,0.0,0.0150661207735538,1790.0,1642.3104393831454,
8,31,5,1686,1.0,0.0005586592178767,0.0150661496445536,1790.0,1642.3104393831454,
8,32,4,1686,0.0,0.0,0.0147041473537683,1790.0,1642.3104393831454,
8,33,5,1688,2.0,0.0011173184357535,0.0147041911259293,1790.0,1642.3104393831454,
8,34,4,1688,0.0,0.0,0.0114313103258609,1790.0,1642.3104393831454,
8,35,5,1689,1.0,0.0005586592178767,0.0114312758669257,1790.0,1642.3104393831454,
8,36,4,1689,0.0,0.0,0.009830430150032,1790.0,1642.3104393831454,
8,37,16,1689,0.0,0.0,0.0098303174600005,1790.0,1642.3104393831454,
8,38,8,1689,0.0,0.0,0.009830399416387,1790.0,1642.3104393831454,
8,39,4,1692,3.0,0.0016759776536303,0.009833144955337,1790.0,1642.3104393831454,
8,40,5,1698,6.0,0.0033519553072606,0.0098330713808536,1790.0,1642.3104393831454,
8,41,7,1715,17.0,0.0094972067039053,0.0098329642787575,1790.0,1642.3104393831454,
8,42,16,1769,54.0,0.0301675977653462,0.009832820855081,1790.0,1642.3104393831454,
8,43,9,1769,0.0,0.0,0.0098329009488224,1790.0,1642.3104393831454,
8,44,16,1777,8.0,0.0044692737430142,0.0098329037427902,1790.0,1642.3104393831454,
8,45,10,1790,13.0,0.0072625698323981,0.0098330555483698,1790.0,1642.3104393831454,922.253662109375
10,0,11,0,0.0,0.0,0.012016306631267,665.0,610.236208725255,
10,1,4,27,27.0,0.0406015037593374,0.0650742277503013,665.0,610.236208725255,
10,2,15,31,4.0,0.0060150375939759,0.0650740563869476,665.0,610.236208725255,
10,3,5,36,5.0,0.0075187969924698,0.0650740414857864,665.0,610.236208725255,
10,4,6,56,20.0,0.0300751879698795,0.0650739297270774,665.0,610.236208725255,
10,5,1,66,10.0,0.0150375939849397,0.0650739148259162,665.0,610.236208725255,
10,6,5,95,29.0,0.0436090225563254,0.0650738999247551,665.0,610.236208725255,
10,7,5,183,88.0,0.1323308270674701,0.0650738999247551,665.0,610.236208725255,
10,8,16,183,0.0,0.0,0.0650737807154655,665.0,610.236208725255,
10,9,5,415,232.0,0.3488721804506032,0.0650738403201103,665.0,610.236208725255,
10,10,1,585,170.0,0.2556390977439765,0.0650738701224327,665.0,610.236208725255,
10,11,16,586,1.0,0.0015037593984939,0.0650737956166267,665.0,610.236208725255,
10,12,5,591,5.0,0.0075187969924698,0.0650740414857864,665.0,610.236208725255,
10,13,4,591,0.0,0.0,0.0083800358697772,665.0,610.236208725255,
10,14,5,594,3.0,0.0045112781954819,0.0083800656720995,665.0,610.236208725255,
10,15,4,594,0.0,0.0,0.0092014577239751,665.0,610.236208725255,
10,16,5,595,1.0,0.0015037593984939,0.009201374836266,665.0,610.236208725255,
10,17,4,596,1.0,0.0015037593984939,0.0081214774399995,665.0,610.236208725255,
10,18,16,596,0.0,0.0,0.0081213451921939,665.0,610.236208725255,
10,19,8,596,0.0,0.0,0.0081214094534516,665.0,610.236208725255,
10,20,5,597,1.0,0.0015037593984939,0.0081214504316449,665.0,610.236208725255,
10,21,4,598,1.0,0.0015037593984939,0.0071370229125022,665.0,610.236208725255,
10,22,5,604,6.0,0.0090225563909638,0.0071370061486959,665.0,610.236208725255,
10,23,7,606,2.0,0.0030075187969879,0.0071369945071637,665.0,610.236208725255,
10,24,16,647,41.0,0.0616541353382531,0.0071369688957929,665.0,610.236208725255,
10,25,9,647,0.0,0.0,0.007137048523873,665.0,610.236208725255,
10,26,16,652,5.0,0.0075187969924698,0.007137045264244,665.0,610.236208725255,
10,27,2,665,13.0,0.0195488721804217,0.007137109991163,665.0,610.236208725255,
10,28,10,665,0.0,0.0,0.0071370163932442,665.0,610.236208725255,652.5119018554688
11,0,11,0,0.0,0.0,0.0038302987813949,966.0,931.311276719207,
11,1,15,17,17.0,0.0175983436852819,0.0038303125184029,966.0,931.311276719207,
11,2,6,32,15.0,0.0155279503105429,0.0038303434848785,966.0,931.311276719207,
11,3,4,38,6.0,0.0062111801242171,0.0330193117260932,966.0,931.311276719207,
11,4,1,45,7.0,0.0072463768115867,0.0330192446708679,966.0,931.311276719207,
11,5,5,45,0.0,0.0,0.0330191776156425,966.0,931.311276719207,
11,6,5,46,1.0,0.0010351966873695,0.0330192036926746,966.0,931.311276719207,
11,7,5,95,49.0,0.0507246376811069,0.033019233494997,966.0,931.311276719207,
11,8,16,95,0.0,0.0,0.0330191366374492,966.0,931.311276719207,
11,9,5,122,27.0,0.0279503105589772,0.0330191254615783,966.0,931.311276719207,
11,10,1,445,323.0,0.3343685300203578,0.0330191068351268,966.0,931.311276719207,
11,11,5,460,15.0,0.0155279503105429,0.0330191478133201,966.0,931.311276719207,
11,12,4,460,0.0,0.0,0.0051394142210483,966.0,931.311276719207,
11,13,5,461,1.0,0.0010351966873695,0.0051395688205957,966.0,931.311276719207,
11,14,1,551,90.0,0.0931677018632576,0.0051394794136285,966.0,931.311276719207,
11,15,4,637,86.0,0.0890269151137794,0.005171334836632,966.0,931.311276719207,
11,16,5,639,2.0,0.002070393374739,0.0051730317063629,966.0,931.311276719207,
11,17,4,641,2.0,0.002070393374739,0.0018026424804702,966.0,931.311276719207,
11,18,5,642,1.0,0.0010351966873695,0.0018026287434622,966.0,931.311276719207,
11,19,4,642,0.0,0.0,0.0018500001169741,966.0,931.311276719207,
11,20,5,645,3.0,0.0031055900621085,0.0018500018632039,966.0,931.311276719207,
11,21,4,645,0.0,0.0,0.0051569016650319,966.0,931.311276719207,
11,22,5,647,2.0,0.002070393374739,0.0051568816415965,966.0,931.311276719207,
11,23,4,647,0.0,0.0,0.0132101578637957,966.0,931.311276719207,
11,24,5,650,3.0,0.0031055900621085,0.0132101736962795,966.0,931.311276719207,
11,25,4,650,0.0,0.0,0.0215812139213085,966.0,931.311276719207,
11,26,16,651,1.0,0.0010351966873695,0.0215812139213085,966.0,931.311276719207,
11,27,8,651,0.0,0.0,0.0215812288224697,966.0,931.311276719207,
11,28,5,651,0.0,0.0,0.0215811394155025,966.0,931.311276719207,
11,29,4,653,2.0,0.002070393374739,0.0230227373540401,966.0,931.311276719207,
11,30,5,659,6.0,0.0062111801242171,0.0230227224528789,966.0,931.311276719207,
11,31,4,664,5.0,0.0051759834368476,0.0386344417929649,966.0,931.311276719207,
11,32,5,674,10.0,0.0103519668736952,0.0386344976723194,966.0,931.311276719207,
11,33,16,837,163.0,0.1687370600412332,0.0386344529688358,966.0,931.311276719207,
11,34,9,837,0.0,0.0,0.0386344902217388,966.0,931.311276719207,
11,35,4,880,43.0,0.0445134575568897,0.0016688782488927,966.0,931.311276719207,
11,36,5,881,1.0,0.0010351966873695,0.001264423248358,966.0,931.311276719207,
11,37,4,884,3.0,0.0031055900621085,0.0016937596956267,966.0,931.311276719207,
11,38,5,889,5.0,0.0051759834368476,0.0016937587643042,966.0,931.311276719207,
11,39,4,889,0.0,0.0,0.0217268709093332,966.0,931.311276719207,
11,40,5,890,1.0,0.0010351966873695,0.0217267628759145,966.0,931.311276719207,
11,41,4,890,0.0,0.0,0.0218187943100929,966.0,931.311276719207,
11,42,5,891,1.0,0.0010351966873695,0.0218187179416418,966.0,931.311276719207,
11,43,4,892,1.0,0.0010351966873695,0.0234877169132232,966.0,931.311276719207,
11,44,5,893,1.0,0.0010351966873695,0.0234878193587064,966.0,931.311276719207,
11,45,16,893,0.0,0.0,0.0234878528863191,966.0,931.311276719207,
11,46,8,893,0.0,0.0,0.0234879106283187,966.0,931.311276719207,
11,47,4,895,2.0,0.002070393374739,0.0222705993801355,966.0,931.311276719207,
11,48,5,901,6.0,0.0062111801242171,0.0222705639898777,966.0,931.311276719207,
11,49,7,907,6.0,0.0062111801242171,0.0222705882042646,966.0,931.311276719207,
11,50,16,948,41.0,0.0424430641821506,0.0222706124186515,966.0,931.311276719207,
11,51,10,966,18.0,0.0186335403726515,0.0222707204520702,966.0,931.311276719207,1543.06298828125
12,0,11,0,0.0,0.0,0.0325618498027324,1641.0,1536.250940446509,
12,1,6,16,16.0,0.0097501523461244,0.0325619727373123,1641.0,1536.250940446509,
12,2,4,22,6.0,0.0036563071297966,0.0548113621771335,1641.0,1536.250940446509,
12,3,5,31,9.0,0.005484460694695,0.054811242967844,1641.0,1536.250940446509,
12,4,1,44,13.0,0.0079219987812261,0.0548112168908119,1641.0,1536.250940446509,
12,5,5,55,11.0,0.0067032297379605,0.0548111386597156,1641.0,1536.250940446509,
12,6,5,62,7.0,0.0042656916514294,0.0548111535608768,1641.0,1536.250940446509,
12,7,1,113,51.0,0.0310786106032717,0.0548111647367477,1641.0,1536.250940446509,
12,8,15,849,736.0,0.4485070079217255,0.0548110492527484,1641.0,1536.250940446509,
12,9,5,948,99.0,0.0603290676416451,0.0548110753297805,1641.0,1536.250940446509,
12,10,1,953,5.0,0.0030469226081638,0.0548111125826835,1641.0,1536.250940446509,
12,11,4,1095,142.0,0.0865326020718546,0.0111727956682443,1641.0,1536.250940446509,
12,12,5,1098,3.0,0.0018281535648983,0.0112495953217148,1641.0,1536.250940446509,
12,13,1,1098,0.0,0.0,0.0114958565682172,1641.0,1536.250940446509,
12,14,4,1098,0.0,0.0,0.0024499634746462,1641.0,1536.250940446509,
12,15,16,1100,2.0,0.0012187690432655,0.0024499110877513,1641.0,1536.250940446509,
12,16,5,1100,0.0,0.0,0.0024499320425093,1641.0,1536.250940446509,
12,17,1,1245,145.0,0.0883607556367529,0.0024499245919287,1641.0,1536.250940446509,
12,18,1,1246,1.0,0.0006093845216327,0.0024499110877513,1641.0,1536.250940446509,
12,19,1,1249,3.0,0.0018281535648983,0.0024499099235981,1641.0,1536.250940446509,
12,20,5,1560,311.0,0.1895185862277943,0.0024499006103724,1641.0,1536.250940446509,
12,21,4,1561,1.0,0.0006093845216327,0.0070584965869784,1641.0,1536.250940446509,
12,22,5,1565,4.0,0.0024375380865311,0.0070584714412689,1641.0,1536.250940446509,
12,23,4,1565,0.0,0.0,0.0247165411710739,1641.0,1536.250940446509,
12,24,5,1566,1.0,0.0006093845216327,0.024716593325138,1641.0,1536.250940446509,
12,25,4,1566,0.0,0.0,0.0244151055812835,1641.0,1536.250940446509,
12,26,5,1567,1.0,0.0006093845216327,0.0244151838123798,1641.0,1536.250940446509,
12,27,16,1567,0.0,0.0,0.0244151055812835,1641.0,1536.250940446509,
12,28,8,1567,0.0,0.0,0.0244150124490261,1641.0,1536.250940446509,
12,29,4,1569,2.0,0.0012187690432655,0.0236377473920583,1641.0,1536.250940446509,
12,30,5,1575,6.0,0.0036563071297966,0.0236377213150262,1641.0,1536.250940446509,
12,31,7,1580,5.0,0.0030469226081638,0.0236377976834774,1641.0,1536.250940446509,
12,32,16,1597,17.0,0.0103595368677572,0.0236378908157348,1641.0,1536.250940446509,
12,33,9,1597,0.0,0.0,0.0236380062997341,1641.0,1536.250940446509,
12,34,16,1628,31.0,0.0188909201706161,0.0236379411071538,1641.0,1536.250940446509,
12,35,10,1641,13.0,0.0079219987812261,0.0236378908157348,1641.0,1536.250940446509,1319.427734375
15,0,11,0,0.0,0.0,0.0403343625366687,1483.0,1351.518709386466,
15,1,6,25,25.0,0.0168577208361315,0.0403345115482807,1483.0,1351.518709386466,
15,2,4,31,6.0,0.0040458530006715,0.075825423002243,1483.0,1351.518709386466,
15,3,5,40,9.0,0.0060687795010073,0.0758252814412117,1483.0,1351.518709386466,
15,4,5,73,33.0,0.0222521915036936,0.0758251175284385,1483.0,1351.518709386466,
15,5,16,73,0.0,0.0,0.0758249685168266,1483.0,1351.518709386466,
15,6,1,246,173.0,0.1166554281860305,0.0758251845836639,1483.0,1351.518709386466,
15,7,15,490,244.0,0.1645313553606442,0.0758250281214714,1483.0,1351.518709386466,
15,8,1,812,322.0,0.2171274443693748,0.0758251324295997,1483.0,1351.518709386466,
15,9,5,1135,323.0,0.2178017532028201,0.0758250057697296,1483.0,1351.518709386466,
15,10,5,1359,224.0,0.151045178691739,0.0758250057697296,1483.0,1351.518709386466,
15,11,4,1360,1.0,0.0006743088334452,0.0097919814288616,1483.0,1351.518709386466,
15,12,5,1360,0.0,0.0,0.0097921639680862,1483.0,1351.518709386466,
15,13,5,1361,1.0,0.0006743088334452,0.0097922664135694,1483.0,1351.518709386466,
15,14,4,1361,0.0,0.0,0.0036392523907124,1483.0,1351.518709386466,
15,15,5,1363,2.0,0.0013486176668905,0.0036392367910593,1483.0,1351.518709386466,
15,16,4,1365,2.0,0.0013486176668905,0.0059271287173032,1483.0,1351.518709386466,
15,17,5,1366,1.0,0.0006743088334452,0.0059270681813359,1483.0,1351.518709386466,
15,18,4,1366,0.0,0.0,0.0059050642885267,1483.0,1351.518709386466,
15,19,5,1367,1.0,0.0006743088334452,0.0059050642885267,1483.0,1351.518709386466,
15,20,4,1367,0.0,0.0,0.0054250014945864,1483.0,1351.518709386466,
15,21,5,1368,1.0,0.0006743088334452,0.0054250066168606,1483.0,1351.518709386466,
15,22,16,1372,4.0,0.002697235333781,0.0054249884560704,1483.0,1351.518709386466,
15,23,8,1372,0.0,0.0,0.0054249963723123,1483.0,1351.518709386466,
15,24,4,1375,3.0,0.0020229265003357,0.005211338866502,1483.0,1351.518709386466,
15,25,5,1378,3.0,0.0020229265003357,0.0052113635465502,1483.0,1351.518709386466,
15,26,4,1379,1.0,0.0006743088334452,0.0038253394886851,1483.0,1351.518709386466,
15,27,5,1381,2.0,0.0013486176668905,0.0038253248203545,1483.0,1351.518709386466,
15,28,16,1382,1.0,0.0006743088334452,0.0038252081722021,1483.0,1351.518709386466,
15,29,8,1382,0.0,0.0,0.0038252344820648,1483.0,1351.518709386466,
15,30,4,1384,2.0,0.0013486176668905,0.0050628315657377,1483.0,1351.518709386466,
15,31,5,1390,6.0,0.0040458530006715,0.0050628408789634,1483.0,1351.518709386466,
15,32,7,1396,6.0,0.0040458530006715,0.0050628697499632,1483.0,1351.518709386466,
15,33,16,1414,18.0,0.0121375590020147,0.005062892101705,1483.0,1351.518709386466,
15,34,9,1414,0.0,0.0,0.0050628981553018,1483.0,1351.518709386466,
15,35,16,1466,52.0,0.0350640593391537,0.0050628813914954,1483.0,1351.518709386466,
15,36,2,1483,17.0,0.0114632501685694,0.0050628748722374,1483.0,1351.518709386466,
15,37,10,1483,0.0,0.0,0.0050628655590116,1483.0,1351.518709386466,905.8583374023438
18,0,11,0,0.0,0.0,0.0185633935034275,1301.0,1225.6179853905924,
18,1,15,33,33.0,0.025365103766314,0.0185634139925241,1301.0,1225.6179853905924,
18,2,6,66,33.0,0.025365103766314,0.0185634959489107,1301.0,1225.6179853905924,
18,3,4,82,16.0,0.0122982321291219,0.048965286463499,1301.0,1225.6179853905924,
18,4,5,90,8.0,0.0061491160645609,0.0489651709794998,1301.0,1225.6179853905924,
18,5,1,102,12.0,0.0092236740968414,0.0489651821553707,1301.0,1225.6179853905924,
18,6,5,120,18.0,0.0138355111452622,0.0489651560783386,1301.0,1225.6179853905924,
18,7,16,120,0.0,0.0,0.0489650629460811,1301.0,1225.6179853905924,
18,8,7,176,56.0,0.0430438124519269,0.0489651225507259,1301.0,1225.6179853905924,
18,9,6,616,440.0,0.3382013835508545,0.048965074121952,1301.0,1225.6179853905924,
18,10,7,667,51.0,0.0392006149115763,0.0489650890231132,1301.0,1225.6179853905924,
18,11,16,1122,455.0,0.3497309761719064,0.0489650517702102,1301.0,1225.6179853905924,
18,12,9,1122,0.0,0.0,0.0489652380347251,1301.0,1225.6179853905924,
18,13,6,1132,10.0,0.0076863950807012,0.0489653907716274,1301.0,1225.6179853905924,
18,14,1,1146,14.0,0.0107609531129817,0.0489654727280139,1301.0,1225.6179853905924,
18,15,5,1227,81.0,0.06225980015368,0.0489653572440147,1301.0,1225.6179853905924,
18,16,1,1252,25.0,0.0192159877017531,0.0489653088152408,1301.0,1225.6179853905924,
18,17,16,1252,0.0,0.0,0.048965074121952,1301.0,1225.6179853905924,
18,18,5,1259,7.0,0.0053804765564908,0.0489651709794998,1301.0,1225.6179853905924,
18,19,4,1259,0.0,0.0,0.0062838392332196,1301.0,1225.6179853905924,
18,20,5,1260,1.0,0.0007686395080701,0.0062838634476065,1301.0,1225.6179853905924,
18,21,5,1262,2.0,0.0015372790161402,0.0062838154844939,1301.0,1225.6179853905924,
18,22,4,1262,0.0,0.0,0.0053929928690195,1301.0,1225.6179853905924,
18,23,5,1264,2.0,0.0015372790161402,0.0053929835557937,1301.0,1225.6179853905924,
18,24,4,1264,0.0,0.0,0.008689853362739,1301.0,1225.6179853905924,
18,25,5,1265,1.0,0.0007686395080701,0.0086898989975452,1301.0,1225.6179853905924,
18,26,16,1265,0.0,0.0,0.0086898216977715,1301.0,1225.6179853905924,
18,27,8,1265,0.0,0.0,0.0086898943409323,1301.0,1225.6179853905924,
18,28,4,1267,2.0,0.0015372790161402,0.0064213946461677,1301.0,1225.6179853905924,
18,29,5,1273,6.0,0.0046118370484207,0.006421320606023,1301.0,1225.6179853905924,
18,30,7,1278,5.0,0.0038431975403506,0.0064212786965072,1301.0,1225.6179853905924,
18,31,16,1287,9.0,0.0069177555726311,0.006421220023185,1301.0,1225.6179853905924,
18,32,2,1301,14.0,0.0107609531129817,0.0064213732257485,1301.0,1225.6179853905924,
18,33,10,1301,0.0,0.0,0.0064213429577648,1301.0,1225.6179853905924,1184.3057861328125
19,0,11,0,0.0,0.0,0.0065579726360738,1170.0,1127.4877517635468,
19,1,4,7,7.0,0.0059829059829008,0.0388664565980434,1170.0,1127.4877517635468,
19,2,5,14,7.0,0.0059829059829008,0.0388664007186889,1170.0,1127.4877517635468,
19,3,6,32,18.0,0.0153846153846022,0.0388663075864315,1170.0,1127.4877517635468,
19,4,1,39,7.0,0.0059829059829008,0.0388662703335285,1170.0,1127.4877517635468,
19,5,5,71,32.0,0.0273504273504039,0.0388661697506904,1170.0,1127.4877517635468,
19,6,16,71,0.0,0.0,0.0388660952448844,1170.0,1127.4877517635468,
19,7,5,225,154.0,0.1316239316238191,0.0388661883771419,1170.0,1127.4877517635468,
19,8,1,229,4.0,0.0034188034188004,0.038866214454174,1170.0,1127.4877517635468,
19,9,1,245,16.0,0.0136752136752019,0.0388661697506904,1170.0,1127.4877517635468,
19,10,5,248,3.0,0.0025641025641003,0.038866139948368,1170.0,1127.4877517635468,
19,11,1,286,38.0,0.0324786324786047,0.0388662330806255,1170.0,1127.4877517635468,
19,12,4,395,109.0,0.0931623931623135,0.0051792268641293,1170.0,1127.4877517635468,
19,13,5,397,2.0,0.0017094017094002,0.0015071561792865,1170.0,1127.4877517635468,
19,14,4,397,0.0,0.0,0.0017013885080814,1170.0,1127.4877517635468,
19,15,5,398,1.0,0.0008547008547001,0.0017013787291944,1170.0,1127.4877517635468,
19,16,1,398,0.0,0.0,0.0017013739561662,1170.0,1127.4877517635468,
19,17,16,401,3.0,0.0025641025641003,0.001701294328086,1170.0,1127.4877517635468,
19,18,5,401,0.0,0.0,0.0017013228498399,1170.0,1127.4877517635468,
19,19,15,508,107.0,0.0914529914529132,0.001701284199953,1170.0,1127.4877517635468,
19,20,16,589,81.0,0.06923076923071,0.0017012869939208,1170.0,1127.4877517635468,
19,21,9,589,0.0,0.0,0.0017013190081343,1170.0,1127.4877517635468,
19,22,1,672,83.0,0.0709401709401103,0.0017013511387631,1170.0,1127.4877517635468,
19,23,1,808,136.0,0.1162393162392168,0.0017013543983921,1170.0,1127.4877517635468,
19,24,16,808,0.0,0.0,0.0017013057367876,1170.0,1127.4877517635468,
19,25,1,928,120.0,0.1025641025640149,0.0017013746546581,1170.0,1127.4877517635468,
19,26,5,1064,136.0,0.1162393162392168,0.0017013689503073,1170.0,1127.4877517635468,
19,27,16,1064,0.0,0.0,0.0017013235483318,1170.0,1127.4877517635468,
19,28,5,1070,6.0,0.0051282051282007,0.0017013462493196,1170.0,1127.4877517635468,
19,29,4,1071,1.0,0.0008547008547001,0.0051440112292766,1170.0,1127.4877517635468,
19,30,1,1074,3.0,0.0025641025641003,0.0051439637318253,1170.0,1127.4877517635468,
19,31,5,1077,3.0,0.0025641025641003,0.0051441374234855,1170.0,1127.4877517635468,
19,32,4,1083,6.0,0.0051282051282007,0.033248983323574,1170.0,1127.4877517635468,
19,33,5,1086,3.0,0.0025641025641003,0.0332490243017673,1170.0,1127.4877517635468,
19,34,4,1088,2.0,0.0017094017094002,0.0233690813183784,1170.0,1127.4877517635468,
19,35,5,1089,1.0,0.0008547008547001,0.0233690105378627,1170.0,1127.4877517635468,
19,36,4,1089,0.0,0.0,0.0232563111931085,1170.0,1127.4877517635468,
19,37,5,1090,1.0,0.0008547008547001,0.023256367072463,1170.0,1127.4877517635468,
19,38,4,1090,0.0,0.0,0.0232564322650432,1170.0,1127.4877517635468,
19,39,5,1091,1.0,0.0008547008547001,0.0232563950121402,1170.0,1127.4877517635468,
19,40,4,1092,1.0,0.0008547008547001,0.0225534420460462,1170.0,1127.4877517635468,
19,41,5,1092,0.0,0.0,0.0225532408803701,1170.0,1127.4877517635468,
19,42,4,1093,1.0,0.0008547008547001,0.022740663960576,1170.0,1127.4877517635468,
19,43,5,1094,1.0,0.0008547008547001,0.0227407030761241,1170.0,1127.4877517635468,
19,44,16,1120,26.0,0.0222222222222032,0.0227407682687044,1170.0,1127.4877517635468,
19,45,8,1120,0.0,0.0,0.022740950807929,1170.0,1127.4877517635468,
19,46,4,1120,0.0,0.0,0.023268049582839,1170.0,1127.4877517635468,
19,47,5,1126,6.0,0.0051282051282007,0.023267988115549,1170.0,1127.4877517635468,
19,48,7,1149,23.0,0.0196581196581028,0.0232679322361946,1170.0,1127.4877517635468,
19,49,16,1153,4.0,0.0034188034188004,0.0232679098844528,1170.0,1127.4877517635468,
19,50,2,1170,17.0,0.0145299145299021,0.0232681315392255,1170.0,1127.4877517635468,
19,51,10,1170,0.0,0.0,0.0232681725174188,1170.0,1127.4877517635468,1233.6826171875
21,0,11,0,0.0,0.0,0.0065044742077589,1040.0,983.7097382172942,
21,1,6,66,66.0,0.0634615384614774,0.0065045612864196,1040.0,983.7097382172942,
21,2,4,73,7.0,0.0067307692307627,0.0474335402250289,1040.0,983.7097382172942,
21,3,5,75,2.0,0.001923076923075,0.0474333949387073,1040.0,983.7097382172942,
21,4,4,76,1.0,0.0009615384615375,0.0471034981310367,1040.0,983.7097382172942,
21,5,5,78,2.0,0.001923076923075,0.0471034422516822,1040.0,983.7097382172942,
21,6,4,78,0.0,0.0,0.0482829250395298,1040.0,983.7097382172942,
21,7,5,80,2.0,0.001923076923075,0.0482829473912715,1040.0,983.7097382172942,
21,8,4,82,2.0,0.001923076923075,0.0471083521842956,1040.0,983.7097382172942,
21,9,5,89,7.0,0.0067307692307627,0.0471082814037799,1040.0,983.7097382172942,
21,10,1,91,2.0,0.001923076923075,0.0471083186566829,1040.0,983.7097382172942,
21,11,5,128,37.0,0.0355769230768888,0.0471083521842956,1040.0,983.7097382172942,
21,12,16,128,0.0,0.0,0.0471083931624889,1040.0,983.7097382172942,
21,13,15,323,195.0,0.1874999999998197,0.047108519822359,1040.0,983.7097382172942,
21,14,16,362,39.0,0.0374999999999639,0.0471085309982299,1040.0,983.7097382172942,
21,15,9,362,0.0,0.0,0.0471085309982299,1040.0,983.7097382172942,
21,16,5,785,423.0,0.4067307692303781,0.0471084639430046,1040.0,983.7097382172942,
21,17,5,805,20.0,0.0192307692307507,0.047108381986618,1040.0,983.7097382172942,
21,18,5,991,186.0,0.1788461538459818,0.0471083521842956,1040.0,983.7097382172942,
21,19,4,991,0.0,0.0,0.0062885722145438,1040.0,983.7097382172942,
21,20,5,992,1.0,0.0009615384615375,0.0062885987572371,1040.0,983.7097382172942,
21,21,5,994,2.0,0.001923076923075,0.0062885484658181,1040.0,983.7097382172942,
21,22,4,994,0.0,0.0,0.0111161628738045,1040.0,983.7097382172942,
21,23,5,996,2.0,0.001923076923075,0.0111161423847079,1040.0,983.7097382172942,
21,24,4,996,0.0,0.0,0.0045109568163752,1040.0,983.7097382172942,
21,25,5,997,1.0,0.0009615384615375,0.0045109880156815,1040.0,983.7097382172942,
21,26,4,997,0.0,0.0,0.0049382448196411,1040.0,983.7097382172942,
21,27,5,998,1.0,0.0009615384615375,0.0049382331781089,1040.0,983.7097382172942,
21,28,4,998,0.0,0.0,0.0056009236723184,1040.0,983.7097382172942,
21,29,5,999,1.0,0.0009615384615375,0.0056008570827543,1040.0,983.7097382172942,
21,30,4,999,0.0,0.0,0.0060446900315582,1040.0,983.7097382172942,
21,31,5,1000,1.0,0.0009615384615375,0.0060446984134614,1040.0,983.7097382172942,
21,32,16,1001,1.0,0.0009615384615375,0.0060446537099778,1040.0,983.7097382172942,
21,33,8,1001,0.0,0.0,0.0060447487048804,1040.0,983.7097382172942,
21,34,4,1003,2.0,0.001923076923075,0.0067313662730157,1040.0,983.7097382172942,
21,35,5,1009,6.0,0.0057692307692252,0.0067313304170966,1040.0,983.7097382172942,
21,36,7,1018,9.0,0.0086538461538378,0.0067312936298549,1040.0,983.7097382172942,
21,37,16,1025,7.0,0.0067307692307627,0.0067312121391296,1040.0,983.7097382172942,
21,38,10,1040,15.0,0.014423076923063,0.0067312656901776,1040.0,983.7097382172942,1230.3017578125
22,0,11,0,0.0,0.0,0.0095030022785067,1109.0,1023.3471307356376,
22,1,6,83,83.0,0.0748422001802751,0.0095031326636672,1109.0,1023.3471307356376,
22,2,4,90,7.0,0.0063119927862882,0.062419056892395,1109.0,1023.3471307356376,
22,3,5,97,7.0,0.0063119927862882,0.0624188780784606,1109.0,1023.3471307356376,
22,4,5,117,20.0,0.0180342651036807,0.0624187290668487,1109.0,1023.3471307356376,
22,5,5,123,6.0,0.0054102795311042,0.0624186843633651,1109.0,1023.3471307356376,
22,6,5,137,14.0,0.0126239855725765,0.0624186843633651,1109.0,1023.3471307356376,
22,7,16,137,0.0,0.0,0.0624185651540756,1109.0,1023.3471307356376,
22,8,15,316,179.0,0.1614066726779428,0.0624185353517532,1109.0,1023.3471307356376,
22,9,5,956,640.0,0.5770964833177844,0.0624186098575592,1109.0,1023.3471307356376,
22,10,5,997,41.0,0.0369702434625455,0.0624186247587204,1109.0,1023.3471307356376,
22,11,1,1021,24.0,0.0216411181244169,0.0624187588691711,1109.0,1023.3471307356376,
22,12,16,1021,0.0,0.0,0.0624187290668487,1109.0,1023.3471307356376,
22,13,5,1028,7.0,0.0063119927862882,0.062419056892395,1109.0,1023.3471307356376,
22,14,4,1028,0.0,0.0,0.0080183753743767,1109.0,1023.3471307356376,
22,15,5,1029,1.0,0.000901713255184,0.0080193448811769,1109.0,1023.3471307356376,
22,16,5,1030,1.0,0.000901713255184,0.0080196354538202,1109.0,1023.3471307356376,
22,17,4,1032,2.0,0.001803426510368,0.003352008992806,1109.0,1023.3471307356376,
22,18,5,1037,5.0,0.0045085662759201,0.0033519715070724,1109.0,1023.3471307356376,
22,19,4,1037,0.0,0.0,0.0093210823833942,1109.0,1023.3471307356376,
22,20,5,1039,2.0,0.001803426510368,0.009321080520749,1109.0,1023.3471307356376,
22,21,16,1040,1.0,0.000901713255184,0.0093209240585565,1109.0,1023.3471307356376,
22,22,8,1040,0.0,0.0,0.0093209957703948,1109.0,1023.3471307356376,
22,23,4,1043,3.0,0.0027051397655521,0.0108361588791012,1109.0,1023.3471307356376,
22,24,5,1048,5.0,0.0045085662759201,0.0108361905440688,1109.0,1023.3471307356376,
22,25,7,1054,6.0,0.0054102795311042,0.0108362445607781,1109.0,1023.3471307356376,
22,26,16,1069,15.0,0.0135256988277605,0.0108361644670367,1109.0,1023.3471307356376,
22,27,9,1069,0.0,0.0,0.0108362482860684,1109.0,1023.3471307356376,
22,28,16,1093,24.0,0.0216411181244169,0.0108360480517148,1109.0,1023.3471307356376,
22,29,2,1109,16.0,0.0144274120829446,0.0108361570164561,1109.0,1023.3471307356376,
22,30,10,1109,0.0,0.0,0.0108359940350055,1109.0,1023.3471307356376,730.7356567382812
23,0,11,0,0.0,0.0,0.0060340045019984,1449.0,1405.2319761755643,
23,1,6,104,104.0,0.0717736369909787,0.0060340859927237,1449.0,1405.2319761755643,
23,2,4,109,5.0,0.0034506556245662,0.0330445580184459,1449.0,1405.2319761755643,
23,3,5,116,7.0,0.0048309178743928,0.0330444797873497,1449.0,1405.2319761755643,
23,4,1,118,2.0,0.0013802622498265,0.033044446259737,1449.0,1405.2319761755643,
23,5,5,136,18.0,0.0124223602484386,0.0330443680286407,1449.0,1405.2319761755643,
23,6,5,156,20.0,0.0138026224982651,0.0330443829298019,1449.0,1405.2319761755643,
23,7,15,283,127.0,0.0876466528639836,0.0330443046987056,1449.0,1405.2319761755643,
23,8,16,525,242.0,0.1670117322290082,0.0330442897975444,1449.0,1405.2319761755643,
23,9,9,525,0.0,0.0,0.0330443046987056,1449.0,1405.2319761755643,
23,10,5,836,311.0,0.214630779848023,0.033044334501028,1449.0,1405.2319761755643,
23,11,5,845,9.0,0.0062111801242193,0.0330443903803825,1449.0,1405.2319761755643,
23,12,5,848,3.0,0.0020703933747397,0.0330444872379303,1449.0,1405.2319761755643,
23,13,5,905,57.0,0.0393374741200556,0.0330445580184459,1449.0,1405.2319761755643,
23,14,5,908,3.0,0.0020703933747397,0.0330445803701877,1449.0,1405.2319761755643,
23,15,5,911,3.0,0.0020703933747397,0.0330445244908332,1449.0,1405.2319761755643,
23,16,4,911,0.0,0.0,0.0043850443325936,1449.0,1405.2319761755643,
23,17,4,1225,314.0,0.2167011732227628,0.0043771392665803,1449.0,1405.2319761755643,
23,18,5,1227,2.0,0.0013802622498265,0.004377185832709,1449.0,1405.2319761755643,
23,19,4,1227,0.0,0.0,0.0017629934009164,1449.0,1405.2319761755643,
23,20,5,1229,2.0,0.0013802622498265,0.0017629946814849,1449.0,1405.2319761755643,
23,21,5,1238,9.0,0.0062111801242193,0.0017630014335736,1449.0,1405.2319761755643,
23,22,1,1251,13.0,0.0089717046238723,0.0017630212241783,1449.0,1405.2319761755643,
23,23,1,1265,14.0,0.0096618357487856,0.0017630233196541,1449.0,1405.2319761755643,
23,24,5,1278,13.0,0.0089717046238723,0.0017630136571824,1449.0,1405.2319761755643,
23,25,5,1293,15.0,0.0103519668736988,0.0017630249494686,1449.0,1405.2319761755643,
23,26,1,1333,40.0,0.0276052449965302,0.0017630510265007,1449.0,1405.2319761755643,
23,27,16,1333,0.0,0.0,0.0017629821086302,1449.0,1405.2319761755643,
23,28,5,1338,5.0,0.0034506556245662,0.0017630127258598,1449.0,1405.2319761755643,
23,29,4,1338,0.0,0.0,0.0043789064511656,1449.0,1405.2319761755643,
23,30,5,1339,1.0,0.0006901311249132,0.0043789530172944,1449.0,1405.2319761755643,
23,31,4,1342,3.0,0.0020703933747397,0.0014360938221216,1449.0,1405.2319761755643,
23,32,5,1349,7.0,0.0048309178743928,0.0014361003413796,1449.0,1405.2319761755643,
23,33,16,1360,11.0,0.0075914423740458,0.0014360770583152,1449.0,1405.2319761755643,
23,34,8,1360,0.0,0.0,0.0014361086068674,1449.0,1405.2319761755643,
23,35,16,1361,1.0,0.0006901311249132,0.0014360825298354,1449.0,1405.2319761755643,
23,36,4,1365,4.0,0.002760524499653,0.0075706895440816,1449.0,1405.2319761755643,
23,37,5,1371,6.0,0.0041407867494795,0.0075706862844526,1449.0,1405.2319761755643,
23,38,4,1390,19.0,0.0131124913733518,0.0328476093709468,1449.0,1405.2319761755643,
23,39,5,1399,9.0,0.0062111801242193,0.0328475534915924,1449.0,1405.2319761755643,
23,40,4,1400,1.0,0.0006901311249132,0.0309552624821662,1449.0,1405.2319761755643,
23,41,5,1402,2.0,0.0013802622498265,0.0309551153331995,1449.0,1405.2319761755643,
23,42,4,1403,1.0,0.0006901311249132,0.0292926523834466,1449.0,1405.2319761755643,
23,43,5,1405,2.0,0.0013802622498265,0.0292926784604787,1449.0,1405.2319761755643,
23,44,4,1428,23.0,0.0158730158730049,0.0274514593183994,1449.0,1405.2319761755643,
23,45,5,1432,4.0,0.002760524499653,0.027451567351818,1449.0,1405.2319761755643,
23,46,16,1435,3.0,0.0020703933747397,0.0274515207856893,1449.0,1405.2319761755643,
23,47,6,1437,2.0,0.0013802622498265,0.0274515412747859,1449.0,1405.2319761755643,
23,48,6,1439,2.0,0.0013802622498265,0.0274515096098184,1449.0,1405.2319761755643,
23,49,6,1440,1.0,0.0006901311249132,0.0274515412747859,1449.0,1405.2319761755643,
23,50,7,1440,0.0,0.0,0.027451628819108,1449.0,1405.2319761755643,
23,51,2,1449,9.0,0.0062111801242193,0.0274517238140106,1449.0,1405.2319761755643,
23,52,10,1449,0.0,0.0,0.0274516753852367,1449.0,1405.2319761755643,1241.62890625
24,0,11,0,0.0,0.0,0.0378813445568084,1115.0,1051.9206176768057,
24,1,6,12,12.0,0.0107623318385553,0.0378815047442913,1115.0,1051.9206176768057,
24,2,4,22,10.0,0.0089686098654628,0.0453979931771755,1115.0,1051.9206176768057,
24,3,5,24,2.0,0.0017937219730925,0.0453978739678859,1115.0,1051.9206176768057,
24,4,4,24,0.0,0.0,0.0453159473836422,1115.0,1051.9206176768057,
24,5,5,31,7.0,0.0062780269058239,0.0453158915042877,1115.0,1051.9206176768057,
24,6,1,36,5.0,0.0044843049327314,0.045315958559513,1115.0,1051.9206176768057,
24,7,5,52,16.0,0.0143497757847404,0.0453159250319004,1115.0,1051.9206176768057,
24,8,5,58,6.0,0.0053811659192776,0.0453158915042877,1115.0,1051.9206176768057,
24,9,5,72,14.0,0.0125560538116479,0.0453158318996429,1115.0,1051.9206176768057,
24,10,16,72,0.0,0.0,0.0453157238662242,1115.0,1051.9206176768057,
24,11,1,128,56.0,0.0502242152465917,0.045315958559513,1115.0,1051.9206176768057,
24,12,5,178,50.0,0.044843049327314,0.0453160554170608,1115.0,1051.9206176768057,
24,13,1,183,5.0,0.0044843049327314,0.0453162156045436,1115.0,1051.9206176768057,
24,14,15,265,82.0,0.073542600896795,0.045316107571125,1115.0,1051.9206176768057,
24,15,16,842,577.0,0.5174887892372041,0.0453160107135772,1115.0,1051.9206176768057,
24,16,9,842,0.0,0.0,0.0453159697353839,1115.0,1051.9206176768057,
24,17,5,963,121.0,0.1085201793720999,0.0453159362077713,1115.0,1051.9206176768057,
24,18,5,978,15.0,0.0134529147981942,0.0453159250319004,1115.0,1051.9206176768057,
24,19,5,1069,91.0,0.0816143497757115,0.0453159809112548,1115.0,1051.9206176768057,
24,20,4,1069,0.0,0.0,0.0057565723545849,1115.0,1051.9206176768057,
24,21,5,1070,1.0,0.0008968609865462,0.0057565323077142,1115.0,1051.9206176768057,
24,22,16,1072,2.0,0.0017937219730925,0.0057586426846683,1115.0,1051.9206176768057,
24,23,4,1075,3.0,0.0026905829596388,0.0057564210146665,1115.0,1051.9206176768057,
24,24,5,1082,7.0,0.0062780269058239,0.0057564806193113,1115.0,1051.9206176768057,
24,25,7,1090,8.0,0.0071748878923702,0.0057565695606172,1115.0,1051.9206176768057,
24,26,16,1100,10.0,0.0089686098654628,0.0057585733011364,1115.0,1051.9206176768057,
24,27,2,1115,15.0,0.0134529147981942,0.0057562952861189,1115.0,1051.9206176768057,
24,28,10,1115,0.0,0.0,0.005756429862231,1115.0,1051.9206176768057,1039.253662109375
25,0,11,0,0.0,0.0,0.0096744820475578,847.0,753.3689552722499,
25,1,6,17,17.0,0.0200708382526327,0.0096742659807205,847.0,753.3689552722499,
25,2,4,25,8.0,0.0094451003541801,0.0773375183343887,847.0,753.3689552722499,
25,3,5,32,7.0,0.0082644628099075,0.0773372948169708,847.0,753.3689552722499,
25,4,1,46,14.0,0.0165289256198151,0.0773371383547782,847.0,753.3689552722499,
25,5,1,73,27.0,0.0318772136953578,0.0773370638489723,847.0,753.3689552722499,
25,6,5,96,23.0,0.0271546635182678,0.0773370638489723,847.0,753.3689552722499,
25,7,16,96,0.0,0.0,0.0773368626832962,847.0,753.3689552722499,
25,8,15,98,2.0,0.002361275088545,0.077336847782135,847.0,753.3689552722499,
25,9,5,575,477.0,0.5631641086179892,0.0773369371891021,847.0,753.3689552722499,
25,10,5,654,79.0,0.0932703659975286,0.0773369297385215,847.0,753.3689552722499,
25,11,5,758,104.0,0.1227863046043414,0.0773370862007141,847.0,753.3689552722499,
25,12,4,758,0.0,0.0,0.0096700750291347,847.0,753.3689552722499,
25,13,16,760,2.0,0.002361275088545,0.0096739940345287,847.0,753.3689552722499,
25,14,4,762,2.0,0.002361275088545,0.0096723558381199,847.0,753.3689552722499,
25,15,5,769,7.0,0.0082644628099075,0.0096723334863781,847.0,753.3689552722499,
25,16,7,780,11.0,0.0129870129869976,0.0096740555018186,847.0,753.3689552722499,
25,17,16,820,40.0,0.0472255017709005,0.009675970301032,847.0,753.3689552722499,
25,18,9,820,0.0,0.0,0.0096756732091307,847.0,753.3689552722499,
25,19,16,832,12.0,0.0141676505312701,0.0096760913729667,847.0,753.3689552722499,
25,20,2,847,15.0,0.0177095631640877,0.0096721444278955,847.0,753.3689552722499,
25,21,10,847,0.0,0.0,0.0096734892576932,847.0,753.3689552722499,355.9522705078125
26,0,11,0,0.0,0.0,0.0104636084288358,806.0,723.3489678362384,
26,1,15,44,44.0,0.0545905707195352,0.0104638449847698,806.0,723.3489678362384,
26,2,6,67,23.0,0.0285359801488479,0.0104633187875151,806.0,723.3489678362384,
26,3,4,73,6.0,0.007444168734482,0.0823737978935241,806.0,723.3489678362384,
26,4,5,81,8.0,0.0099255583126427,0.0823736041784286,806.0,723.3489678362384,
26,5,1,81,0.0,0.0,0.082373559474945,806.0,723.3489678362384,
26,6,5,124,43.0,0.0533498759304549,0.0823735147714614,806.0,723.3489678362384,
26,7,5,129,5.0,0.0062034739454017,0.082373559474945,806.0,723.3489678362384,
26,8,16,129,0.0,0.0,0.0823733434081077,806.0,723.3489678362384,
26,9,5,170,41.0,0.0508684863522942,0.0823734179139137,806.0,723.3489678362384,
26,10,1,176,6.0,0.007444168734482,0.0823734775185585,806.0,723.3489678362384,
26,11,4,482,306.0,0.379652605458586,0.0033362661488354,806.0,723.3489678362384,
26,12,5,485,3.0,0.003722084367241,0.0033362885005772,806.0,723.3489678362384,
26,13,1,485,0.0,0.0,0.003336269641295,806.0,723.3489678362384,
26,14,4,485,0.0,0.0,0.0037868414074182,806.0,723.3489678362384,
26,15,5,486,1.0,0.0012406947890803,0.0037868204526603,806.0,723.3489678362384,
26,16,16,488,2.0,0.0024813895781606,0.0037866993807256,806.0,723.3489678362384,
26,17,5,488,0.0,0.0,0.0037867364007979,806.0,723.3489678362384,
26,18,1,619,131.0,0.1625310173695254,0.0037867373321205,806.0,723.3489678362384,
26,19,16,619,0.0,0.0,0.0037866237107664,806.0,723.3489678362384,
26,20,5,626,7.0,0.0086848635235624,0.0037867201026529,806.0,723.3489678362384,
26,21,5,687,61.0,0.0756823821339011,0.0037867322098463,806.0,723.3489678362384,
26,22,4,688,1.0,0.0012406947890803,0.0104885725304484,806.0,723.3489678362384,
26,23,5,691,3.0,0.003722084367241,0.0104885948821902,806.0,723.3489678362384,
26,24,16,691,0.0,0.0,0.0104892132803797,806.0,723.3489678362384,
26,25,8,691,0.0,0.0,0.0104888183996081,806.0,723.3489678362384,
26,26,4,693,2.0,0.0024813895781606,0.0178315322846174,806.0,723.3489678362384,
26,27,5,699,6.0,0.007444168734482,0.0178314559161663,806.0,723.3489678362384,
26,28,7,714,15.0,0.0186104218362051,0.0178312752395868,806.0,723.3489678362384,
26,29,16,788,74.0,0.0918114143919456,0.0178309045732021,806.0,723.3489678362384,
26,30,9,788,0.0,0.0,0.0178310275077819,806.0,723.3489678362384,
26,31,16,792,4.0,0.0049627791563213,0.0178309306502342,806.0,723.3489678362384,
26,32,10,806,14.0,0.0173697270471248,0.0178311876952648,806.0,723.3489678362384,792.8517456054688
29,0,11,0,0.0,0.0,0.0064753894694149,803.0,736.2256277617998,
29,1,15,129,129.0,0.1606475716062756,0.0064754113554954,803.0,736.2256277617998,
29,2,6,207,78.0,0.0971357409712364,0.0064754635095596,803.0,736.2256277617998,
29,3,4,214,7.0,0.0087173100871622,0.0512557700276374,803.0,736.2256277617998,
29,4,5,222,8.0,0.0099626400996139,0.0512556284666061,803.0,736.2256277617998,
29,5,1,248,26.0,0.0323785803237454,0.0512555874884128,803.0,736.2256277617998,
29,6,5,302,54.0,0.0672478206723944,0.051255602389574,803.0,736.2256277617998,
29,7,5,312,10.0,0.0124533001245174,0.0512556135654449,803.0,736.2256277617998,
29,8,5,322,10.0,0.0124533001245174,0.0512555949389934,803.0,736.2256277617998,
29,9,5,693,371.0,0.462017434619599,0.0512554794549942,803.0,736.2256277617998,
29,10,4,693,0.0,0.0,0.0077168778516352,803.0,736.2256277617998,
29,11,5,694,1.0,0.0012453300124517,0.0077169951982796,803.0,736.2256277617998,
29,12,16,695,1.0,0.0012453300124517,0.0077173961326479,803.0,736.2256277617998,
29,13,4,699,4.0,0.0049813200498069,0.0077183186076581,803.0,736.2256277617998,
29,14,5,706,7.0,0.0087173100871622,0.0077183484099805,803.0,736.2256277617998,
29,15,4,712,6.0,0.0074719800747104,0.0530315116047859,803.0,736.2256277617998,
29,16,5,715,3.0,0.0037359900373552,0.0530313625931739,803.0,736.2256277617998,
29,17,7,727,12.0,0.0149439601494209,0.0530312359333038,803.0,736.2256277617998,
29,18,16,781,54.0,0.0672478206723944,0.0530312098562717,803.0,736.2256277617998,
29,19,9,781,0.0,0.0,0.0530313029885292,803.0,736.2256277617998,
29,20,16,790,9.0,0.0112079701120657,0.053031288087368,803.0,736.2256277617998,
29,21,4,790,0.0,0.0,0.0606175512075424,803.0,736.2256277617998,
29,22,5,792,2.0,0.0024906600249034,0.0606174729764461,803.0,736.2256277617998,
29,23,10,803,11.0,0.0136986301369692,0.0606174580752849,803.0,736.2256277617998,917.5639038085938
30,0,11,0,0.0,0.0,0.0715940818190574,546.0,490.2004215689376,
30,1,4,25,25.0,0.0457875457874619,0.0709742978215217,546.0,490.2004215689376,
30,2,6,32,7.0,0.0128205128204893,0.0709742084145546,546.0,490.2004215689376,
30,3,5,35,3.0,0.0054945054944954,0.0709740817546844,546.0,490.2004215689376,
30,4,5,61,26.0,0.0476190476189604,0.070973977446556,546.0,490.2004215689376,
30,5,16,61,0.0,0.0,0.0709738060832023,546.0,490.2004215689376,
30,6,15,84,23.0,0.0421245421244649,0.0709738135337829,546.0,490.2004215689376,
30,7,5,490,406.0,0.7435897435883817,0.0709739252924919,546.0,490.2004215689376,
30,8,4,490,0.0,0.0,0.0089817764237523,546.0,490.2004215689376,
30,9,5,491,1.0,0.0018315018314984,0.0089817931875586,546.0,490.2004215689376,
30,10,16,492,1.0,0.0018315018314984,0.0089821638539433,546.0,490.2004215689376,
30,11,4,495,3.0,0.0054945054944954,0.00330320908688,546.0,490.2004215689376,
30,12,5,504,9.0,0.0164835164834862,0.0025527060497552,546.0,490.2004215689376,
30,13,7,512,8.0,0.0146520146519878,0.002552721183747,546.0,490.2004215689376,
30,14,16,524,12.0,0.0219780219779817,0.0025527139659971,546.0,490.2004215689376,
30,15,9,524,0.0,0.0,0.0025527311954647,546.0,490.2004215689376,
30,16,16,533,9.0,0.0164835164834862,0.0025526909157633,546.0,490.2004215689376,
30,17,4,533,0.0,0.0,0.0715945735573768,546.0,490.2004215689376,
30,18,5,534,1.0,0.0018315018314984,0.0715945214033126,546.0,490.2004215689376,
30,19,2,546,12.0,0.0219780219779817,0.071594625711441,546.0,490.2004215689376,
30,20,10,546,0.0,0.0,0.071594551205635,546.0,490.2004215689376,829.4567260742188
31,0,11,0,0.0,0.0,0.0676431730389595,755.0,685.245863160817,
31,1,4,35,35.0,0.0463576158939783,0.0677758827805519,755.0,685.245863160817,
31,2,6,38,3.0,0.0039735099337695,0.0677757859230041,755.0,685.245863160817,
31,3,5,45,7.0,0.0092715231787956,0.0677756741642952,755.0,685.245863160817,
31,4,5,68,23.0,0.0304635761589,0.0677755773067474,755.0,685.245863160817,
31,5,16,68,0.0,0.0,0.0677753984928131,755.0,685.245863160817,
31,6,15,208,140.0,0.1854304635759133,0.0677754282951355,755.0,685.245863160817,
31,7,5,684,476.0,0.6304635761581053,0.0677755549550056,755.0,685.245863160817,
31,8,4,684,0.0,0.0,0.0085669895634055,755.0,685.245863160817,
31,9,5,685,1.0,0.0013245033112565,0.0085670044645667,755.0,685.245863160817,
31,10,16,686,1.0,0.0013245033112565,0.0085673555731773,755.0,685.245863160817,
31,11,16,687,1.0,0.0013245033112565,0.0085674496367573,755.0,685.245863160817,
31,12,4,692,5.0,0.0066225165562826,0.0030763945542275,755.0,685.245863160817,
31,13,5,697,5.0,0.0066225165562826,0.0030764134135097,755.0,685.245863160817,
31,14,4,697,0.0,0.0,0.0184775851666927,755.0,685.245863160817,
31,15,5,700,3.0,0.0039735099337695,0.0184774920344352,755.0,685.245863160817,
31,16,16,708,8.0,0.0105960264900521,0.0184771139174699,755.0,685.245863160817,
31,17,8,708,0.0,0.0,0.0184771884232759,755.0,685.245863160817,
31,18,4,711,3.0,0.0039735099337695,0.0358867421746254,755.0,685.245863160817,
31,19,5,717,6.0,0.0079470198675391,0.0358868017792701,755.0,685.245863160817,
31,20,7,728,11.0,0.0145695364238217,0.0358868353068828,755.0,685.245863160817,
31,21,16,738,10.0,0.0132450331125652,0.035886712372303,755.0,685.245863160817,
31,22,9,738,0.0,0.0,0.0358866453170776,755.0,685.245863160817,
31,23,16,742,4.0,0.005298013245026,0.0358865521848201,755.0,685.245863160817,
31,24,10,755,13.0,0.0172185430463348,0.0358866639435291,755.0,685.245863160817,653.1550903320312
32,0,11,0,0.0,0.0,0.036934956908226,994.0,895.5560627705418,
32,1,4,57,57.0,0.0573440643862602,0.068698950111866,994.0,895.5560627705418,
32,2,6,63,6.0,0.0060362173038168,0.068698838353157,994.0,895.5560627705418,
32,3,5,67,4.0,0.0040241448692112,0.0686987414956092,994.0,895.5560627705418,
32,4,15,82,15.0,0.0150905432595421,0.0686985254287719,994.0,895.5560627705418,
32,5,5,100,18.0,0.0181086519114505,0.0686985701322555,994.0,895.5560627705418,
32,6,16,100,0.0,0.0,0.0686985030770301,994.0,895.5560627705418,
32,7,16,930,830.0,0.835010060361333,0.0686984956264495,994.0,895.5560627705418,
32,8,5,930,0.0,0.0,0.0686985924839973,994.0,895.5560627705418,
32,9,4,930,0.0,0.0,0.0087314993143081,994.0,895.5560627705418,
32,10,5,931,1.0,0.0010060362173028,0.0087315589189529,994.0,895.5560627705418,
32,11,4,936,5.0,0.005030181086514,0.0032071156892925,994.0,895.5560627705418,
32,12,5,946,10.0,0.0100603621730281,0.0032071287278085,994.0,895.5560627705418,
32,13,7,954,8.0,0.0080482897384224,0.0032071415334939,994.0,895.5560627705418,
32,14,16,973,19.0,0.0191146881287534,0.0032071110326796,994.0,895.5560627705418,
32,15,9,973,0.0,0.0,0.0032071380410343,994.0,895.5560627705418,
32,16,16,979,6.0,0.0060362173038168,0.0032070789020508,994.0,895.5560627705418,
32,17,4,979,0.0,0.0,0.0694329813122749,994.0,895.5560627705418,
32,18,5,981,2.0,0.0020120724346056,0.0694329515099525,994.0,895.5560627705418,
32,19,2,994,13.0,0.0130784708249365,0.0694330260157585,994.0,895.5560627705418,
32,20,10,994,0.0,0.0,0.0694329291582107,994.0,895.5560627705418,813.90234375
33,0,11,0,0.0,0.0,0.0658595412969589,1451.0,1317.1902860910632,
33,1,4,43,43.0,0.0296347346657273,0.0658850073814392,1451.0,1317.1902860910632,
33,2,6,48,5.0,0.0034458993797357,0.0658849403262138,1451.0,1317.1902860910632,
33,3,5,53,5.0,0.0034458993797357,0.0658848285675048,1451.0,1317.1902860910632,
33,4,15,64,11.0,0.0075809786354186,0.0658846348524093,1451.0,1317.1902860910632,
33,5,16,64,0.0,0.0,0.0658845454454422,1451.0,1317.1902860910632,
33,6,5,83,19.0,0.0130944176429958,0.0658846870064735,1451.0,1317.1902860910632,
33,7,16,83,0.0,0.0,0.0658845901489257,1451.0,1317.1902860910632,
33,8,5,1341,1258.0,0.8669882839415114,0.0658846497535705,1451.0,1317.1902860910632,
33,9,5,1377,36.0,0.0248104755340973,0.0658846199512481,1451.0,1317.1902860910632,
33,10,4,1378,1.0,0.0006891798759471,0.0082944519817829,1451.0,1317.1902860910632,
33,11,5,1378,0.0,0.0,0.0082945693284273,1451.0,1317.1902860910632,
33,12,5,1379,1.0,0.0006891798759471,0.0082946857437491,1451.0,1317.1902860910632,
33,13,16,1385,6.0,0.0041350792556828,0.0082950815558433,1451.0,1317.1902860910632,
33,14,4,1388,3.0,0.0020675396278414,0.0030340519733726,1451.0,1317.1902860910632,
33,15,5,1398,10.0,0.0068917987594714,0.0030340396333485,1451.0,1317.1902860910632,
33,16,7,1405,7.0,0.00482425913163,0.0030340070370584,1451.0,1317.1902860910632,
33,17,16,1423,18.0,0.0124052377670486,0.0030339390505105,1451.0,1317.1902860910632,
33,18,9,1423,0.0,0.0,0.0030339534860104,1451.0,1317.1902860910632,
33,19,16,1432,9.0,0.0062026188835243,0.0030339215882122,1451.0,1317.1902860910632,
33,20,4,1437,5.0,0.0034458993797357,0.0658588260412216,1451.0,1317.1902860910632,
33,21,5,1440,3.0,0.0020675396278414,0.0658587738871574,1451.0,1317.1902860910632,
33,22,10,1451,11.0,0.0075809786354186,0.0658586919307708,1451.0,1317.1902860910632,857.189208984375
34,0,11,0,0.0,0.0,0.0611746162176132,533.0,491.65927125373855,
34,1,4,93,93.0,0.1744840525325056,0.060640025883913,533.0,491.65927125373855,
34,2,5,102,9.0,0.0168855534708876,0.0606399811804294,533.0,491.65927125373855,
34,3,6,106,4.0,0.0075046904315056,0.0606398396193981,533.0,491.65927125373855,
34,4,5,121,15.0,0.028142589118146,0.0606397539377212,533.0,491.65927125373855,
34,5,15,130,9.0,0.0168855534708876,0.0606396347284317,533.0,491.65927125373855,
34,6,5,442,312.0,0.5853658536574383,0.0606397539377212,533.0,491.65927125373855,
34,7,5,443,1.0,0.0018761726078764,0.0606397539377212,533.0,491.65927125373855,
34,8,4,448,5.0,0.009380863039382,0.0078500751405954,533.0,491.65927125373855,
34,9,5,451,3.0,0.0056285178236292,0.0078500863164663,533.0,491.65927125373855,
34,10,4,451,0.0,0.0,0.006375768687576,533.0,491.65927125373855,
34,11,5,454,3.0,0.0056285178236292,0.0063757807947695,533.0,491.65927125373855,
34,12,16,456,2.0,0.0037523452157528,0.0063757775351405,533.0,491.65927125373855,
34,13,8,456,0.0,0.0,0.0063758674077689,533.0,491.65927125373855,
34,14,4,458,2.0,0.0037523452157528,0.0231560580432415,533.0,491.65927125373855,
34,15,5,460,2.0,0.0037523452157528,0.0231559537351131,533.0,491.65927125373855,
34,16,4,460,0.0,0.0,0.0289119929075241,533.0,491.65927125373855,
34,17,5,462,2.0,0.0037523452157528,0.0289118718355894,533.0,491.65927125373855,
34,18,16,463,1.0,0.0018761726078764,0.0289117973297834,533.0,491.65927125373855,
34,19,8,463,0.0,0.0,0.0289119202643632,533.0,491.65927125373855,
34,20,4,465,2.0,0.0037523452157528,0.0292027443647384,533.0,491.65927125373855,
34,21,5,471,6.0,0.0112570356472584,0.0292026940733194,533.0,491.65927125373855,
34,22,7,473,2.0,0.0037523452157528,0.0292025841772556,533.0,491.65927125373855,
34,23,16,509,36.0,0.0675422138835505,0.0292024873197078,533.0,491.65927125373855,
34,24,9,509,0.0,0.0,0.0292025711387395,533.0,491.65927125373855,
34,25,16,519,10.0,0.018761726078764,0.0292026717215776,533.0,491.65927125373855,
34,26,2,533,14.0,0.0262664165102696,0.0292028356343507,533.0,491.65927125373855,
34,27,10,533,0.0,0.0,0.0292027592658996,533.0,491.65927125373855,620.6205444335938
36,0,11,0,0.0,0.0,0.0202886331826448,1266.0,1141.4048421364278,
36,1,4,433,433.0,0.3420221169033633,0.0684201568365097,1266.0,1141.4048421364278,
36,2,6,439,6.0,0.0047393364928872,0.0684200823307037,1266.0,1141.4048421364278,
36,3,5,442,3.0,0.0023696682464436,0.0684199482202529,1266.0,1141.4048421364278,
36,4,5,466,24.0,0.018957345971549,0.0684198215603828,1266.0,1141.4048421364278,
36,5,16,466,0.0,0.0,0.0684196352958679,1266.0,1141.4048421364278,
36,6,1,470,4.0,0.0031595576619248,0.068419836461544,1266.0,1141.4048421364278,
36,7,15,963,493.0,0.3894154818322358,0.0684196650981903,1266.0,1141.4048421364278,
36,8,5,1114,151.0,0.1192733017376625,0.0684197321534156,1266.0,1141.4048421364278,
36,9,1,1150,36.0,0.0284360189573235,0.0684197396039962,1266.0,1141.4048421364278,
36,10,16,1150,0.0,0.0,0.0684195682406425,1266.0,1141.4048421364278,
36,11,5,1188,38.0,0.0300157977882859,0.068419799208641,1266.0,1141.4048421364278,
36,12,5,1189,1.0,0.0007898894154812,0.0684199258685112,1266.0,1141.4048421364278,
36,13,4,1189,0.0,0.0,0.0086080357432365,1266.0,1141.4048421364278,
36,14,5,1196,7.0,0.0055292259083684,0.0086080785840749,1266.0,1141.4048421364278,
36,15,7,1198,2.0,0.0015797788309624,0.0086080785840749,1266.0,1141.4048421364278,
36,16,16,1205,7.0,0.0055292259083684,0.008608317002654,1266.0,1141.4048421364278,
36,17,9,1205,0.0,0.0,0.0086080515757203,1266.0,1141.4048421364278,
36,18,16,1250,45.0,0.0355450236966543,0.0086083291098475,1266.0,1141.4048421364278,
36,19,10,1266,16.0,0.0126382306476993,0.0086081689223647,1266.0,1141.4048421364278,842.6544799804688
37,0,11,0,0.0,0.0,0.0075643896125257,572.0,524.5486708432436,
37,1,4,28,28.0,0.0489510489509633,0.0601379424333572,572.0,524.5486708432436,
37,2,15,33,5.0,0.0087412587412434,0.0601377338171005,572.0,524.5486708432436,
37,3,16,33,0.0,0.0,0.0601375773549079,572.0,524.5486708432436,
37,4,5,35,2.0,0.0034965034964973,0.0601375848054885,572.0,524.5486708432436,
37,5,6,39,4.0,0.0069930069929947,0.0601374916732311,572.0,524.5486708432436,
37,6,1,50,11.0,0.0192307692307356,0.0601375773549079,572.0,524.5486708432436,
37,7,5,56,6.0,0.0104895104894921,0.0601374767720699,572.0,524.5486708432436,
37,8,5,74,18.0,0.0314685314684764,0.0601374842226505,572.0,524.5486708432436,
37,9,16,74,0.0,0.0,0.0601373054087162,572.0,524.5486708432436,
37,10,5,437,363.0,0.6346153846142751,0.0601374320685863,572.0,524.5486708432436,
37,11,1,472,35.0,0.0611888111887042,0.0601376071572303,572.0,524.5486708432436,
37,12,16,472,0.0,0.0,0.0601375177502632,572.0,524.5486708432436,
37,13,5,474,2.0,0.0034965034964973,0.0601378791034221,572.0,524.5486708432436,
37,14,5,477,3.0,0.005244755244746,0.0601379200816154,572.0,524.5486708432436,
37,15,4,477,0.0,0.0,0.0075056846253573,572.0,524.5486708432436,
37,16,5,484,7.0,0.0122377622377408,0.0075056469067931,572.0,524.5486708432436,
37,17,7,507,23.0,0.0402097902097199,0.0075057009235024,572.0,524.5486708432436,
37,18,6,511,4.0,0.0069930069929947,0.0075057079084217,572.0,524.5486708432436,
37,19,7,532,21.0,0.0367132867132225,0.0075057917274534,572.0,524.5486708432436,
37,20,16,545,13.0,0.0227272727272329,0.007506129797548,572.0,524.5486708432436,
37,21,9,545,0.0,0.0,0.0075058043003082,572.0,524.5486708432436,
37,22,16,559,14.0,0.0244755244754816,0.0075059975497424,572.0,524.5486708432436,
37,23,10,572,13.0,0.0227272727272329,0.0075057474896311,572.0,524.5486708432436,870.4874267578125
38,0,11,0,0.0,0.0,0.0070516876876354,561.0,523.9784430409782,
38,1,4,25,25.0,0.044563279857318,0.0551690645515918,561.0,523.9784430409782,
38,2,15,29,4.0,0.0071301247771708,0.0551688931882381,561.0,523.9784430409782,
38,3,16,29,0.0,0.0,0.0551687330007553,561.0,523.9784430409782,
38,4,5,32,3.0,0.0053475935828781,0.0551687330007553,561.0,523.9784430409782,
38,5,5,33,1.0,0.0017825311942927,0.0551686808466911,561.0,523.9784430409782,
38,6,6,36,3.0,0.0053475935828781,0.0551686957478523,561.0,523.9784430409782,
38,7,1,53,17.0,0.0303030303029762,0.0551687628030777,561.0,523.9784430409782,
38,8,5,80,27.0,0.0481283422459035,0.0551686808466911,561.0,523.9784430409782,
38,9,16,80,0.0,0.0,0.0551684722304344,561.0,523.9784430409782,
38,10,5,229,149.0,0.2655971479496157,0.0551686026155948,561.0,523.9784430409782,
38,11,1,233,4.0,0.0071301247771708,0.0551687479019165,561.0,523.9784430409782,
38,12,4,421,188.0,0.3351158645270319,0.0022012256085872,561.0,523.9784430409782,
38,13,5,423,2.0,0.0035650623885854,0.0022013154812157,561.0,523.9784430409782,
38,14,4,424,1.0,0.0017825311942927,0.0025009622331708,561.0,523.9784430409782,
38,15,1,424,0.0,0.0,0.0025009694509208,561.0,523.9784430409782,
38,16,5,424,0.0,0.0,0.0025009198579937,561.0,523.9784430409782,
38,17,1,425,1.0,0.0017825311942927,0.0025009086821228,561.0,523.9784430409782,
38,18,16,427,2.0,0.0035650623885854,0.0025008094962686,561.0,523.9784430409782,
38,19,5,427,0.0,0.0,0.0025008667726069,561.0,523.9784430409782,
38,20,1,480,53.0,0.0944741532975143,0.0025008965749293,561.0,523.9784430409782,
38,21,16,480,0.0,0.0,0.0025008262600749,561.0,523.9784430409782,
38,22,5,485,5.0,0.0089126559714636,0.0025008881930261,561.0,523.9784430409782,
38,23,4,485,0.0,0.0,0.0071252440102398,561.0,523.9784430409782,
38,24,5,488,3.0,0.0053475935828781,0.0071283071301877,561.0,523.9784430409782,
38,25,4,490,2.0,0.0035650623885854,0.0095738228410482,561.0,523.9784430409782,
38,26,5,496,6.0,0.0106951871657563,0.0095738591626286,561.0,523.9784430409782,
38,27,7,502,6.0,0.0106951871657563,0.0095738153904676,561.0,523.9784430409782,
38,28,16,543,41.0,0.0730837789660016,0.0095736104995012,561.0,523.9784430409782,
38,29,9,543,0.0,0.0,0.0095736114308238,561.0,523.9784430409782,
38,30,16,547,4.0,0.0071301247771708,0.0095734922215342,561.0,523.9784430409782,
38,31,4,547,0.0,0.0,0.0553733445703983,561.0,523.9784430409782,
38,32,5,549,2.0,0.0035650623885854,0.0553734637796878,561.0,523.9784430409782,
38,33,2,561,12.0,0.0213903743315126,0.0553735420107841,561.0,523.9784430409782,
38,34,10,561,0.0,0.0,0.0553734637796878,561.0,523.9784430409782,625.7940673828125
39,0,11,0,0.0,0.0,0.0905614271759986,486.0,429.3855210207402,
39,1,4,21,21.0,0.0432098765431209,0.0900730118155479,486.0,429.3855210207402,
39,2,15,24,3.0,0.0061728395061601,0.0900726839900016,486.0,429.3855210207402,
39,3,16,25,1.0,0.00205761316872,0.0900724306702613,486.0,429.3855210207402,
39,4,5,28,3.0,0.0061728395061601,0.0900724604725837,486.0,429.3855210207402,
39,5,6,32,4.0,0.0082304526748801,0.090072326362133,486.0,429.3855210207402,
39,6,1,45,13.0,0.0267489711933605,0.0900724083185195,486.0,429.3855210207402,
39,7,1,55,10.0,0.0205761316872004,0.0900724455714225,486.0,429.3855210207402,
39,8,4,186,131.0,0.269547325102326,0.0115072410553693,486.0,429.3855210207402,
39,9,5,188,2.0,0.00411522633744,0.0115072969347238,486.0,429.3855210207402,
39,10,4,188,0.0,0.0,0.0042304494418203,486.0,429.3855210207402,
39,11,1,190,2.0,0.00411522633744,0.004230482969433,486.0,429.3855210207402,
39,12,1,191,1.0,0.00205761316872,0.004230513703078,486.0,429.3855210207402,
39,13,16,191,0.0,0.0,0.0042304242961108,486.0,429.3855210207402,
39,14,5,191,0.0,0.0,0.0042305462993681,486.0,429.3855210207402,
39,15,5,277,86.0,0.1769547325099239,0.004230530001223,486.0,429.3855210207402,
39,16,16,277,0.0,0.0,0.0042303879745304,486.0,429.3855210207402,
39,17,5,347,70.0,0.1440329218104032,0.004230429418385,486.0,429.3855210207402,
39,18,1,395,48.0,0.0987654320985622,0.0042304331436753,486.0,429.3855210207402,
39,19,16,395,0.0,0.0,0.004230298101902,486.0,429.3855210207402,
39,20,5,413,18.0,0.0370370370369608,0.0042304103262722,486.0,429.3855210207402,
39,21,5,414,1.0,0.00205761316872,0.004230422899127,486.0,429.3855210207402,
39,22,5,416,2.0,0.00411522633744,0.0042304312810301,486.0,429.3855210207402,
39,23,5,418,2.0,0.00411522633744,0.0042304373346269,486.0,429.3855210207402,
39,24,4,418,0.0,0.0,0.0114562390372157,486.0,429.3855210207402,
39,25,5,425,7.0,0.0144032921810403,0.0114563591778278,486.0,429.3855210207402,
39,26,7,432,7.0,0.0144032921810403,0.0114564439281821,486.0,429.3855210207402,
39,27,16,470,38.0,0.0781893004113617,0.0114596094936132,486.0,429.3855210207402,
39,28,9,470,0.0,0.0,0.0114561319351196,486.0,429.3855210207402,
39,29,16,473,3.0,0.0061728395061601,0.0114584406837821,486.0,429.3855210207402,
39,30,10,486,13.0,0.0267489711933605,0.0114561486989259,486.0,429.3855210207402,742.4409790039062
41,0,11,0,0.0,0.0,0.0073799765668809,399.0,367.4795585470274,
41,1,4,40,40.0,0.1002506265661647,0.0584609396755695,399.0,367.4795585470274,
41,2,15,44,4.0,0.0100250626566164,0.0584607236087322,399.0,367.4795585470274,
41,3,16,44,0.0,0.0,0.0584605410695076,399.0,367.4795585470274,
41,4,5,47,3.0,0.0075187969924623,0.0584605783224105,399.0,367.4795585470274,
41,5,5,48,1.0,0.0025062656641541,0.0584605000913143,399.0,367.4795585470274,
41,6,6,54,6.0,0.0150375939849247,0.0584605149924755,399.0,367.4795585470274,
41,7,1,61,7.0,0.0175438596490788,0.0584605783224105,399.0,367.4795585470274,
41,8,5,83,22.0,0.0551378446113906,0.0584604665637016,399.0,367.4795585470274,
41,9,5,94,11.0,0.0275689223056953,0.0584602989256382,399.0,367.4795585470274,
41,10,16,94,0.0,0.0,0.058460284024477,399.0,367.4795585470274,
41,11,5,270,176.0,0.441102756891125,0.058460533618927,399.0,367.4795585470274,
41,12,5,328,58.0,0.1453634085209389,0.0584607012569904,399.0,367.4795585470274,
41,13,1,339,11.0,0.0275689223056953,0.0584609173238277,399.0,367.4795585470274,
41,14,16,339,0.0,0.0,0.0584607385098934,399.0,367.4795585470274,
41,15,5,341,2.0,0.0050125313283082,0.0584607720375061,399.0,367.4795585470274,
41,16,4,341,0.0,0.0,0.007401208858937,399.0,367.4795585470274,
41,17,5,342,1.0,0.0025062656641541,0.0074012209661304,399.0,367.4795585470274,
41,18,4,343,1.0,0.0025062656641541,0.0027387479785829,399.0,367.4795585470274,
41,19,5,350,7.0,0.0175438596490788,0.0027387414593249,399.0,367.4795585470274,
41,20,7,353,3.0,0.0075187969924623,0.0027387381996959,399.0,367.4795585470274,
41,21,16,382,29.0,0.0726817042604694,0.0027386744040995,399.0,367.4795585470274,
41,22,9,382,0.0,0.0,0.0027387433219701,399.0,367.4795585470274,
41,23,16,386,4.0,0.0100250626566164,0.0027387018781155,399.0,367.4795585470274,
41,24,2,399,13.0,0.0325814536340035,0.00273879757151,399.0,367.4795585470274,
41,25,10,399,0.0,0.0,0.002738760318607,399.0,367.4795585470274,652.6980590820312
42,0,11,0,0.0,0.0,0.0037796087563037,271.0,240.3124845009297,
42,1,15,24,24.0,0.0885608856085293,0.0037796231918036,271.0,240.3124845009297,
42,2,16,24,0.0,0.0,0.0037796448450535,271.0,240.3124845009297,
42,3,6,46,22.0,0.0811808118078185,0.0037797286640852,271.0,240.3124845009297,
42,4,4,50,4.0,0.0147601476014215,0.0792556032538414,271.0,240.3124845009297,
42,5,5,57,7.0,0.0258302583024877,0.0792554914951324,271.0,240.3124845009297,
42,6,1,59,2.0,0.0073800738007107,0.0792555660009384,271.0,240.3124845009297,
42,7,5,65,6.0,0.0221402214021323,0.0792555138468742,271.0,240.3124845009297,
42,8,5,82,17.0,0.0627306273060415,0.0792554914951324,271.0,240.3124845009297,
42,9,16,82,0.0,0.0,0.0792552232742309,271.0,240.3124845009297,
42,10,5,192,110.0,0.4059040590390926,0.079255387187004,271.0,240.3124845009297,
42,11,1,227,35.0,0.1291512915124385,0.0792555809020996,271.0,240.3124845009297,
42,12,16,227,0.0,0.0,0.0792555809020996,271.0,240.3124845009297,
42,13,5,232,5.0,0.0184501845017769,0.079255998134613,271.0,240.3124845009297,
42,14,4,232,0.0,0.0,0.0098856277763843,271.0,240.3124845009297,
42,15,5,240,8.0,0.0295202952028431,0.0098858959972858,271.0,240.3124845009297,
42,16,7,242,2.0,0.0073800738007107,0.0098858848214149,271.0,240.3124845009297,
42,17,16,252,10.0,0.0369003690035538,0.0098863234743475,271.0,240.3124845009297,
42,18,9,252,0.0,0.0,0.0098860142752528,271.0,240.3124845009297,
42,19,16,258,6.0,0.0221402214021323,0.0098864454776048,271.0,240.3124845009297,
42,20,2,271,13.0,0.04797047970462,0.0098856538534164,271.0,240.3124845009297,
42,21,10,271,0.0,0.0,0.0098860478028655,271.0,240.3124845009297,308.28314208984375
43,0,11,0,0.0,0.0,0.008031403645873,339.0,308.2389698624611,
43,1,4,29,29.0,0.0855457227136119,0.0643561854958534,339.0,308.2389698624611,
43,2,15,36,7.0,0.0206489675515615,0.0643559247255325,339.0,308.2389698624611,
43,3,5,36,0.0,0.0,0.0643559247255325,339.0,308.2389698624611,
43,4,16,36,0.0,0.0,0.0643556118011474,339.0,308.2389698624611,
43,5,6,49,13.0,0.038348082595757,0.0643557012081146,339.0,308.2389698624611,
43,6,1,63,14.0,0.041297935103123,0.0643557906150817,339.0,308.2389698624611,
43,7,5,77,14.0,0.041297935103123,0.0643557459115982,339.0,308.2389698624611,
43,8,16,77,0.0,0.0,0.0643555596470832,339.0,308.2389698624611,
43,9,5,243,166.0,0.4896755162227443,0.0643556416034698,339.0,308.2389698624611,
43,10,5,244,1.0,0.0029498525073659,0.0643556267023086,339.0,308.2389698624611,
43,11,1,272,28.0,0.082595870206246,0.0643558129668235,339.0,308.2389698624611,
43,12,16,272,0.0,0.0,0.0643557906150817,339.0,308.2389698624611,
43,13,5,278,6.0,0.0176991150441955,0.0643561258912086,339.0,308.2389698624611,
43,14,4,278,0.0,0.0,0.0080739865079522,339.0,308.2389698624611,
43,15,5,285,7.0,0.0206489675515615,0.0080745294690132,339.0,308.2389698624611,
43,16,7,291,6.0,0.0176991150441955,0.0080758081749081,339.0,308.2389698624611,
43,17,16,321,30.0,0.0884955752209779,0.0080762393772602,339.0,308.2389698624611,
43,18,9,321,0.0,0.0,0.0080759990960359,339.0,308.2389698624611,
43,19,16,326,5.0,0.0147492625368296,0.0080763353034853,339.0,308.2389698624611,
43,20,2,339,13.0,0.038348082595757,0.008073897100985,339.0,308.2389698624611,
43,21,10,339,0.0,0.0,0.0080758575350046,339.0,308.2389698624611,864.6940307617188
44,0,11,0,0.0,0.0,0.0097066471353173,495.0,446.6151896235533,
44,1,4,30,30.0,0.0606060606059381,0.0767622143030166,495.0,446.6151896235533,
44,2,15,34,4.0,0.0080808080807917,0.0767619684338569,495.0,446.6151896235533,
44,3,16,34,0.0,0.0,0.0767617374658584,495.0,446.6151896235533,
44,4,5,37,3.0,0.0060606060605938,0.0767617374658584,495.0,446.6151896235533,
44,5,6,41,4.0,0.0080808080807917,0.0767616480588913,495.0,446.6151896235533,
44,6,1,47,6.0,0.0121212121211876,0.0767617598176002,495.0,446.6151896235533,
44,7,5,65,18.0,0.0363636363635629,0.0767617002129554,495.0,446.6151896235533,
44,8,16,65,0.0,0.0,0.0767614841461181,495.0,446.6151896235533,
44,9,5,193,128.0,0.2585858585853361,0.0767615586519241,495.0,446.6151896235533,
44,10,1,202,9.0,0.0181818181817814,0.0767616480588913,495.0,446.6151896235533,
44,11,4,370,168.0,0.3393939393932537,0.0027401312254369,495.0,446.6151896235533,
44,12,5,373,3.0,0.0060606060605938,0.0027401475235819,495.0,446.6151896235533,
44,13,4,373,0.0,0.0,0.0035550589673221,495.0,446.6151896235533,
44,14,1,373,0.0,0.0,0.0035551039036363,495.0,446.6151896235533,
44,15,5,374,1.0,0.0020202020201979,0.0035550605971366,495.0,446.6151896235533,
44,16,16,376,2.0,0.0040404040403958,0.0035549385938793,495.0,446.6151896235533,
44,17,5,376,0.0,0.0,0.0035549751482903,495.0,446.6151896235533,
44,18,1,417,41.0,0.0828282828281155,0.00355497864075,495.0,446.6151896235533,
44,19,16,417,0.0,0.0,0.0035548629239201,495.0,446.6151896235533,
44,20,5,430,13.0,0.0262626262625732,0.0035549604799598,495.0,446.6151896235533,
44,21,5,432,2.0,0.0040404040403958,0.0035549716558307,495.0,446.6151896235533,
44,22,4,433,1.0,0.0020202020201979,0.0097168227657675,495.0,446.6151896235533,
44,23,5,433,0.0,0.0,0.0097168451175093,495.0,446.6151896235533,
44,24,5,440,7.0,0.0141414141413855,0.0097168814390897,495.0,446.6151896235533,
44,25,7,443,3.0,0.0060606060605938,0.0097170323133468,495.0,446.6151896235533,
44,26,16,475,32.0,0.064646464646334,0.0097186369821429,495.0,446.6151896235533,
44,27,9,475,0.0,0.0,0.0097169307991862,495.0,446.6151896235533,
44,28,16,481,6.0,0.0121212121211876,0.0097173675894737,495.0,446.6151896235533,
44,29,2,495,14.0,0.0282828282827711,0.0097163347527384,495.0,446.6151896235533,
44,30,10,495,0.0,0.0,0.0097167631611227,495.0,446.6151896235533,588.4630126953125
45,0,11,0,0.0,0.0,0.0143266096711158,1780.0,1524.9898299667984,
45,1,6,36,36.0,0.0202247191011122,0.0143264047801494,1780.0,1524.9898299667984,
45,2,4,41,5.0,0.0028089887640433,0.1126095429062843,1780.0,1524.9898299667984,
45,3,5,51,10.0,0.0056179775280867,0.1126093417406082,1780.0,1524.9898299667984,
45,4,4,136,85.0,0.0477528089887372,0.004625397734344,1780.0,1524.9898299667984,
45,5,5,137,1.0,0.0005617977528086,0.0046253898181021,1780.0,1524.9898299667984,
45,6,5,143,6.0,0.003370786516852,0.0046253954060375,1780.0,1524.9898299667984,
45,7,1,149,6.0,0.003370786516852,0.0046254061162471,1780.0,1524.9898299667984,
45,8,15,172,23.0,0.0129213483145994,0.0046254154294729,1780.0,1524.9898299667984,
45,9,4,1491,1319.0,0.7410112359546399,0.0040892106480896,1780.0,1524.9898299667984,
45,10,5,1493,2.0,0.0011235955056173,0.0040892036631703,1780.0,1524.9898299667984,
45,11,4,1493,0.0,0.0,0.0052856304682791,1780.0,1524.9898299667984,
45,12,5,1494,1.0,0.0005617977528086,0.0052856476977467,1780.0,1524.9898299667984,
45,13,1,1494,0.0,0.0,0.0052857161499559,1780.0,1524.9898299667984,
45,14,16,1496,2.0,0.0011235955056173,0.0052856230176985,1780.0,1524.9898299667984,
45,15,5,1497,1.0,0.0005617977528086,0.0052856947295367,1780.0,1524.9898299667984,
45,16,5,1504,7.0,0.0039325842696607,0.0052856532856822,1780.0,1524.9898299667984,
45,17,16,1504,0.0,0.0,0.0052855229005217,1780.0,1524.9898299667984,
45,18,5,1565,61.0,0.034269662921329,0.0052855797111988,1780.0,1524.9898299667984,
45,19,5,1568,3.0,0.001685393258426,0.0052855783142149,1780.0,1524.9898299667984,
45,20,4,1569,1.0,0.0005617977528086,0.0143077364191412,1780.0,1524.9898299667984,
45,21,5,1570,1.0,0.0005617977528086,0.014307701960206,1780.0,1524.9898299667984,
45,22,16,1625,55.0,0.030898876404477,0.0143081378191709,1780.0,1524.9898299667984,
45,23,4,1628,3.0,0.001685393258426,0.0057193273678421,1780.0,1524.9898299667984,
45,24,5,1637,9.0,0.005056179775278,0.0057193315587937,1780.0,1524.9898299667984,
45,25,7,1646,9.0,0.005056179775278,0.0057193348184227,1780.0,1524.9898299667984,
45,26,16,1743,97.0,0.0544943820224412,0.0057192556560039,1780.0,1524.9898299667984,
45,27,9,1743,0.0,0.0,0.0057193208485841,1780.0,1524.9898299667984,
45,28,16,1763,20.0,0.0112359550561734,0.0057192090898752,1780.0,1524.9898299667984,
45,29,4,1766,3.0,0.001685393258426,0.1116870418190956,1780.0,1524.9898299667984,
45,30,5,1769,3.0,0.001685393258426,0.1116869747638702,1780.0,1524.9898299667984,
45,31,2,1780,11.0,0.0061797752808954,0.1116872280836105,1780.0,1524.9898299667984,
45,32,10,1780,0.0,0.0,0.1116872951388359,1780.0,1524.9898299667984,679.0408935546875
46,0,11,0,0.0,0.0,0.0561413094401359,1575.0,1451.060098700691,
46,1,6,92,92.0,0.0584126984126613,0.0561413913965225,1575.0,1451.060098700691,
46,2,4,98,6.0,0.0038095238095213,0.0572342053055763,1575.0,1451.060098700691,
46,3,5,108,10.0,0.0063492063492023,0.0572340823709964,1575.0,1451.060098700691,
46,4,5,131,23.0,0.0146031746031653,0.0572339668869972,1575.0,1451.060098700691,
46,5,16,131,0.0,0.0,0.0572338849306106,1575.0,1451.060098700691,
46,6,5,313,182.0,0.1155555555554821,0.057233951985836,1575.0,1451.060098700691,
46,7,7,330,17.0,0.0107936507936439,0.0572339594364166,1575.0,1451.060098700691,
46,8,15,568,238.0,0.1511111111110151,0.0572338588535785,1575.0,1451.060098700691,
46,9,6,1387,819.0,0.5199999999996698,0.0572339110076427,1575.0,1451.060098700691,
46,10,5,1417,30.0,0.0190476190476069,0.0572339035570621,1575.0,1451.060098700691,
46,11,5,1419,2.0,0.0012698412698404,0.0572339743375778,1575.0,1451.060098700691,
46,12,1,1465,46.0,0.0292063492063306,0.0572341307997703,1575.0,1451.060098700691,
46,13,16,1465,0.0,0.0,0.057234089821577,1575.0,1451.060098700691,
46,14,5,1469,4.0,0.0025396825396809,0.0572341866791248,1575.0,1451.060098700691,
46,15,4,1470,1.0,0.0006349206349202,0.0072203013114631,1575.0,1451.060098700691,
46,16,5,1470,0.0,0.0,0.0072202757000923,1575.0,1451.060098700691,
46,17,5,1477,7.0,0.0044444444444416,0.0072202621959149,1575.0,1451.060098700691,
46,18,7,1482,5.0,0.0031746031746011,0.0072203334420919,1575.0,1451.060098700691,
46,19,16,1551,69.0,0.0438095238094959,0.0072205751203,1575.0,1451.060098700691,
46,20,9,1551,0.0,0.0,0.0072204079478979,1575.0,1451.060098700691,
46,21,16,1561,10.0,0.0063492063492023,0.0072205355390906,1575.0,1451.060098700691,
46,22,2,1575,14.0,0.0088888888888832,0.0072201639413833,1575.0,1451.060098700691,
46,23,10,1575,0.0,0.0,0.0072203371673822,1575.0,1451.060098700691,870.0643310546875
49,0,11,0,0.0,0.0,0.0125942295417189,782.0,667.868589152582,
49,1,15,31,31.0,0.0396419437339646,0.0125954244285821,782.0,667.868589152582,
49,2,16,32,1.0,0.0012787723785149,0.0125954123213887,782.0,667.868589152582,
49,3,6,41,9.0,0.0115089514066349,0.0125933103263378,782.0,667.868589152582,
49,4,4,48,7.0,0.0089514066496049,0.100674845278263,782.0,667.868589152582,
49,5,5,55,7.0,0.0089514066496049,0.1006747409701347,782.0,667.868589152582,
49,6,1,96,41.0,0.0524296675191145,0.100674882531166,782.0,667.868589152582,
49,7,5,136,40.0,0.0511508951405995,0.1006748080253601,782.0,667.868589152582,
49,8,5,152,16.0,0.0204603580562398,0.1006747409701347,782.0,667.868589152582,
49,9,5,339,187.0,0.2391304347823029,0.1006746217608451,782.0,667.868589152582,
49,10,5,362,23.0,0.0294117647058447,0.1006746292114257,782.0,667.868589152582,
49,11,4,363,1.0,0.0012787723785149,0.0125513551756739,782.0,667.868589152582,
49,12,5,363,0.0,0.0,0.0125516960397362,782.0,667.868589152582,
49,13,16,461,98.0,0.1253196930944689,0.0125547433272004,782.0,667.868589152582,
49,14,9,461,0.0,0.0,0.0125533659011125,782.0,667.868589152582,
49,15,1,665,204.0,0.2608695652170577,0.0125515460968017,782.0,667.868589152582,
49,16,16,714,49.0,0.0626598465472344,0.0125569608062505,782.0,667.868589152582,
49,17,4,717,3.0,0.0038363171355449,0.004726184066385,782.0,667.868589152582,
49,18,5,726,9.0,0.0115089514066349,0.0047261356376111,782.0,667.868589152582,
49,19,7,730,4.0,0.0051150895140599,0.0047261118888854,782.0,667.868589152582,
49,20,16,764,34.0,0.0434782608695096,0.0047260401770472,782.0,667.868589152582,
49,21,10,782,18.0,0.0230179028132698,0.0047261198051273,782.0,667.868589152582,91.20214080810547
50,0,11,0,0.0,0.0,0.0027944042813032,373.0,341.25461513968185,
50,1,6,20,20.0,0.0536193029489179,0.002794450847432,373.0,341.25461513968185,
50,2,4,32,12.0,0.0321715817693507,0.0611136257648468,373.0,341.25461513968185,
50,3,15,33,1.0,0.0026809651474458,0.0611134134232997,373.0,341.25461513968185,
50,4,16,33,0.0,0.0,0.0611133053898811,373.0,341.25461513968185,
50,5,5,42,9.0,0.024128686327013,0.0611133798956871,373.0,341.25461513968185,
50,6,1,53,11.0,0.0294906166219048,0.0611134208738803,373.0,341.25461513968185,
50,7,1,56,3.0,0.0080428954423376,0.0611134581267833,373.0,341.25461513968185,
50,8,5,87,31.0,0.0831099195708227,0.0611133575439453,373.0,341.25461513968185,
50,9,16,87,0.0,0.0,0.061113204807043,373.0,341.25461513968185,
50,10,5,208,121.0,0.3243967828409533,0.0611132904887199,373.0,341.25461513968185,
50,11,1,241,33.0,0.0884718498657145,0.0611134022474288,373.0,341.25461513968185,
50,12,16,241,0.0,0.0,0.0611133947968483,373.0,341.25461513968185,
50,13,5,243,2.0,0.0053619302948917,0.0611136108636856,373.0,341.25461513968185,
50,14,5,245,2.0,0.0053619302948917,0.0611136481165885,373.0,341.25461513968185,
50,15,5,247,2.0,0.0053619302948917,0.0611135885119438,373.0,341.25461513968185,
50,16,4,247,0.0,0.0,0.0076733832247555,373.0,341.25461513968185,
50,17,5,254,7.0,0.0187667560321212,0.0076733944006264,373.0,341.25461513968185,
50,18,7,259,5.0,0.0134048257372294,0.0076734777539968,373.0,341.25461513968185,
50,19,16,352,93.0,0.2493297587124683,0.0076737566851079,373.0,341.25461513968185,
50,20,9,352,0.0,0.0,0.0076735606417059,373.0,341.25461513968185,
50,21,16,360,8.0,0.0214477211795671,0.0076737045310437,373.0,341.25461513968185,
50,22,10,373,13.0,0.0348525469167966,0.0076734963804483,373.0,341.25461513968185,871.5280151367188
