SeqOrder,Step,sourceID,timediff,true_proportion,predicted_proportion,true_total_time,predicted_total_time,predicted_time_increment,predicted_cumulative_time
0,0,11,0,0.0,0.0452089,339,362.3468,16.38130032598877,16.38130032598877
0,1,4,4,0.0008501594048882,0.03202718,339,362.3468,11.604946242321779,27.98624656831055
0,2,5,13,0.0027630180658867,0.03202718,339,362.3468,11.604946242321779,39.59119281063233
0,3,5,14,0.0029755579171088,0.032027163,339,362.3468,11.604940082426147,51.196132893058476
0,4,5,28,0.0059511158342176,0.032027125,339,362.3468,11.60492631324768,62.80105920630616
0,5,0,28,0.0059511158342176,0.032027125,339,362.3468,11.60492631324768,74.40598551955384
0,6,1,36,0.0076514346439941,0.03202712,339,362.3468,11.604924501513672,86.0109100210675
0,7,1,45,0.0095642933049926,0.03202714,339,362.3468,11.604931748449708,97.61584176951722
0,8,1,106,0.0225292242295382,0.03202718,339,362.3468,11.604946242321779,109.22078801183899
0,9,5,140,0.0297555791710882,0.032027174,339,362.3468,11.604944068240966,120.82573208007996
0,10,1,195,0.0414452709883014,0.032027196,339,362.3468,11.604952039870605,132.43068411995057
0,11,4,269,0.0571732199787338,0.053309362,339,362.3468,19.316476824449463,151.74716094440004
0,12,5,270,0.0573857598299559,0.053309172,339,362.3468,19.31640797855713,171.06356892295716
0,13,5,276,0.0586609989372882,0.05330907,339,362.3468,19.31637101918335,190.3799399421405
0,14,4,276,0.0586609989372882,0.03799372,339,362.3468,13.766902928881837,204.14684287102236
0,15,5,278,0.0590860786397323,0.03799372,339,362.3468,13.766902928881837,217.91374579990418
0,16,0,279,0.0592986184909544,0.037993796,339,362.3468,13.76693046723877,231.68067626714296
0,17,8,279,0.0592986184909544,0.037993684,339,362.3468,13.766889884396972,245.44756615153992
0,18,4,279,0.0592986184909544,0.03754263,339,362.3468,13.603451910076904,259.05101806161684
0,19,5,285,0.0605738575982868,0.03754265,339,362.3468,13.603459157012939,272.6544772186298
0,20,0,315,0.0669500531349485,0.037542757,339,362.3468,13.603497928120728,286.2579751467505
0,21,0,315,0.0669500531349485,0.03754282,339,362.3468,13.603520755969237,299.86149590271975
0,22,9,315,0.0669500531349485,0.03754272,339,362.3468,13.603484521289063,313.4649804240088
0,23,0,321,0.0682252922422809,0.037542775,339,362.3468,13.60350445036316,327.06848487437196
0,24,10,339,0.0720510095642779,0.037542593,339,362.3468,13.603438503245238,340.6719233776172
1,0,11,0,0.0,0.047070388,344,316.3114,14.888900391177245,14.888900391177245
1,1,4,34,0.0083558613910031,0.036863644,344,316.3114,11.660390893141114,26.549291284318357
1,2,5,45,0.0110592283116217,0.036863655,344,316.3114,11.660394372566529,38.209685656884886
1,3,5,56,0.0137625952322404,0.036863644,344,316.3114,11.660390893141114,49.870076550026
1,4,0,56,0.0137625952322404,0.036863644,344,316.3114,11.660390893141114,61.53046744316712
1,5,1,69,0.0169574834111533,0.03686361,344,316.3114,11.660380138553466,73.19084758172059
1,6,1,71,0.0174490046694476,0.03686359,344,316.3114,11.66037381232544,84.85122139404602
1,7,5,190,0.0466945195379585,0.03686359,344,316.3114,11.66037381232544,96.51159520637147
1,8,1,204,0.0501351683460186,0.036863636,344,316.3114,11.660388362649902,108.17198356902136
1,9,4,277,0.0680756942737606,0.061945148,344,316.3114,19.59395657177783,127.76594014079919
1,10,5,283,0.0695502580486435,0.061945163,344,316.3114,19.59396131644885,147.35990145724804
1,11,0,285,0.0700417793069378,0.061945472,344,316.3114,19.594059056671874,166.95396051391992
1,12,8,285,0.0700417793069378,0.06194484,344,316.3114,19.593859147866212,186.54781966178612
1,13,4,285,0.0700417793069378,0.0477287,344,316.3114,15.097131982434082,201.6449516442202
1,14,5,291,0.0715163430818207,0.04772871,344,316.3114,15.097135145548096,216.7420867897683
1,15,0,322,0.0791349225853823,0.047728814,344,316.3114,15.097168041933838,231.83925483170214
1,16,0,323,0.0793806832145295,0.047728803,344,316.3114,15.097164562508423,246.93641939421056
1,17,9,323,0.0793806832145295,0.04772862,344,316.3114,15.097106677521973,262.0335260717325
1,18,0,326,0.0801179651019709,0.047728743,344,316.3114,15.09714558382434,277.1306716555569
1,19,10,344,0.0845416564266196,0.04772862,344,316.3114,15.097106677521973,292.22777833307885
2,0,11,0,0.0,0.03252828,692,360.9967,11.742601870092773,11.742601870092773
2,1,4,7,0.0004797149122806,0.024805764,692,360.9967,8.954799046721192,20.697400916813965
2,2,5,18,0.0012335526315788,0.024805764,692,360.9967,8.954799046721192,29.652199963535157
2,3,5,30,0.0020559210526314,0.02480575,692,360.9967,8.954793992767334,38.60699395630249
2,4,0,30,0.0020559210526314,0.02480575,692,360.9967,8.954793992767334,47.561787949069824
2,5,1,39,0.0026726973684208,0.024805726,692,360.9967,8.954785328846436,56.51657327791626
2,6,1,44,0.0030153508771927,0.024805726,692,360.9967,8.954785328846436,65.47135860676269
2,7,1,366,0.0250822368421035,0.02480575,692,360.9967,8.954793992767334,74.42615259953003
2,8,5,445,0.0304961622806996,0.02480575,692,360.9967,8.954793992767334,83.38094659229736
2,9,5,446,0.030564692982454,0.024805764,692,360.9967,8.954799046721192,92.33574563901855
2,10,1,556,0.0381030701754359,0.024805788,692,360.9967,8.95480771064209,101.29055334966064
2,11,4,578,0.0396107456140323,0.00043275752,692,360.9967,0.15622403839516602,101.4467773880558
2,12,5,581,0.0398163377192955,0.00043275792,692,360.9967,0.15622418279384764,101.60300157084966
2,13,4,605,0.0414610745614006,0.04425674,692,360.9967,15.976537274279787,117.57953884512945
2,14,5,609,0.0417351973684181,0.044256497,692,360.9967,15.976449552080688,133.55598839721014
2,15,4,609,0.0417351973684181,0.038413744,692,360.9967,13.867234976201171,147.4232233734113
2,16,5,611,0.0418722587719269,0.038413744,692,360.9967,13.867234976201171,161.29045834961246
2,17,4,611,0.0418722587719269,0.035616532,692,360.9967,12.857450663527832,174.1479090131403
2,18,5,613,0.0420093201754357,0.03561651,692,360.9967,12.857442721600341,187.00535173474066
2,19,4,613,0.0420093201754357,0.037059095,692,360.9967,13.378211151986694,200.38356288672733
2,20,5,616,0.0422149122806988,0.037059147,692,360.9967,13.378229923815308,213.76179281054266
2,21,0,624,0.0427631578947339,0.03705929,692,360.9967,13.378281546343995,227.14007435688666
2,22,8,624,0.0427631578947339,0.037059166,692,360.9967,13.378236782752685,240.51831113963934
2,23,4,624,0.0427631578947339,0.036458153,692,360.9967,13.161273070630493,253.6795842102698
2,24,5,630,0.0431743421052602,0.03645808,692,360.9967,13.161246717871093,266.8408309281409
2,25,0,668,0.0457785087719266,0.036458094,692,360.9967,13.161251771824952,280.00208269996585
2,26,0,669,0.045847039473681,0.03645808,692,360.9967,13.161246717871093,293.16332941783696
2,27,9,669,0.045847039473681,0.036457952,692,360.9967,13.16120051029297,306.32452992812995
2,28,0,673,0.0461211622806985,0.036458112,692,360.9967,13.161258269765625,319.48578819789554
2,29,2,692,0.0474232456140318,0.036458094,692,360.9967,13.161251771824952,332.6470399697205
2,30,10,692,0.0474232456140318,0.036457952,692,360.9967,13.16120051029297,345.80824048001347
3,0,11,0,0.0,0.038750798,315,342.54883,13.274040443808595,13.274040443808595
3,1,4,22,0.0045370179418427,0.028689802,315,342.54883,9.827658054238281,23.101698498046876
3,2,5,31,0.0063930707362329,0.028689789,315,342.54883,9.827653601103515,32.92935209915039
3,3,5,58,0.0119612291194035,0.028689776,315,342.54883,9.82764914796875,42.75700124711914
3,4,0,58,0.0119612291194035,0.028689789,315,342.54883,9.827653601103515,52.584654848222655
3,5,1,63,0.0129923695607314,0.02868974,315,342.54883,9.827636816210937,62.412291664433596
3,6,5,233,0.0480511445658799,0.02868972,315,342.54883,9.827629965234374,72.23992162966796
3,7,1,245,0.0505258816250669,0.028689757,315,342.54883,9.827642639541015,82.06756426920899
3,8,0,245,0.0505258816250669,0.028689789,315,342.54883,9.827653601103515,91.89521787031249
3,9,4,246,0.0507321097133324,0.048269983,315,342.54883,16.534826110263673,108.43004398057617
3,10,5,249,0.0513507939781292,0.04827,315,342.54883,16.53483193359375,124.96487591416992
3,11,0,250,0.0515570220663948,0.048270307,315,342.54883,16.534937096083983,141.4998130102539
3,12,8,250,0.0515570220663948,0.048269674,315,342.54883,16.53472026267578,158.03453327292968
3,13,4,250,0.0515570220663948,0.05496584,315,342.54883,18.82848407890625,176.86301735183594
3,14,5,256,0.0527943905959882,0.05496575,315,342.54883,18.828453249511718,195.69147060134765
3,15,0,294,0.0606310579500802,0.054966073,315,342.54883,18.8285638927832,214.52003449413084
3,16,0,294,0.0606310579500802,0.054966047,315,342.54883,18.82855498651367,233.34858948064453
3,17,0,295,0.0608372860383458,0.05496597,315,342.54883,18.82852861025391,252.17711809089843
3,18,9,295,0.0608372860383458,0.05496537,315,342.54883,18.82832308095703,271.00544117185547
3,19,0,299,0.0616621983914081,0.05496609,315,342.54883,18.828569716113282,289.83401088796876
3,20,4,300,0.0618684264796737,0.032544143,315,342.54883,11.14795804698242,300.98196893495117
3,21,5,301,0.0620746545679393,0.032544173,315,342.54883,11.147968323447266,312.1299372583984
3,22,10,315,0.0649618478036574,0.03254413,315,342.54883,11.147953593847655,323.27789085224606
4,0,11,0,0.0,0.022914829,278,376.6577,8.631047127175293,8.631047127175293
4,1,4,4,0.0008385744234799,0.021950686,278,376.6577,8.267895228012696,16.89894235518799
4,2,5,12,0.0025157232704397,0.021950692,278,376.6577,8.267897487958985,25.166839843146974
4,3,1,23,0.0048218029350094,0.021950692,278,376.6577,8.267897487958985,33.43473733110596
4,4,5,30,0.0062893081760993,0.021950655,278,376.6577,8.267883551623536,41.70262088272949
4,5,0,30,0.0062893081760993,0.02195065,278,376.6577,8.26788166833496,49.970502551064456
4,6,5,149,0.0312368972746265,0.021950614,278,376.6577,8.267868108657227,58.23837065972168
4,7,4,150,0.0314465408804965,0.036828566,278,376.6577,13.871763510532226,72.1101341702539
4,8,5,150,0.0314465408804965,0.036828727,278,376.6577,13.871824152424315,85.98195832267822
4,9,1,170,0.035639412997896,0.036829155,278,376.6577,13.87198536192627,99.85394368460449
4,10,0,170,0.035639412997896,0.036829278,278,376.6577,13.872031690825196,113.72597537542968
4,11,4,171,0.035849056603766,0.036819912,278,376.6577,13.86850391466797,127.59447929009767
4,12,5,174,0.036477987421376,0.03681976,278,376.6577,13.868446662695312,141.46292595279297
4,13,4,174,0.036477987421376,0.03924156,278,376.6577,14.780636316503907,156.2435622692969
4,14,5,176,0.0368972746331159,0.039241523,278,376.6577,14.780622380168458,171.02418464946533
4,15,4,181,0.0379454926624658,0.03949679,278,376.6577,14.876770665063475,185.9009553145288
4,16,5,183,0.0383647798742057,0.03949679,278,376.6577,14.876770665063475,200.77772597959228
4,17,0,184,0.0385744234800757,0.039496906,278,376.6577,14.876814357358398,215.65454033695067
4,18,8,184,0.0385744234800757,0.03949665,278,376.6577,14.876717932983398,230.53125826993409
4,19,4,184,0.0385744234800757,0.04016203,278,376.6577,15.127338443286133,245.65859671322022
4,20,5,190,0.0398322851152956,0.04016211,278,376.6577,15.12736857590332,260.7859652891235
4,21,0,252,0.0528301886792342,0.040162433,278,376.6577,15.127490236345214,275.91345552546875
4,22,0,252,0.0528301886792342,0.04016251,278,376.6577,15.127519238989258,291.040974764458
4,23,0,253,0.0530398322851041,0.040162425,278,376.6577,15.127487223083497,306.1684619875415
4,24,9,253,0.0530398322851041,0.040161993,278,376.6577,15.127324506950684,321.2957864944922
4,25,0,263,0.0551362683438039,0.040162098,278,376.6577,15.127364056010743,336.42315055050295
4,26,4,264,0.0553459119496739,0.022775598,278,376.6577,8.578604696879884,345.0017552473828
4,27,5,266,0.0557651991614138,0.022775602,278,376.6577,8.578606203510741,353.5803614508936
4,28,10,278,0.0582809224318536,0.022775581,278,376.6577,8.57859829369873,362.15895974459227
5,0,11,0,0.0,0.038512725,267,312.95795,12.052863340800476,12.052863340800476
5,1,4,8,0.0021470746108421,0.03838893,267,312.95795,12.014120711779176,24.066984052579652
5,2,5,15,0.004025764895329,0.03838892,267,312.95795,12.014117582199708,36.08110163477936
5,3,1,37,0.0099302200751449,0.038388938,267,312.95795,12.014123215442748,48.09522485022211
5,4,5,44,0.0118089103596318,0.038388845,267,312.95795,12.014094110353698,60.109318960575806
5,5,0,44,0.0118089103596318,0.038388845,267,312.95795,12.014094110353698,72.1234130709295
5,6,0,160,0.042941492216843,0.03838883,267,312.95795,12.014089415984497,84.137502486914
5,7,0,161,0.0432098765431982,0.038388867,267,312.95795,12.014100995428528,96.15160348234252
5,8,9,161,0.0432098765431982,0.03838881,267,312.95795,12.014083156825562,108.16568663916809
5,9,4,220,0.0590445517981591,0.00074281136,267,312.95795,0.23246871806848632,108.39815535723658
5,10,5,221,0.0593129361245144,0.00074281316,267,312.95795,0.23246928139279052,108.63062463862937
5,11,5,232,0.0622651637144223,0.00074281316,267,312.95795,0.23246928139279052,108.86309392002215
5,12,4,232,0.0622651637144223,0.064796604,267,312.95795,20.278612145984617,129.14170606600678
5,13,5,233,0.0625335480407776,0.06479631,267,312.95795,20.278520136348266,149.42022620235505
5,14,4,233,0.0625335480407776,0.06477932,267,312.95795,20.27320298083252,169.69342918318756
5,15,5,239,0.0641438539989092,0.0647789,267,312.95795,20.27307153849487,189.96650072168242
5,16,0,240,0.0644122383252645,0.064779215,267,312.95795,20.273170120248107,210.23967084193055
5,17,8,240,0.0644122383252645,0.06477801,267,312.95795,20.27279300592224,230.51246384785279
5,18,4,240,0.0644122383252645,0.046146855,267,312.95795,14.442024991031799,244.95448883888457
5,19,5,246,0.0660225442833961,0.046146866,267,312.95795,14.442028433569215,259.3965172724538
5,20,0,253,0.067901234567883,0.04614704,267,312.95795,14.442082888251953,273.83860016070577
5,21,10,267,0.0716586151368567,0.046146963,267,312.95795,14.442058790490051,288.2806589511958
6,0,11,0,0.0,0.04177091,211,310.3053,12.96173466908081,12.96173466908081
6,1,4,7,0.0024621878297564,0.029757384,211,310.3053,9.233873905403321,22.195608574484133
6,2,5,17,0.0059795990151227,0.029757392,211,310.3053,9.233876387845703,31.429484962329834
6,3,5,39,0.0137179036229286,0.029757384,211,310.3053,9.233873905403321,40.66335886773315
6,4,0,39,0.0137179036229286,0.029757384,211,310.3053,9.233873905403321,49.89723277313648
6,5,5,123,0.0432641575800058,0.02975734,211,310.3053,9.233860251970215,59.13109302510669
6,6,1,133,0.0467815687653722,0.02975734,211,310.3053,9.233860251970215,68.3649532770769
6,7,0,134,0.0471333098839088,0.029757367,211,310.3053,9.233868630213257,77.59882190729016
6,8,4,137,0.0481885332395187,0.0005719511,211,310.3053,0.1774794564420288,77.77630136373219
6,9,5,139,0.048892015476592,0.0005719511,211,310.3053,0.1774794564420288,77.95378082017422
6,10,4,145,0.0510024621878118,0.057526145,211,310.3053,17.850667558477173,95.80444837865139
6,11,5,146,0.0513542033063484,0.05752598,211,310.3053,17.850616358103025,113.65506473675441
6,12,0,147,0.051705944424885,0.057526104,211,310.3053,17.85065483595996,131.50571957271438
6,13,8,147,0.051705944424885,0.057525475,211,310.3053,17.85045965392761,149.35617922664198
6,14,4,147,0.051705944424885,0.057254583,211,310.3053,17.766400431182007,167.122579657824
6,15,5,153,0.0538163911361048,0.057254527,211,310.3053,17.766383054085328,184.88896271190933
6,16,0,191,0.0671825536404969,0.0572548,211,310.3053,17.766467767431642,202.65543047934096
6,17,0,191,0.0671825536404969,0.057254728,211,310.3053,17.766445425450193,220.42187590479116
6,18,9,191,0.0671825536404969,0.05725421,211,310.3053,17.76628468730591,238.18816059209706
6,19,0,195,0.0685895181146434,0.057254784,211,310.3053,17.766462802546876,255.95462339464393
6,20,2,211,0.0742173760112296,0.05725488,211,310.3053,17.76649259185547,273.7211159864994
6,21,10,211,0.0742173760112296,0.057254635,211,310.3053,17.766416567057494,291.4875325535569
7,0,11,0,0.0,0.038475636,174,355.06006,13.661161572591798,13.661161572591798
7,1,4,4,0.0011201344161296,0.021503119,174,355.06006,7.634898692088379,21.29606026468018
7,2,5,11,0.0030803696443564,0.021503102,174,355.06006,7.634892656067382,28.930952920747558
7,3,1,21,0.0058807056846805,0.021503123,174,355.06006,7.634900112328613,36.56585303307617
7,4,5,28,0.0078409409129073,0.021503083,174,355.06006,7.634885909926269,44.20073894300244
7,5,0,28,0.0078409409129073,0.021503083,174,355.06006,7.634885909926269,51.83562485292871
7,6,4,69,0.0193223186782359,0.034052864,174,355.06006,12.090811887125001,63.92643674005372
7,7,5,70,0.0196023522822683,0.034052905,174,355.06006,12.090826444587403,76.01726318464111
7,8,5,80,0.0224026883225924,0.034053095,174,355.06006,12.090893905998534,88.10815709063965
7,9,5,81,0.0226827219266248,0.03405325,174,355.06006,12.090948940307618,100.19910603094726
7,10,1,100,0.0280033604032405,0.03405356,174,355.06006,12.09105900892578,112.29016503987305
7,11,0,100,0.0280033604032405,0.034053575,174,355.06006,12.091064334826662,124.38122937469971
7,12,4,101,0.0282833940072729,0.034040708,174,355.06006,12.086495777052736,136.46772515175246
7,13,5,106,0.0296835620274349,0.03404058,174,355.06006,12.086450329365235,148.55417548111768
7,14,4,106,0.0296835620274349,0.03222944,174,355.06006,11.44338685484375,159.99756233596142
7,15,5,108,0.0302436292354997,0.032229427,174,355.06006,11.443382239062988,171.44094457502442
7,16,0,109,0.0305236628395321,0.032229546,174,355.06006,11.44342449120996,182.88436906623437
7,17,8,109,0.0305236628395321,0.03222932,174,355.06006,11.443344247636718,194.3277133138711
7,18,4,109,0.0305236628395321,0.032605965,174,355.06006,11.577075843405762,205.90478915727687
7,19,5,115,0.0322038644637266,0.032605965,174,355.06006,11.577075843405762,217.48186500068263
7,20,0,139,0.0389246709605043,0.03260618,174,355.06006,11.57715218131836,229.05901718200099
7,21,0,139,0.0389246709605043,0.032606274,174,355.06006,11.577185556963867,240.63620273896484
7,22,0,140,0.0392047045645367,0.032606322,174,355.06006,11.57720259984668,252.21340533881153
7,23,9,140,0.0392047045645367,0.032606024,174,355.06006,11.577096791949218,263.79050213076073
7,24,0,144,0.0403248389806663,0.032606166,174,355.06006,11.57714721047754,275.3676493412383
7,25,4,146,0.0408849061887312,0.02047937,174,355.06006,7.271406312163086,282.6390556534014
7,26,0,148,0.041444973396796,0.020479385,174,355.06006,7.271411638063965,289.91046729146535
7,27,5,148,0.041444973396796,0.020479375,174,355.06006,7.271408087463379,297.18187537892874
7,28,4,153,0.042845141416958,0.021761026,174,355.06006,7.726471166620117,304.90834654554885
7,29,5,155,0.0434052086250228,0.021761037,174,355.06006,7.726475072280762,312.6348216178296
7,30,0,156,0.0436852422290552,0.021761062,174,355.06006,7.726483948782227,320.3613055666118
7,31,0,160,0.0448053766451848,0.021761078,174,355.06006,7.726489629743164,328.087795196355
7,32,2,174,0.0487258471016385,0.021761091,174,355.06006,7.726494245523925,335.8142894418789
7,33,10,174,0.0487258471016385,0.021761071,174,355.06006,7.726487144322754,343.5407765862017
8,0,11,0,0.0,0.028392239,236,376.10425,10.678441699462159,10.678441699462159
8,1,4,7,0.0019412090959506,0.027298722,236,376.10425,10.267165310450684,20.94560700991284
8,2,5,15,0.0041597337770371,0.027298728,236,376.10425,10.267167567076172,31.212774576989013
8,3,1,19,0.0052689961175803,0.027298734,236,376.10425,10.26716982370166,41.47994440069068
8,4,5,27,0.0074875207986668,0.027298668,236,376.10425,10.267145000821289,51.747089401511964
8,5,0,27,0.0074875207986668,0.027298678,236,376.10425,10.26714876186377,62.01423816337574
8,6,1,54,0.0149750415973336,0.027298657,236,376.10425,10.26714086367456,72.28137902705029
8,7,0,54,0.0149750415973336,0.027298683,236,376.10425,10.26715064238501,82.54852966943531
8,8,4,124,0.0343871325568401,0.04564389,236,376.10425,17.166860926384278,99.71539059581958
8,9,5,125,0.0346644481419759,0.045644052,236,376.10425,17.16692185527246,116.88231245109205
8,10,5,136,0.0377149195784698,0.045644138,236,376.10425,17.166954200237793,134.04926665132984
8,11,1,138,0.0382695507487414,0.04564442,236,376.10425,17.16706026163574,151.21632691296557
8,12,0,138,0.0382695507487414,0.0456444,236,376.10425,17.167052739550783,168.38337965251637
8,13,4,157,0.0435385468663218,0.04563823,236,376.10425,17.164732176340333,185.5481118288567
8,14,5,162,0.0449251247920008,0.04563802,236,376.10425,17.164653194448242,202.71276502330494
8,15,4,176,0.0488075429839021,0.034120705,236,376.10425,12.832942096854248,215.5457071201592
8,16,5,178,0.0493621741541737,0.034120694,236,376.10425,12.83293795970752,228.37864507986671
8,17,0,179,0.0496394897393095,0.034120757,236,376.10425,12.832961654275147,241.21160673414184
8,18,8,179,0.0496394897393095,0.034120627,236,376.10425,12.8329127607229,254.04451949486474
8,19,4,179,0.0496394897393095,0.034387585,236,376.10425,12.933316798572998,266.97783629343775
8,20,5,185,0.0513033832501244,0.034387633,236,376.10425,12.933334851576905,279.91117114501463
8,21,0,218,0.060454797559606,0.03438778,236,376.10425,12.933390138901368,292.844561283916
8,22,0,218,0.060454797559606,0.034387786,236,376.10425,12.933392395526853,305.7779536794429
8,23,9,218,0.060454797559606,0.0343876,236,376.10425,12.933322440136719,318.71127611957957
8,24,0,221,0.0612867443150135,0.034387648,236,376.10425,12.933340493140625,331.6446166127202
8,25,2,236,0.0654464780920506,0.034387514,236,376.10425,12.933290095171387,344.5779067078916
8,26,10,236,0.0654464780920506,0.03438737,236,376.10425,12.933235936159669,357.5111426440513
9,0,11,0,0.0,0.049092535,248,316.99585,15.562129841802978,15.562129841802978
9,1,4,5,0.0014052838673408,0.035399947,248,316.99585,11.221636275391846,26.783766117194823
9,2,5,15,0.0042158516020224,0.03539996,248,316.99585,11.221640396337891,38.00540651353272
9,3,5,30,0.0084317032040448,0.03539993,248,316.99585,11.221630886462403,49.22703739999512
9,4,0,30,0.0084317032040448,0.03539993,248,316.99585,11.221630886462403,60.44866828645752
9,5,1,39,0.0109612141652583,0.035399873,248,316.99585,11.221612817698974,71.6702811041565
9,6,0,39,0.0109612141652583,0.035399888,248,316.99585,11.221617572636719,82.89189867679322
9,7,1,47,0.0132096683530035,0.035399906,248,316.99585,11.221623278562012,94.11352195535522
9,8,5,175,0.0491849353569282,0.03539992,248,316.99585,11.221627716503907,105.33514967185913
9,9,1,189,0.0531197301854825,0.03539996,248,316.99585,11.221640396337891,116.55679006819702
9,10,0,189,0.0531197301854825,0.035399973,248,316.99585,11.221644517283936,127.77843458548097
9,11,4,189,0.0531197301854825,0.0006749467,248,316.99585,0.21395530260754395,127.99238988808851
9,12,5,193,0.0542439572793551,0.0006749477,248,316.99585,0.21395561960339354,128.2063455076919
9,13,0,194,0.0545250140528233,0.00067494385,248,316.99585,0.21395439916937256,128.42029990686126
9,14,8,194,0.0545250140528233,0.00067495025,248,316.99585,0.21395642794281006,128.6342563348041
9,15,4,194,0.0545250140528233,0.06715266,248,316.99585,21.287114510229493,149.92137084503358
9,16,5,200,0.0562113546936323,0.06715262,248,316.99585,21.287101830395507,171.20847267542908
9,17,0,228,0.0640809443507408,0.06715291,248,316.99585,21.287193759191894,192.49566643462097
9,18,0,229,0.064362001124209,0.06715278,248,316.99585,21.287152549731445,213.78281898435242
9,19,9,229,0.064362001124209,0.06715224,248,316.99585,21.286981371972658,235.0698003563251
9,20,0,233,0.0654862282180816,0.06715313,248,316.99585,21.28726349827881,256.3570638546039
9,21,4,234,0.0657672849915498,0.040362332,248,316.99585,12.794691724555664,269.15175557915956
9,22,5,235,0.0660483417650179,0.040362332,248,316.99585,12.794691724555664,281.9464473037152
9,23,10,248,0.069702079820104,0.040362258,248,316.99585,12.794668266862793,294.741115570578
10,0,11,0,0.0,0.023136918,217,366.85364,8.487862533358154,8.487862533358154
10,1,4,2,0.0006842285323295,0.022371784,217,366.85364,8.20717034213379,16.695032875491943
10,2,5,9,0.003079028395483,0.022371784,217,366.85364,8.20717034213379,24.902203217625733
10,3,5,10,0.0034211426616478,0.022371767,217,366.85364,8.207164105621949,33.10936732324768
10,4,1,18,0.006158056790966,0.022371762,217,366.85364,8.20716227135376,41.31652959460144
10,5,5,25,0.0085528566541195,0.02237171,217,366.85364,8.2071431949646,49.52367278956604
10,6,0,25,0.0085528566541195,0.022371732,217,366.85364,8.207151265744628,57.73082405531067
10,7,4,106,0.0362641122134669,0.03784779,217,366.85364,13.884599440228271,71.61542349553893
10,8,5,106,0.0362641122134669,0.037847936,217,366.85364,13.884653000859375,85.50007649639832
10,9,5,117,0.0400273691412794,0.037848134,217,366.85364,13.884725637879638,99.38480213427795
10,10,4,117,0.0400273691412794,0.037834454,217,366.85364,13.879707080115965,113.26450921439391
10,11,5,118,0.0403694834074442,0.03783435,217,366.85364,13.879668927337647,127.14417814173157
10,12,1,120,0.0410537119397738,0.037834547,217,366.85364,13.879741197504273,141.02391933923585
10,13,0,121,0.0413958262059386,0.037834518,217,366.85364,13.87973055874878,154.90364989798462
10,14,4,122,0.0417379404721034,0.037829522,217,366.85364,13.877897757974852,168.78154765595946
10,15,5,125,0.0427642832705977,0.037829343,217,366.85364,13.877832091173707,182.6593797471332
10,16,4,125,0.0427642832705977,0.042360056,217,366.85364,15.539940636577148,198.19932038371033
10,17,5,127,0.0434485118029273,0.042359926,217,366.85364,15.539892945604247,213.73921332931457
10,18,0,128,0.0437906260690921,0.04236018,217,366.85364,15.539986126428222,229.2791994557428
10,19,8,128,0.0437906260690921,0.042359777,217,366.85364,15.539838284412232,244.819037740155
10,20,4,128,0.0437906260690921,0.041654088,217,366.85364,15.280953707680665,260.0999914478357
10,21,5,134,0.0458433116660807,0.041654218,217,366.85364,15.281001398653565,275.3809928464893
10,22,0,197,0.067396510434462,0.041654557,217,366.85364,15.281125762036744,290.662118608526
10,23,0,198,0.0677386247006268,0.041654456,217,366.85364,15.281088709819336,305.94320731834534
10,24,9,198,0.0677386247006268,0.04165377,217,366.85364,15.280837048223876,321.2240443665692
10,25,0,202,0.0691070817652859,0.0416541,217,366.85364,15.280958109924317,336.50500247649353
10,26,10,217,0.0742387957577577,0.041653484,217,366.85364,15.280732128083494,351.78573460457704
11,0,11,0,0.0,0.069323614,302,320.11423,22.19147512890143,22.19147512890143
11,1,4,4,0.000949667616334,0.037454326,302,320.11423,11.989662626342103,34.18113775524353
11,2,5,12,0.0028490028490021,0.03745432,302,320.11423,11.989660705656737,46.17079846090027
11,3,5,13,0.0030864197530856,0.037454303,302,320.11423,11.989655263714875,58.160453724615145
11,4,1,25,0.0059354226020878,0.03745428,302,320.11423,11.989647901087647,70.15010162570279
11,5,5,34,0.0080721747388394,0.037454203,302,320.11423,11.989623252292144,82.13972487799494
11,6,0,34,0.0080721747388394,0.037454247,302,320.11423,11.989637337318147,94.12936221531308
11,7,1,74,0.01756885090218,0.037454266,302,320.11423,11.989643419488464,106.11900563480155
11,8,0,74,0.01756885090218,0.037454326,302,320.11423,11.989662626342103,118.10866826114365
11,9,5,168,0.0398860398860304,0.03745432,302,320.11423,11.989660705656737,130.09832896680038
11,10,4,168,0.0398860398860304,0.0007035127,302,320.11423,0.2252044243526642,130.32353339115306
11,11,1,178,0.0422602089268655,0.00070351135,302,320.11423,0.22520399219845733,130.54873738335152
11,12,0,178,0.0422602089268655,0.0007035103,302,320.11423,0.22520365607851867,130.77394103943004
11,13,4,219,0.0519943019942896,0.00070389523,302,320.11423,0.2253268776480313,130.99926791707807
11,14,5,224,0.0531813865147072,0.0007038955,302,320.11423,0.22532696407887268,131.22459488115692
11,15,4,224,0.0531813865147072,0.046807192,302,320.11423,14.983648098925048,146.208242980082
11,16,5,227,0.0538936372269577,0.04680717,302,320.11423,14.983641056412049,161.19188403649403
11,17,0,228,0.0541310541310412,0.046807237,302,320.11423,14.983662504065277,176.1755465405593
11,18,8,228,0.0541310541310412,0.04680708,302,320.11423,14.983612246131592,191.1591587866909
11,19,4,228,0.0541310541310412,0.047289055,302,320.11423,15.137899300832062,206.29705808752297
11,20,5,234,0.0555555555555423,0.047289107,302,320.11423,15.13791594677188,221.43497403429484
11,21,0,282,0.066951566951551,0.047289323,302,320.11423,15.137985091444977,236.57295912573983
11,22,0,283,0.0671889838556345,0.047289334,302,320.11423,15.137988612701477,251.7109477384413
11,23,9,283,0.0671889838556345,0.047289096,302,320.11423,15.137912425515381,266.84886016395666
11,24,0,288,0.0683760683760521,0.04728914,302,320.11423,15.137926510541382,281.98678667449803
11,25,10,302,0.0716999050332213,0.047288828,302,320.11423,15.137826634902465,297.1246133094005
12,0,11,0,0.0,0.039851017,635,351.39172,14.003317552150513,14.003317552150513
12,1,4,12,0.0009771986970683,0.02870937,635,351.39172,10.088235008712159,24.091552560862674
12,2,5,22,0.0017915309446252,0.02870937,635,351.39172,10.088235008712159,34.17978756957483
12,3,5,31,0.0025244299674265,0.028709358,635,351.39172,10.088230792011474,44.26801836158631
12,4,0,31,0.0025244299674265,0.02870935,635,351.39172,10.088227980877686,54.35624634246399
12,5,1,61,0.0049674267100973,0.028709328,635,351.39172,10.088220250259765,64.44446659272376
12,6,0,61,0.0049674267100973,0.028709315,635,351.39172,10.088215682167359,74.53268227489112
12,7,1,69,0.0056188925081428,0.028709328,635,351.39172,10.088220250259765,84.62090252515088
12,8,4,568,0.046254071661234,0.00053531607,635,351.39172,0.18810563652564333,84.80900816167653
12,9,5,569,0.0463355048859897,0.00053531665,635,351.39172,0.188105840332843,84.99711400200937
12,10,5,579,0.0471498371335466,0.00053531636,635,351.39172,0.18810573842924314,85.18521974043861
12,11,1,582,0.0473941368078137,0.00053531356,635,351.39172,0.18810475453241698,85.37332449497103
12,12,0,583,0.0474755700325694,0.0005353133,635,351.39172,0.18810466317056887,85.56142915814159
12,13,4,583,0.0474755700325694,0.048287738,635,351.39172,16.967911486149656,102.52934064429125
12,14,5,586,0.0477198697068365,0.048287556,635,351.39172,16.96784753285596,119.49718817714721
12,15,0,587,0.0478013029315921,0.048287753,635,351.39172,16.967916757025513,136.46510493417273
12,16,8,587,0.0478013029315921,0.048287075,635,351.39172,16.96767851343689,153.4327834476096
12,17,4,587,0.0478013029315921,0.054206174,635,351.39172,19.047600913400146,172.48038436100975
12,18,5,593,0.0482899022801263,0.05420606,635,351.39172,19.04756085474365,191.52794521575342
12,19,0,614,0.0499999999999959,0.054206394,635,351.39172,19.047678219579346,210.57562343533277
12,20,0,614,0.0499999999999959,0.0542066,635,351.39172,19.047750606274413,229.62337404160718
12,21,0,615,0.0500814332247516,0.05420678,635,351.39172,19.047813856784668,248.67118789839185
12,22,9,615,0.0500814332247516,0.05420634,635,351.39172,19.04765924442627,267.7188471428181
12,23,0,619,0.0504071661237744,0.054206744,635,351.39172,19.047801206682617,286.7666483495007
12,24,4,620,0.05048859934853,0.032578006,635,351.39172,11.447641680860107,298.2142900303608
12,25,5,622,0.0506514657980414,0.03257795,635,351.39172,11.447622002923584,309.6619120332844
12,26,2,635,0.0517100977198655,0.032577958,635,351.39172,11.447624814057372,321.1095368473418
12,27,10,635,0.0517100977198655,0.032577895,635,351.39172,11.447602676378786,332.5571395237206
13,0,11,0,0.0,0.030505735,330,364.19577,11.110059655784454,11.110059655784454
13,1,4,10,0.0017391304347823,0.030301714,330,364.19577,11.03575607053949,22.145815726323946
13,2,5,18,0.0031304347826081,0.030301698,330,364.19577,11.035750243407165,33.18156596973111
13,3,1,18,0.0031304347826081,0.030301714,330,364.19577,11.03575607053949,44.2173220402706
13,4,5,28,0.0048695652173904,0.03030164,330,364.19577,11.03572912005249,55.25305116032309
13,5,0,28,0.0048695652173904,0.03030164,330,364.19577,11.03572912005249,66.28878028037558
13,6,4,123,0.0213913043478223,0.05050676,330,364.19577,18.39434836172241,84.68312864209798
13,7,5,124,0.0215652173913005,0.05050682,330,364.19577,18.39437021346863,103.07749885556662
13,8,5,134,0.0233043478260829,0.050507143,330,364.19577,18.394487848702422,121.47198670426904
13,9,1,218,0.0379130434782542,0.050507758,330,364.19577,18.394711829101134,139.86669853337017
13,10,4,248,0.0431304347826011,0.00054498157,330,364.19577,0.19847998266565522,140.06517851603584
13,11,5,250,0.0434782608695576,0.0005449829,330,364.19577,0.19848046704602967,140.26365898308185
13,12,4,258,0.0448695652173835,0.05573596,330,364.19577,20.298800883585205,160.56245986666707
13,13,5,264,0.0459130434782528,0.055735696,330,364.19577,20.298704735901858,180.86116460256892
13,14,4,264,0.0459130434782528,0.031528275,330,364.19577,11.48246439870987,192.3436290012788
13,15,5,265,0.0460869565217311,0.031528283,330,364.19577,11.48246731227603,203.8260963135548
13,16,4,265,0.0460869565217311,0.032260112,330,364.19577,11.748996338632324,215.57509265218715
13,17,5,267,0.0464347826086875,0.032260094,330,364.19577,11.74898978310846,227.32408243529562
13,18,0,268,0.0466086956521658,0.032260135,330,364.19577,11.74900471513504,239.07308715043064
13,19,8,268,0.0466086956521658,0.032260094,330,364.19577,11.74898978310846,250.8220769335391
13,20,4,268,0.0466086956521658,0.03209532,330,364.19577,11.688979789259031,262.5110567227981
13,21,5,274,0.0476521739130351,0.032095354,330,364.19577,11.688992171915222,274.20004889471335
13,22,0,306,0.0532173913043385,0.032095406,330,364.19577,11.689011110095276,285.88906000480864
13,23,0,307,0.0533913043478168,0.032095343,330,364.19577,11.68898816576175,297.5780481705704
13,24,9,307,0.0533913043478168,0.032095186,330,364.19577,11.688930987025817,309.2669791575962
13,25,0,310,0.0539130434782514,0.032095216,330,364.19577,11.688941912898926,320.95592107049515
13,26,2,330,0.0573913043478161,0.03209518,330,364.19577,11.688928801851196,332.6448498723463
13,27,10,330,0.0573913043478161,0.03209511,330,364.19577,11.688903308147278,344.3337531804936
14,0,11,0,0.0,0.028934589,296,371.8955,10.760643669500977,10.760643669500977
14,1,4,114,0.0189715426859678,0.02223677,296,371.8955,8.269754871259765,19.030398540760743
14,2,5,125,0.0208021301381226,0.022236764,296,371.8955,8.269752639886718,27.30015118064746
14,3,5,133,0.0221334664669625,0.022236755,296,371.8955,8.269749292827148,35.56990047347461
14,4,5,144,0.0239640539191173,0.02223674,296,371.8955,8.269743714394531,43.83964418786914
14,5,0,144,0.0239640539191173,0.022236735,296,371.8955,8.269741854916992,52.109386042786134
14,6,1,148,0.0246297220835372,0.022236735,296,371.8955,8.269741854916992,60.37912789770313
14,7,4,208,0.0346147445498361,0.037609387,296,371.8955,13.986762076881837,74.36588997458496
14,8,5,209,0.0347811615909411,0.03760947,296,371.8955,13.986792944208984,88.35268291879395
14,9,5,220,0.0366117490430959,0.03760961,296,371.8955,13.98684500958008,102.33952792837403
14,10,4,221,0.0367781660842009,0.037662104,296,371.8955,14.006367292367187,116.34589522074121
14,11,5,221,0.0367781660842009,0.03766205,296,371.8955,14.006347210009766,130.35224243075098
14,12,1,230,0.0382759194541457,0.037662175,296,371.8955,14.006393696948242,144.3586361276992
14,13,0,230,0.0382759194541457,0.03766216,296,371.8955,14.006388118515625,158.36502424621486
14,14,4,231,0.0384423364952507,0.037594046,296,371.8955,13.981056827896484,172.34608107411134
14,15,5,235,0.0391080046596706,0.037593912,296,371.8955,13.981006993898438,186.32708806800977
14,16,0,236,0.0392744217007756,0.037594013,296,371.8955,13.981044555344727,200.30813262335448
14,17,8,236,0.0392744217007756,0.03759358,296,371.8955,13.980883524589844,214.28901614794435
14,18,4,237,0.0394408387418806,0.043182433,296,371.8955,16.05935284911426,230.3483689970586
14,19,5,242,0.0402729239474055,0.043182444,296,371.8955,16.059356939964843,246.40772593702343
14,20,0,275,0.0457646863038699,0.043182783,296,371.8955,16.059483012541993,262.4672089495654
14,21,0,275,0.0457646863038699,0.043182928,296,371.8955,16.059536937390625,278.52674588695606
14,22,0,276,0.0459311033449748,0.043183,296,371.8955,16.05956371386719,294.58630960082326
14,23,9,276,0.0459311033449748,0.043182578,296,371.8955,16.05940677396289,310.64571637478616
14,24,0,281,0.0467631885504997,0.0431828,296,371.8955,16.059489334765626,326.70520570955176
14,25,4,282,0.0469296055916047,0.02714099,296,371.8955,10.093612258583985,336.7988179681357
14,26,5,284,0.0472624396738147,0.02714096,296,371.8955,10.09360110171875,346.8924190698545
14,27,10,296,0.0492594441670745,0.027140943,296,371.8955,10.093594779495117,356.9860138493496
15,0,11,0,0.0,0.0871089,2631,396.78226,34.563265953762816,34.563265953762816
15,1,4,18,0.0005282310130296,0.08667904,2631,396.78226,34.39270513273438,68.95597108649719
15,2,5,25,0.0007336541847634,0.08667898,2631,396.78226,34.392681325798954,103.34865241229615
15,3,5,26,0.0007630003521539,0.08667894,2631,396.78226,34.392665454508666,137.74131786680482
15,4,1,31,0.0009097311891066,0.08667892,2631,396.78226,34.39265751886353,172.13397538566835
15,5,5,38,0.0011151543608404,0.08667877,2631,396.78226,34.392598001524966,206.5265733871933
15,6,0,38,0.0011151543608404,0.08667883,2631,396.78226,34.39262180846039,240.91919519565369
15,7,0,164,0.0048127714520482,0.0866789,2631,396.78226,34.392649583218386,275.3118447788721
15,8,1,2572,0.0754783425284635,0.08667903,2631,396.78226,34.392701164911806,309.7045459437839
15,9,4,2572,0.0754783425284635,0.0018361422,2631,396.78226,0.7285486464359803,310.43309459021987
15,10,0,2572,0.0754783425284635,0.0018361267,2631,396.78226,0.7285424963109954,311.16163708653085
15,11,5,2572,0.0754783425284635,0.0018361465,2631,396.78226,0.7285503525996857,311.89018743913056
15,12,5,2584,0.07583049653715,0.00183615,2631,396.78226,0.7285517413375854,312.61873918046814
15,13,4,2584,0.07583049653715,0.0018431847,2631,396.78226,0.7313429854814666,313.35008216594963
15,14,4,2585,0.0758598427045405,0.0018439321,2631,396.78226,0.7316395405404084,314.08172170649
15,15,5,2593,0.0760946120436648,0.0018439426,2631,396.78226,0.7316437067541077,314.8133654132441
15,16,0,2612,0.0766521892240851,0.0018439444,2631,396.78226,0.7316444209621704,315.54500983420627
15,17,9,2612,0.0766521892240851,0.0018439742,2631,396.78226,0.7316562450734314,316.2766660792797
15,18,0,2616,0.0767695738936472,0.0018439583,2631,396.78226,0.7316499362355439,317.0083160155153
15,19,2,2631,0.0772097664045053,0.0018439583,2631,396.78226,0.7316499362355439,317.73996595175083
15,20,10,2631,0.0772097664045053,0.0018439632,2631,396.78226,0.7316518804686035,318.4716178322194
16,0,11,0,0.0,0.002033164,205,401.6769,0.8166750338572998,0.8166750338572998
16,1,4,16,0.0065600656006533,0.09449393,205,401.6769,37.956029853990785,38.772704887848086
16,2,5,27,0.0110701107011024,0.09449391,205,401.6769,37.95602182045258,76.72872670830066
16,3,5,36,0.0147601476014699,0.094493866,205,401.6769,37.95600414666852,114.68473085496919
16,4,0,36,0.0147601476014699,0.09449389,205,401.6769,37.95601378691437,152.64074464188354
16,5,1,87,0.0356703567035524,0.0944938,205,401.6769,37.95597763599243,190.59672227787598
16,6,0,87,0.0356703567035524,0.0944938,205,401.6769,37.95597763599243,228.55269991386842
16,7,1,132,0.0541205412053898,0.09449384,205,401.6769,37.95599370306885,266.50869361693725
16,8,0,132,0.0541205412053898,0.09449393,205,401.6769,37.956029853990785,304.46472347092805
16,9,4,137,0.056170561705594,0.0020310206,205,401.6769,0.8158140795675476,305.2805375504956
16,10,5,138,0.0565805658056348,0.002031022,205,401.6769,0.8158146419152221,306.09635219241085
16,11,5,149,0.061090610906084,0.0020310255,205,401.6769,0.8158160477844085,306.91216824019523
16,12,4,151,0.0619106191061656,0.0020331475,205,401.6769,0.8166684061882782,307.7288366463835
16,13,5,160,0.0656006560065331,0.0020331503,205,401.6769,0.8166695308836274,308.54550617726716
16,14,0,188,0.0770807708076764,0.0020331445,205,401.6769,0.816667201157547,309.3621733784247
16,15,0,188,0.0770807708076764,0.002033151,205,401.6769,0.8166698120574646,310.17884319048216
16,16,0,189,0.0774907749077173,0.002033159,205,401.6769,0.8166730254727479,310.99551621595486
16,17,9,189,0.0774907749077173,0.0020331806,205,401.6769,0.8166817016940124,311.8121979176489
16,18,0,192,0.0787207872078398,0.0020331708,205,401.6769,0.8166777652602906,312.6288756829092
16,19,10,205,0.0840508405083706,0.0020331808,205,401.6769,0.8166817820293946,313.4455574649386
17,0,11,0,0.0,0.0025349087,189,388.9999,0.9860792522221772,0.9860792522221772
17,1,4,33,0.0142180094786668,0.11510547,189,388.9999,44.77601729177948,45.76209654400166
17,2,5,43,0.018526497199475,0.1151055,189,388.9999,44.77602896177673,90.5381255057784
17,3,5,54,0.0232658336923639,0.11510542,189,388.9999,44.775997841784054,135.31412334756243
17,4,0,54,0.0232658336923639,0.11510542,189,388.9999,44.775997841784054,180.0901211893465
17,5,1,125,0.0538560965101017,0.11510526,189,388.9999,44.77593560179871,224.8660567911452
17,6,0,125,0.0538560965101017,0.11510531,189,388.9999,44.77595505179413,269.6420118429393
17,7,4,126,0.0542869452821825,0.0025330589,189,388.9999,0.9853596801915313,270.6273715231309
17,8,5,127,0.0547177940542633,0.0025330558,189,388.9999,0.9853584742918152,271.61272999742266
17,9,5,139,0.0598879793192331,0.0025330514,189,388.9999,0.985356762692218,272.5980867601149
17,10,5,140,0.0603188280913139,0.0025330533,189,388.9999,0.9853575017920441,273.58344426190695
17,11,4,140,0.0603188280913139,0.0025345152,189,388.9999,0.985926180758203,274.56937044266516
17,12,5,150,0.0646273158121221,0.0025345183,189,388.9999,0.9859273866579193,275.5552978293231
17,13,0,170,0.0732442912537383,0.0025345115,189,388.9999,0.9859247414585418,276.5412225707816
17,14,0,171,0.0736751400258191,0.0025345134,189,388.9999,0.9859254805583679,277.52714805133996
17,15,9,171,0.0736751400258191,0.0025345401,189,388.9999,0.9859358668559235,278.5130839181959
17,16,0,175,0.0753985351141424,0.0025345352,189,388.9999,0.9859339607563722,279.49901787895226
17,17,2,189,0.0814304179232738,0.0025345497,189,388.9999,0.9859396012550445,280.4849574802073
17,18,10,189,0.0814304179232738,0.002534569,189,388.9999,0.9859471089532775,281.47090458916057
18,0,11,0,0.0,0.00086574286,215,260.11282,0.2251908197277289,0.2251908197277289
18,1,4,12,0.0051903114186828,0.043256376,215,260.11282,11.25153809514624,11.476728914873968
18,2,5,23,0.0099480968858088,0.043256376,215,260.11282,11.25153809514624,22.728267010020208
18,3,5,33,0.0142733564013779,0.043256354,215,260.11282,11.251532372664123,33.979799382684334
18,4,0,33,0.0142733564013779,0.04325636,215,260.11282,11.251533933341065,45.2313333160254
18,5,1,161,0.0696366782006619,0.04325633,215,260.11282,11.25152612995636,56.48285944598176
18,6,0,161,0.0696366782006619,0.04325631,215,260.11282,11.25152092769989,67.73438037368165
18,7,5,173,0.0748269896193448,0.04325631,215,260.11282,11.25152092769989,78.98590130138153
18,8,5,175,0.0756920415224586,0.04325633,215,260.11282,11.25152612995636,90.23742743133789
18,9,5,176,0.0761245674740155,0.043256376,215,260.11282,11.25153809514624,101.48896552648414
18,10,4,176,0.0761245674740155,0.0733824,215,260.11282,19.087703258203124,120.57666878468726
18,11,5,183,0.0791522491349138,0.07338226,215,260.11282,19.087666842407838,139.66433562709508
18,12,0,196,0.0847750865051536,0.07338256,215,260.11282,19.08774487625488,158.75208050335
18,13,0,197,0.0852076124567105,0.073382415,215,260.11282,19.08770715989548,177.83978766324546
18,14,9,197,0.0852076124567105,0.07338147,215,260.11282,19.087461353277284,196.92724901652275
18,15,0,201,0.0869377162629381,0.07338205,215,260.11282,19.087612218714906,216.01486123523765
18,16,10,215,0.0929930795847348,0.07338095,215,260.11282,19.087326094609068,235.1021873298467
19,0,11,0,0.0,0.054500405,179,307.15442,16.740040230059204,16.740040230059204
19,1,4,18,0.0081521739130397,0.031992625,179,307.15442,9.826676142410278,26.566716372469482
19,2,5,25,0.0113224637681108,0.03199261,179,307.15442,9.826671535093993,36.39338790756348
19,3,1,26,0.0117753623188352,0.031992633,179,307.15442,9.82667859964563,46.220066507209104
19,4,5,37,0.016757246376804,0.031992547,179,307.15442,9.826652184365601,56.04671869157471
19,5,0,37,0.016757246376804,0.03199257,179,307.15442,9.826659248917236,65.87337794049195
19,6,1,122,0.0552536231883807,0.03199254,179,307.15442,9.826650034284668,75.70002797477662
19,7,0,122,0.0552536231883807,0.031992584,179,307.15442,9.8266635490791,85.52669152385572
19,8,4,122,0.0552536231883807,0.054528896,179,307.15442,16.748791366609375,102.27548289046509
19,9,5,123,0.0557065217391052,0.054529093,179,307.15442,16.748851876029907,119.02433476649499
19,10,5,135,0.0611413043477983,0.054529235,179,307.15442,16.7488954919574,135.7732302584524
19,11,4,137,0.0620471014492472,0.054522306,179,307.15442,16.746767218988523,152.5199974774409
19,12,5,144,0.0652173913043182,0.05452206,179,307.15442,16.746691659001463,169.26668913644238
19,13,0,159,0.0720108695651847,0.05452241,179,307.15442,16.746799163048095,186.01348829949046
19,14,0,159,0.0720108695651847,0.05452224,179,307.15442,16.746746946796875,202.76023524628735
19,15,0,160,0.0724637681159092,0.05452202,179,307.15442,16.746679372824705,219.50691461911205
19,16,9,160,0.0724637681159092,0.054520838,179,307.15442,16.746316316301513,236.25323093541357
19,17,0,164,0.0742753623188069,0.054521564,179,307.15442,16.74653931040967,252.99977024582324
19,18,2,179,0.0810688405796734,0.054521356,179,307.15442,16.746475422290526,269.7462456681138
19,19,10,179,0.0810688405796734,0.054520786,179,307.15442,16.746300344271727,286.4925460123855
20,0,11,0,0.0,0.095153004,194,336.65836,32.034053867782106,32.034053867782106
20,1,4,20,0.0065380843412858,0.06705418,194,336.65836,22.574349982476196,54.6084038502583
20,2,5,27,0.0088264138607359,0.06705416,194,336.65836,22.574343249309084,77.1827470995674
20,3,1,29,0.0094802222948645,0.06705421,194,336.65836,22.574360082226868,99.75710718179425
20,4,5,35,0.0114416475972502,0.0670541,194,336.65836,22.57432304980774,122.331430231602
20,5,0,35,0.0114416475972502,0.067054115,194,336.65836,22.574328099683076,144.90575833128509
20,6,5,81,0.0264792415822077,0.06705399,194,336.65836,22.57428601738861,167.4800443486737
20,7,1,92,0.0300751879699149,0.067054056,194,336.65836,22.57430823684009,190.05435258551375
20,8,1,111,0.0362863680941365,0.06705415,194,336.65836,22.57433988272553,212.6286924682393
20,9,1,113,0.0369401765282651,0.06705421,194,336.65836,22.574360082226868,235.20305255046617
20,10,4,130,0.0424975482183581,0.001147117,194,336.65836,0.386186523030304,235.58923907349646
20,11,0,131,0.0428244524354224,0.0011471121,194,336.65836,0.386184873404361,235.97542394690083
20,12,5,131,0.0428244524354224,0.0011471203,194,336.65836,0.3861876340028778,236.3616115809037
20,13,5,142,0.0464203988231296,0.0011471198,194,336.65836,0.3861874656737,236.7477990465774
20,14,5,144,0.0470742072572582,0.0011471208,194,336.65836,0.3861878023320557,237.13398684890947
20,15,5,145,0.0474011114743225,0.001147123,194,336.65836,0.3861885429804382,237.5201753918899
20,16,4,145,0.0474011114743225,0.0011511367,194,336.65836,0.3875397886227631,237.90771518051267
20,17,5,156,0.0509970578620297,0.0011511411,194,336.65836,0.38754126991952825,238.2952564504322
20,18,0,168,0.0549199084668012,0.0011511379,194,336.65836,0.38754019261278994,238.68279664304498
20,19,0,168,0.0549199084668012,0.0011511361,194,336.65836,0.3875395866277496,239.07033622967273
20,20,9,168,0.0549199084668012,0.0011511395,194,336.65836,0.38754073126615907,239.4578769609389
20,21,0,169,0.0552468126838655,0.0011511291,194,336.65836,0.3875372300192596,239.84541419095814
20,22,0,172,0.0562275253350584,0.0011511269,194,336.65836,0.3875364893708771,240.23295068032903
20,23,4,175,0.0572082379862513,0.05633815,194,336.65836,18.966708942906187,259.1996596232352
20,24,5,178,0.0581889506374442,0.05633807,194,336.65836,18.96668201023773,278.16634163347294
20,25,10,194,0.0634194181104729,0.056337964,194,336.65836,18.966646324452025,297.13298795792497
21,0,11,0,0.0,0.024743484,234,363.78348,9.001270661993042,9.001270661993042
21,1,4,26,0.0057932263814603,0.024518568,234,363.78348,8.919449937303956,17.920720599297
21,2,5,37,0.0082442067736167,0.024518568,234,363.78348,8.919449937303956,26.84017053660095
21,3,5,38,0.0084670231729036,0.024518555,234,363.78348,8.919445208118745,35.759615744719696
21,4,1,40,0.0089126559714775,0.024518555,234,363.78348,8.919445208118745,44.67906095283844
21,5,5,52,0.0115864527629207,0.024518522,234,363.78348,8.919433203263978,53.59849415610242
21,6,0,52,0.0115864527629207,0.024518535,234,363.78348,8.919437932449188,62.51793208855161
21,7,1,125,0.0278520499108672,0.024518535,234,363.78348,8.919437932449188,71.4373700210008
21,8,1,126,0.0280748663101541,0.024518568,234,363.78348,8.919449937303956,80.35681995830475
21,9,1,133,0.0296345811051627,0.024518576,234,363.78348,8.919452847571778,89.27627280587653
21,10,1,135,0.0300802139037366,0.024518581,234,363.78348,8.919454666489166,98.19572747236569
21,11,1,137,0.0305258467023104,0.024518555,234,363.78348,8.919445208118745,107.11517268048445
21,12,1,139,0.0309714795008843,0.024518546,234,363.78348,8.919441934067443,116.03461461455188
21,13,1,141,0.0314171122994582,0.024518529,234,363.78348,8.919435749748322,124.9540503643002
21,14,1,155,0.0345365418894753,0.024518529,234,363.78348,8.919435749748322,133.87348611404852
21,15,1,157,0.0349821746880492,0.024518529,234,363.78348,8.919435749748322,142.79292186379686
21,16,4,172,0.0383244206773533,0.041006844,234,363.78348,14.917612323233277,157.71053418703013
21,17,5,173,0.0385472370766402,0.0410067,234,363.78348,14.917559938412476,172.6280941254426
21,18,0,177,0.039438502673788,0.041006945,234,363.78348,14.917649065364534,187.54574319080714
21,19,5,183,0.0407754010695096,0.04100682,234,363.78348,14.91760359242981,202.46334678323694
21,20,5,184,0.0409982174687965,0.041007012,234,363.78348,14.917673438857545,217.3810202220945
21,21,4,185,0.0412210338680835,0.04099327,234,363.78348,14.912674326305847,232.29369454840034
21,22,5,195,0.0434491978609528,0.040993277,234,363.78348,14.912676872790191,247.20637142119054
21,23,0,210,0.0467914438502569,0.040993463,234,363.78348,14.91274453651706,262.1191159577076
21,24,0,210,0.0467914438502569,0.040993337,234,363.78348,14.912698699798858,277.03181465750646
21,25,0,211,0.0470142602495438,0.04099321,234,363.78348,14.912652499297181,291.9444671568036
21,26,9,211,0.0470142602495438,0.0409927,234,363.78348,14.91246696972351,306.85693412652716
21,27,0,214,0.0476827094474047,0.040993102,234,363.78348,14.91261321068158,321.76954733720873
21,28,4,217,0.0483511586452655,0.024743438,234,363.78348,9.001253927953064,330.77080126516177
21,29,5,219,0.0487967914438393,0.024743443,234,363.78348,9.001255746870452,339.77205701203223
21,30,10,234,0.0521390374331434,0.024743414,234,363.78348,9.001245197149597,348.77330220918185
22,0,11,0,0.0,0.039297853,184,276.636,10.871200325232666,10.871200325232666
22,1,4,24,0.0120240480961863,0.038864706,184,276.636,10.751376277662597,21.622576602895265
22,2,5,35,0.0175350701402717,0.03886469,184,276.636,10.751371851486816,32.37394845438208
22,3,1,36,0.0180360721442795,0.038864706,184,276.636,10.751376277662597,43.125324732044675
22,4,5,44,0.0220440881763416,0.03886463,184,276.636,10.751355253327636,53.87667998537231
22,5,0,44,0.0220440881763416,0.03886465,184,276.636,10.751360786047364,64.62804077141968
22,6,1,124,0.0621242484969628,0.03886463,184,276.636,10.751355253327636,75.37939602474731
22,7,0,124,0.0621242484969628,0.038864657,184,276.636,10.751362722499266,86.13075874724657
22,8,5,134,0.0671342685370405,0.03886465,184,276.636,10.751360786047364,96.88211953329395
22,9,5,135,0.0676352705410482,0.03886469,184,276.636,10.751371851486816,107.63349138478075
22,10,4,136,0.068136272545056,0.0658629,184,276.636,18.220048303930664,125.85353968871142
22,11,5,143,0.0716432865731103,0.065862805,184,276.636,18.220022023511962,144.07356171222338
22,12,0,160,0.0801603206412424,0.06586304,184,276.636,18.22008703296875,162.29364874519214
22,13,0,160,0.0801603206412424,0.06586296,184,276.636,18.22006490208984,180.51371364728197
22,14,9,160,0.0801603206412424,0.06586218,184,276.636,18.21984912602051,198.73356277330248
22,15,0,169,0.0846693386773122,0.06586265,184,276.636,18.21997914493408,216.95354191823657
22,16,2,184,0.0921843687374287,0.06586232,184,276.636,18.219887855058595,235.17342977329517
22,17,10,184,0.0921843687374287,0.06586158,184,276.636,18.21968314442871,253.39311291772387
23,0,11,0,0.0,0.111923486,253,349.59915,39.128355750982365,39.128355750982365
23,1,4,21,0.0062799043062182,0.07548475,253,349.59915,26.389404559593203,65.51776031057557
23,2,5,28,0.0083732057416242,0.0754847,253,349.59915,26.389387079635622,91.9071473902112
23,3,5,29,0.0086722488038251,0.07548466,253,349.59915,26.389373095669555,118.29652048588075
23,4,1,31,0.0092703349282268,0.0754847,253,349.59915,26.389387079635622,144.68590756551637
23,5,5,40,0.0119617224880347,0.07548455,253,349.59915,26.38933463976288,171.07524220527924
23,6,0,40,0.0119617224880347,0.07548459,253,349.59915,26.389348623728946,197.4645908290082
23,7,5,51,0.0152511961722442,0.07548455,253,349.59915,26.38933463976288,223.85392546877108
23,8,4,189,0.0565191387559639,0.0013762412,253,349.59915,0.4811327559325561,224.33505822470363
23,9,0,189,0.0565191387559639,0.0013762313,253,349.59915,0.4811292949009552,224.81618751960457
23,10,5,189,0.0565191387559639,0.0013762412,253,349.59915,0.4811327559325561,225.29732027553715
23,11,5,203,0.0607057416267761,0.0013762419,253,349.59915,0.48113300065196224,225.7784532761891
23,12,4,205,0.0613038277511778,0.0013791396,253,349.59915,0.4821460341135864,226.2605993103027
23,13,5,215,0.0642942583731865,0.0013791409,253,349.59915,0.4821464885924835,226.74274579889516
23,14,0,235,0.0702751196172038,0.0013791377,253,349.59915,0.48214536987519835,227.22489116877037
23,15,0,235,0.0702751196172038,0.0013791429,253,349.59915,0.48214718779078675,227.70703835656116
23,16,0,236,0.0705741626794047,0.0013791488,253,349.59915,0.4821492504257813,228.18918760698693
23,17,9,236,0.0705741626794047,0.0013791639,253,349.59915,0.48215452937297054,228.6713421363599
23,18,0,239,0.0714712918660073,0.0013791567,253,349.59915,0.48215201225907894,229.153494148619
23,19,4,239,0.0714712918660073,0.06609688,253,349.59915,23.10741317215576,252.26090732077475
23,20,5,241,0.072069377990409,0.06609694,253,349.59915,23.10743414810486,275.36834146887963
23,21,10,253,0.0756578947368194,0.06609688,253,349.59915,23.10741317215576,298.47575464103534
24,0,11,0,0.0,0.08046499,207,381.0004,30.657193112756044,30.657193112756044
24,1,4,16,0.0070515645658849,0.08008861,207,381.0004,30.513792183435367,61.17098529619141
24,2,5,26,0.011458792419563,0.08008861,207,381.0004,30.513792183435367,91.68477747962677
24,3,5,37,0.0163067430586089,0.08008857,207,381.0004,30.513776943419494,122.19855442304628
24,4,0,37,0.0163067430586089,0.080088556,207,381.0004,30.513771609413944,152.71232603246023
24,5,5,45,0.0198325253415514,0.08008842,207,381.0004,30.513719793359982,183.2260458258202
24,6,1,149,0.0656676950198035,0.08008846,207,381.0004,30.513735033375855,213.73978085919606
24,7,0,149,0.0656676950198035,0.08008853,207,381.0004,30.513761703403627,244.25354256259968
24,8,5,162,0.0713970912295851,0.08008853,207,381.0004,30.513761703403627,274.7673042660033
24,9,5,163,0.0718378140149529,0.08008857,207,381.0004,30.513776943419494,305.2810812094228
24,10,4,164,0.0722785368003207,0.001683619,207,381.0004,0.6414595069396667,305.92254071636245
24,11,5,171,0.0753635962978954,0.0016836222,207,381.0004,0.6414607261409363,306.5640014425034
24,12,0,187,0.0824151608637803,0.0016836142,207,381.0004,0.6414576781377624,307.2054591206412
24,13,0,187,0.0824151608637803,0.0016836149,207,381.0004,0.6414579448380402,307.8469170654792
24,14,0,188,0.0828558836491481,0.0016836174,207,381.0004,0.6414588973390319,308.4883759628182
24,15,9,188,0.0828558836491481,0.001683636,207,381.0004,0.6414659839464112,309.12984194676466
24,16,0,193,0.0850594975759871,0.0016836311,207,381.0004,0.6414641170444672,309.7713060638091
24,17,10,207,0.0912296165711365,0.0016836519,207,381.0004,0.6414720418527191,310.41277810566186
25,0,11,0,0.0,0.0007479029,257,302.80496,0.2264687093325104,0.2264687093325104
25,1,4,21,0.0068181818181796,0.04397228,257,302.80496,13.315024581409913,13.541493290742423
25,2,5,28,0.0090909090909061,0.04397228,257,302.80496,13.315024581409913,26.856517872152338
25,3,1,30,0.0097402597402565,0.0439723,257,302.80496,13.315030637509155,40.17154850966149
25,4,5,39,0.0126623376623335,0.04397221,257,302.80496,13.31500338506256,53.48655189472405
25,5,0,39,0.0126623376623335,0.04397221,257,302.80496,13.31500338506256,66.80155527978661
25,6,0,169,0.054870129870112,0.04397221,257,302.80496,13.31500338506256,80.11655866484918
25,7,5,181,0.0587662337662146,0.043972142,257,302.80496,13.314982794325134,93.43154145917431
25,8,5,206,0.0668831168830951,0.04397221,257,302.80496,13.31500338506256,106.74654484423687
25,9,4,206,0.0668831168830951,0.06451463,257,302.80496,19.535350095800478,126.28189494003735
25,10,5,216,0.0701298701298473,0.064514644,257,302.80496,19.535354335069947,145.8172492751073
25,11,0,239,0.0775974025973774,0.06451502,257,302.80496,19.53546818973572,165.352717464843
25,12,0,239,0.0775974025973774,0.06451491,257,302.80496,19.53543488118988,184.88815234603288
25,13,0,240,0.0779220779220526,0.06451477,257,302.80496,19.535392488495177,204.42354483452806
25,14,9,240,0.0779220779220526,0.06451392,257,302.80496,19.535135104277344,223.9586799388054
25,15,0,243,0.0788961038960782,0.06451445,257,302.80496,19.53529559090729,243.4939755297127
25,16,4,243,0.0788961038960782,0.038106274,257,302.80496,11.53876885656012,255.0327443862728
25,17,5,244,0.0792207792207535,0.038106263,257,302.80496,11.538765525705536,266.57150991197835
25,18,10,257,0.0834415584415313,0.038106225,257,302.80496,11.538754019116974,278.11026393109535
26,0,11,0,0.0,0.04041748,206,266.13297,10.756423793780517,10.756423793780517
26,1,4,22,0.009959257582612,0.040347937,206,266.13297,10.73791610898941,21.494339902769926
26,2,5,32,0.0144861928474357,0.04034795,206,266.13297,10.737919568717956,32.23225947148788
26,3,5,43,0.0194658216387417,0.04034792,206,266.13297,10.737911584729005,42.970171056216884
26,4,0,43,0.0194658216387417,0.04034793,206,266.13297,10.737914246058654,53.70808530227554
26,5,1,144,0.0651878678134607,0.04034787,206,266.13297,10.737898278080749,64.44598358035628
26,6,0,145,0.0656405613399431,0.0403479,206,266.13297,10.737906262069702,75.183889842426
26,7,5,156,0.0706201901312491,0.04034786,206,266.13297,10.737895616751098,85.92178545917709
26,8,5,157,0.0710728836577315,0.04034792,206,266.13297,10.737911584729005,96.65969704390609
26,9,4,158,0.0715255771842138,0.06848123,206,266.13297,18.22511279276581,114.8848098366719
26,10,5,165,0.0746944318695904,0.06848123,206,266.13297,18.22511279276581,133.1099226294377
26,11,0,186,0.0842009959257201,0.068481624,206,266.13297,18.225217649154054,151.33514027859178
26,12,0,186,0.0842009959257201,0.068481475,206,266.13297,18.225177995342253,169.56031827393403
26,13,0,187,0.0846536894522025,0.06848136,206,266.13297,18.22514739005127,187.7854656639853
26,14,9,187,0.0846536894522025,0.06848045,206,266.13297,18.224905209053038,206.01037087303834
26,15,0,192,0.0869171570846143,0.06848102,206,266.13297,18.22505690484314,224.23542777788145
26,16,10,206,0.0932548664553674,0.06847994,206,266.13297,18.224769481240845,242.4601972591223
27,0,11,0,0.0,0.047438614,320,355.9292,16.884787893067383,16.884787893067383
27,1,4,32,0.0069414316702804,0.032470252,320,355.9292,11.557110792791015,28.441898685858398
27,2,5,40,0.0086767895878506,0.032470237,320,355.9292,11.557105453853026,39.999004139711424
27,3,1,42,0.0091106290672431,0.032470252,320,355.9292,11.557110792791015,51.55611493250244
27,4,5,51,0.0110629067245095,0.032470193,320,355.9292,11.557089792968263,63.1132047254707
27,5,0,51,0.0110629067245095,0.032470204,320,355.9292,11.557093708189454,74.67029843366015
27,6,5,73,0.0158351409978273,0.032470137,320,355.9292,11.557069860933106,86.22736829459326
27,7,1,182,0.0394793926247202,0.03247018,320,355.9292,11.557085165888672,97.78445346048193
27,8,1,189,0.0409978308025941,0.032470215,320,355.9292,11.557097623410643,109.34155108389258
27,9,1,190,0.0412147505422904,0.032470237,320,355.9292,11.557105453853026,120.89865653774561
27,10,4,214,0.0464208242950007,0.047446895,320,355.9292,16.887735342766113,137.7863918805117
27,11,5,215,0.046637744034697,0.047446806,320,355.9292,16.887703665067384,154.6740955455791
27,12,5,229,0.0496746203904447,0.047446746,320,355.9292,16.88768230931543,171.56177785489453
27,13,0,235,0.0509761388286223,0.047446918,320,355.9292,16.887743529137694,188.4495213840322
27,14,4,236,0.0511930585683186,0.047434747,320,355.9292,16.883411514854004,205.3329328988862
27,15,5,247,0.0535791757049775,0.04743457,320,355.9292,16.883348515385745,222.21628141427198
27,16,0,291,0.0631236442516132,0.047434703,320,355.9292,16.88339585396924,239.0996772682412
27,17,0,291,0.0631236442516132,0.047434602,320,355.9292,16.883359905120116,255.98303717336134
27,18,0,292,0.0633405639913094,0.04743459,320,355.9292,16.883355633969725,272.86639280733107
27,19,9,292,0.0633405639913094,0.04743423,320,355.9292,16.88322749945801,289.74962030678904
27,20,0,297,0.0644251626897907,0.047434963,320,355.9292,16.883488395561034,306.6331087023501
27,21,4,299,0.0648590021691833,0.028033994,320,355.9292,9.978117035323242,316.61122573767335
27,22,5,302,0.0655097613882721,0.028033994,320,355.9292,9.978117035323242,326.5893427729966
27,23,10,320,0.0694143167028048,0.02803394,320,355.9292,9.978097815146484,336.5674405881431
28,0,11,0,0.0,0.036878634,240,287.93646,10.618703412190795,10.618703412190795
28,1,4,54,0.0185503263483275,0.036515366,240,287.93646,10.51410530936682,21.132808721557616
28,2,5,65,0.0223290965303942,0.036515355,240,287.93646,10.514102142065735,31.64691086362335
28,3,5,66,0.0226726210924003,0.03651534,240,287.93646,10.5140978230188,42.16100868664215
28,4,1,68,0.0233596702164124,0.036515355,240,287.93646,10.514102142065735,52.675110828707886
28,5,5,80,0.0274819649604852,0.03651529,240,287.93646,10.514083426195679,63.18919425490356
28,6,0,80,0.0274819649604852,0.036515314,240,287.93646,10.514090336670776,73.70328459157435
28,7,1,173,0.0594297492270493,0.03651533,240,287.93646,10.514094943654175,84.21737953522852
28,8,0,174,0.0597732737890553,0.036515374,240,287.93646,10.514107612858522,94.73148714808704
28,9,5,186,0.0638955685331281,0.036515355,240,287.93646,10.514102142065735,105.24558929015276
28,10,4,187,0.0642390930951342,0.061878134,240,287.93646,17.81697100401819,123.06256029417096
28,11,5,194,0.0666437650291767,0.061878033,240,287.93646,17.816941922435486,140.87950221660645
28,12,0,219,0.0752318790793283,0.061878297,240,287.93646,17.81701793766156,158.696520154268
28,13,0,219,0.0752318790793283,0.061878208,240,287.93646,17.816992311316405,176.51351246558443
28,14,0,220,0.0755754036413344,0.061878063,240,287.93646,17.816950560529357,194.33046302611376
28,15,9,220,0.0755754036413344,0.06187722,240,287.93646,17.816707830091552,212.14717085620532
28,16,0,226,0.0776365510133707,0.061877724,240,287.93646,17.816852950068604,229.96402380627393
28,17,2,240,0.0824458948814557,0.061877426,240,287.93646,17.816767145002807,247.78079095127674
28,18,10,240,0.0824458948814557,0.061876748,240,287.93646,17.8165719240813,265.59736287535804
29,0,11,0,0.0,0.04569323,256,362.3758,16.558120476864623,16.558120476864623
29,1,4,25,0.0074626865671619,0.0302067,256,362.3758,10.946176880218506,27.50429735708313
29,2,5,32,0.0095522388059672,0.030206691,256,362.3758,10.946173618836365,38.450470975919494
29,3,1,34,0.0101492537313402,0.030206721,256,362.3758,10.946184490110168,49.396655466029664
29,4,5,45,0.0134328358208915,0.030206656,256,362.3758,10.946160935683594,60.34281640171326
29,5,0,45,0.0134328358208915,0.030206649,256,362.3758,10.946158399053038,71.2889748007663
29,6,1,117,0.0349253731343179,0.030206613,256,362.3758,10.946145353524475,82.23512015429077
29,7,4,117,0.0349253731343179,0.045711245,256,362.3758,16.56464867678375,98.79976883107452
29,8,5,117,0.0349253731343179,0.045711398,256,362.3758,16.56470412028015,115.36447295135467
29,9,1,119,0.0355223880596908,0.045711845,256,362.3758,16.564866102259828,131.9293390536145
29,10,1,120,0.0358208955223773,0.04571192,256,362.3758,16.564893280444338,148.49423233405884
29,11,1,121,0.0361194029850638,0.045711875,256,362.3758,16.56487697353363,165.05910930759245
29,12,1,123,0.0367164179104368,0.04571179,256,362.3758,16.56484617159119,181.62395547918365
29,13,5,131,0.0391044776119286,0.04571145,256,362.3758,16.56472296382141,198.18867844300507
29,14,0,158,0.0471641791044635,0.04571167,256,362.3758,16.564802686495973,214.75348112950104
29,15,4,184,0.0549253731343119,0.045706797,256,362.3758,16.563036829254457,231.3165179587555
29,16,5,193,0.0576119402984902,0.045706548,256,362.3758,16.562946597681886,247.87946455643737
29,17,0,232,0.0692537313432629,0.045706753,256,362.3758,16.563020884719545,264.4424854411569
29,18,0,233,0.0695522388059493,0.045706753,256,362.3758,16.563020884719545,281.00550632587647
29,19,9,233,0.0695522388059493,0.04570635,256,362.3758,16.56287484727478,297.56838117315124
29,20,0,237,0.0707462686566953,0.045707177,256,362.3758,16.56317453205597,314.13155570520723
29,21,4,238,0.0710447761193817,0.02688251,256,362.3758,9.741570891366576,323.8731265965738
29,22,5,240,0.0716417910447547,0.026882518,256,362.3758,9.741573790372925,333.6147003869467
29,23,10,256,0.0764179104477383,0.026882453,256,362.3758,9.74155023594635,343.35625062289307
30,0,11,0,0.0,0.037300058,201,316.0423,11.788396022103637,11.788396022103637
30,1,4,34,0.0131528046421612,0.0369978,201,316.0423,11.692869709387207,23.481265731490844
30,2,5,43,0.0166344294003804,0.03699778,201,316.0423,11.69286338854126,35.174129120032106
30,3,5,52,0.0201160541585995,0.03699776,201,316.0423,11.692857067695313,46.86698618772742
30,4,0,52,0.0201160541585995,0.03699778,201,316.0423,11.69286338854126,58.559849576268675
30,5,1,57,0.0220502901353879,0.036997728,201,316.0423,11.692846954341798,70.25269653061048
30,6,5,75,0.0290135396518263,0.03699769,201,316.0423,11.692834944734496,81.94553147534498
30,7,0,132,0.0510638297872142,0.036997743,201,316.0423,11.692851694976257,93.63838317032123
30,8,5,146,0.0564796905222218,0.036997743,201,316.0423,11.692851694976257,105.33123486529749
30,9,4,147,0.0568665377175795,0.062394444,201,316.0423,19.7192834244646,125.05051828976208
30,10,5,156,0.0603481624757987,0.06239428,201,316.0423,19.719231593527834,144.76974988328993
30,11,0,182,0.0704061895550984,0.06239501,201,316.0423,19.719462304404907,164.48921218769482
30,12,0,182,0.0704061895550984,0.06239492,201,316.0423,19.719433860598144,184.20864604829296
30,13,0,183,0.0707930367504561,0.062394787,201,316.0423,19.719391826972597,203.92803787526557
30,14,9,183,0.0707930367504561,0.06239278,201,316.0423,19.71875753008179,223.64679540534735
30,15,0,186,0.0719535783365292,0.06239443,201,316.0423,19.719278999872436,243.3660744052198
30,16,4,186,0.0719535783365292,0.03830379,201,316.0423,12.105617789320679,255.47169219454048
30,17,5,187,0.0723404255318869,0.038303763,201,316.0423,12.10560925617865,267.5773014507191
30,18,2,201,0.0777562862668944,0.03830377,201,316.0423,12.105611468474732,279.6829129191938
30,19,10,201,0.0777562862668944,0.03830375,201,316.0423,12.105605147628783,291.78851806682263
31,0,11,0,0.0,0.0798513,242,393.55173,31.425617041744996,31.425617041744996
31,1,4,40,0.0128534704370138,0.08022123,242,393.55173,31.571203632223206,62.9968206739682
31,2,5,48,0.0154241645244166,0.08022119,242,393.55173,31.571187890154114,94.56800856412232
31,3,5,60,0.0192802056555207,0.080221154,242,393.55173,31.57117372229193,126.13918228641424
31,4,0,60,0.0192802056555207,0.080221154,242,393.55173,31.57117372229193,157.71035600870619
31,5,1,179,0.057519280205637,0.080221035,242,393.55173,31.571126889636382,189.28148289834257
31,6,0,179,0.057519280205637,0.08022102,242,393.55173,31.571120986360476,220.85260388470303
31,7,0,180,0.0578406169665623,0.08022107,242,393.55173,31.571140663946842,252.4237445486499
31,8,5,191,0.0613753213367412,0.080221094,242,393.55173,31.571150109188295,283.9948946578382
31,9,5,193,0.0620179948585919,0.080221154,242,393.55173,31.57117372229193,315.5660683801301
31,10,4,193,0.0620179948585919,0.0016783283,242,393.55173,0.6605090014329499,316.22657738156306
31,11,5,200,0.0642673521850693,0.0016783319,242,393.55173,0.6605104182191681,316.88708779978225
31,12,0,219,0.0703727506426509,0.0016783262,242,393.55173,0.6605081749743226,317.5475959747565
31,13,0,219,0.0703727506426509,0.0016783266,242,393.55173,0.6605083323950134,318.2081043071516
31,14,0,220,0.0706940874035762,0.0016783291,242,393.55173,0.6605093162743316,318.8686136234259
31,15,9,220,0.0706940874035762,0.0016783486,242,393.55173,0.6605169905330139,319.5291306139589
31,16,0,227,0.0729434447300536,0.001678345,242,393.55173,0.6605155737467956,320.1896461877057
31,17,2,242,0.0777634961439338,0.0016783567,242,393.55173,0.660520178302005,320.8501663660077
31,18,10,242,0.0777634961439338,0.0016783698,242,393.55173,0.6605253338296325,321.5106916998373
32,0,11,0,0.0,0.0008412108,282,259.85794,0.21859530616058348,0.21859530616058348
32,1,4,22,0.0075731497418218,0.041935813,282,259.85794,10.89735400666275,11.115949312823334
32,2,5,30,0.0103270223752115,0.041935794,282,259.85794,10.897349069361876,22.013298382185212
32,3,1,32,0.011015490533559,0.0419358,282,259.85794,10.897350628509521,32.91064901069473
32,4,5,42,0.0144578313252962,0.04193572,282,259.85794,10.897329839874269,43.807978850569
32,5,0,42,0.0144578313252962,0.041935734,282,259.85794,10.897333477885438,54.70531232845444
32,6,1,218,0.0750430292598709,0.04193569,282,259.85794,10.897322044136047,65.60263437259049
32,7,0,218,0.0750430292598709,0.041935734,282,259.85794,10.897333477885438,76.49996785047593
32,8,5,231,0.0795180722891292,0.04193575,282,259.85794,10.897337635612487,87.39730548608841
32,9,4,232,0.0798623063683029,0.071279906,282,259.85794,18.522649584584048,105.91995507067246
32,10,5,239,0.082271944922519,0.071279936,282,259.85794,18.522657380322265,124.44261245099472
32,11,0,262,0.0901893287435145,0.07128052,282,259.85794,18.52280913735962,142.96542158835433
32,12,0,262,0.0901893287435145,0.071280316,282,259.85794,18.522756126339722,161.48817771469407
32,13,0,263,0.0905335628226882,0.071280144,282,259.85794,18.522711430773928,180.01088914546798
32,14,9,263,0.0905335628226882,0.07127887,282,259.85794,18.522380371757507,198.5332695172255
32,15,0,267,0.0919104991393831,0.07127965,282,259.85794,18.522583060951234,217.05585257817674
32,16,10,282,0.0970740103269889,0.07127817,282,259.85794,18.522198471199037,235.57805104937577
33,0,11,0,0.0,0.16455568,890,383.63885,63.129952655732424,63.129952655732424
33,1,4,24,0.0021814215597162,0.096674666,890,383.63885,37.088158169859256,100.21811082559168
33,2,5,32,0.0029085620796216,0.0966746,890,383.63885,37.08813284969482,137.3062436752865
33,3,1,34,0.0030903472095979,0.09667461,890,383.63885,37.088136686083374,174.39438036136988
33,4,5,43,0.0039083802944915,0.09667448,890,383.63885,37.08808681303223,211.4824671744021
33,5,0,43,0.0039083802944915,0.09667444,890,383.63885,37.08807146747803,248.57053864188015
33,6,5,49,0.0044537356844206,0.0966743,890,383.63885,37.08801775803833,285.65855639991844
33,7,4,780,0.070896200690777,0.002108472,890,383.63885,0.808891783838379,286.46744818375686
33,8,1,780,0.070896200690777,0.0021084559,890,383.63885,0.8088856072528137,287.2763337910097
33,9,0,780,0.070896200690777,0.0021084477,890,383.63885,0.808882461414203,288.0852162524239
33,10,5,780,0.070896200690777,0.002108465,890,383.63885,0.808889098366394,288.89410535079026
33,11,5,793,0.0720778040356233,0.002108468,890,383.63885,0.808890249282959,289.7029956000732
33,12,4,795,0.0722595891655996,0.0021096515,890,383.63885,0.8093442858678284,290.51233988594106
33,13,5,802,0.0728958371205169,0.0021096545,890,383.63885,0.8093454367843933,291.32168532272544
33,14,0,870,0.0790765315397128,0.0021096445,890,383.63885,0.8093416003958436,292.1310269231213
33,15,0,871,0.079167424104701,0.0021096554,890,383.63885,0.8093457820593628,292.94037270518066
33,16,9,871,0.079167424104701,0.0021096887,890,383.63885,0.8093585572332337,293.7497312624139
33,17,0,875,0.0795309943646537,0.0021096806,890,383.63885,0.8093554497585083,294.55908671217236
33,18,2,890,0.0808943828394763,0.0021096887,890,383.63885,0.8093585572332337,295.36844526940564
33,19,10,890,0.0808943828394763,0.0021096999,890,383.63885,0.8093628539884093,296.177808123394
34,0,11,0,0.0,0.0018435922,830,379.61456,0.6998544473316041,0.6998544473316041
34,1,4,37,0.0040623627580144,0.08671802,830,379.61456,32.91942326550904,33.61927771284064
34,2,5,44,0.0048309178743956,0.08671802,830,379.61456,32.91942326550904,66.53870097834968
34,3,1,46,0.0050505050505044,0.086718045,830,379.61456,32.9194327558731,99.45813373422278
34,4,5,55,0.0060386473429945,0.08671786,830,379.61456,32.919362527178954,132.37749626140175
34,5,0,55,0.0060386473429945,0.08671786,830,379.61456,32.919362527178954,165.2968587885807
34,6,5,65,0.0071365832235389,0.08671772,830,379.61456,32.91930938114014,198.21616816972085
34,7,1,773,0.0848704435660864,0.08671786,830,379.61456,32.919362527178954,231.1355306968998
34,8,0,773,0.0848704435660864,0.08671802,830,379.61456,32.91942326550904,264.05495396240883
34,9,5,786,0.0862977602107942,0.086717986,830,379.61456,32.91941035861389,296.97436432102273
34,10,4,788,0.0865173473869031,0.0018448294,830,379.61456,0.7003241064689331,297.6746884274916
34,11,5,795,0.0872859025032842,0.0018448329,830,379.61456,0.7003254351199035,298.3750138626115
34,12,0,811,0.0890425999121553,0.0018448158,830,379.61456,0.7003189437108764,299.0753328063224
34,13,0,811,0.0890425999121553,0.0018448158,830,379.61456,0.7003189437108764,299.7756517500333
34,14,0,812,0.0891523935002098,0.001844821,830,379.61456,0.700320917706604,300.4759726677399
34,15,9,812,0.0891523935002098,0.0018448519,830,379.61456,0.7003326477966004,301.1763053155365
34,16,0,815,0.0894817742643731,0.0018448432,830,379.61456,0.7003293451499023,301.8766346606864
34,17,10,830,0.0911286780851898,0.0018448761,830,379.61456,0.7003418344690246,302.5769764951554
