conditioning_idx,sample_idx,step,token_id,token_name,predicted_mu,predicted_sigma,sampled_duration,total_time
0,0,0,11,START,0.02531011588871479,0.1012933999300003,2.524846868037778e-12,1130.2908567303052
0,0,1,11,START,0.02530403807759285,0.10127872228622437,6.89242686756094e-17,1130.2908567303052
0,0,2,11,START,0.025308240205049515,0.10123537480831146,0.0032164433505386114,1130.2908567303052
0,0,3,11,START,0.02532348409295082,0.10123609006404877,1.0551910907541373e-11,1130.2908567303052
0,0,4,11,START,0.025324754416942596,0.10128741711378098,7.275681127794087e-06,1130.2908567303052
0,0,5,11,START,0.02532205916941166,0.10133693367242813,0.0022555855102837086,1130.2908567303052
0,0,6,11,START,0.02532001957297325,0.10136698186397552,1.4852490792804929e-08,1130.2908567303052
0,0,7,11,START,0.025315705686807632,0.10136254876852036,2.6172549041802995e-05,1130.2908567303052
0,0,8,11,START,0.02530791610479355,0.10136909782886505,0.00014945052680559456,1130.2908567303052
0,0,9,11,START,0.025311527773737907,0.10137054324150085,0.00023343270004261285,1130.2908567303052
0,0,10,11,START,0.02532489039003849,0.1013430580496788,4.0131559100181624e-13,1130.2908567303052
0,0,11,11,START,0.025332625955343246,0.10133787244558334,4.6294559297166415e-09,1130.2908567303052
0,0,12,11,START,0.025332996621727943,0.10135234892368317,1.3330283081813832e-06,1130.2908567303052
0,0,13,11,START,0.025331631302833557,0.10137851536273956,1.4001626368553843e-05,1130.2908567303052
0,0,14,11,START,0.02533458173274994,0.10141695290803909,0.0013715196400880814,1130.2908567303052
0,0,15,11,START,0.025341089814901352,0.10147207975387573,0.02952708676457405,1130.2908567303052
0,0,16,11,START,0.02535051666200161,0.10151538252830505,0.0036191551480442286,1130.2908567303052
0,0,17,11,START,0.025355184450745583,0.10151003301143646,7.244381630290412e-19,1130.2908567303052
0,0,18,11,START,0.025347521528601646,0.10146907716989517,0.1465831696987152,1130.2908567303052
0,0,19,11,START,0.025339549407362938,0.10144723206758499,0.00010574698535492644,1130.2908567303052
0,0,20,11,START,0.02533666230738163,0.10146531462669373,0.0020862321835011244,1130.2908567303052
0,0,21,11,START,0.025334957987070084,0.10147195309400558,0.12566836178302765,1130.2908567303052
0,0,22,11,START,0.02533171884715557,0.10144201666116714,0.0001813449925975874,1130.2908567303052
0,0,23,11,START,0.025326525792479515,0.10141707211732864,5.590294449575595e-09,1130.2908567303052
0,0,24,11,START,0.02532251924276352,0.10140830278396606,0.0017152020009234548,1130.2908567303052
0,0,25,11,START,0.025317978113889694,0.10139032453298569,0.17648087441921234,1130.2908567303052
0,0,26,11,START,0.02531435154378414,0.10137377679347992,1.1754943508222875e-38,1130.2908567303052
0,0,27,11,START,0.0253131240606308,0.10135466605424881,0.00011318027827655897,1130.2908567303052
0,0,28,11,START,0.025315294042229652,0.10134478658437729,0.002347103552892804,1130.2908567303052
0,0,29,11,START,0.025318192318081856,0.10133448243141174,8.737795478110718e-16,1130.2908567303052
0,0,30,11,START,0.025319436565041542,0.1013273224234581,1.3890930858906358e-05,1130.2908567303052
0,0,31,11,START,0.025319954380393028,0.1013207957148552,0.0031019961461424828,1130.2908567303052
0,0,32,11,START,0.02531897835433483,0.10132654756307602,0.4453487992286682,1130.2908567303052
0,0,33,11,START,0.025318991392850876,0.10133178532123566,2.5374119426763873e-19,1130.2908567303052
0,0,34,11,START,0.025320108979940414,0.10133401304483414,0.6029688715934753,1130.2908567303052
0,0,35,11,START,0.025321075692772865,0.10133838653564453,6.87893987105781e-07,1130.2908567303052
0,0,36,11,START,0.025318214669823647,0.1013505682349205,1.455220370871757e-07,1130.2908567303052
0,0,37,12,MRI_MSR_104,0.025317082181572914,0.10135987401008606,4.06800523465343e-19,1130.2908567303052
0,0,38,12,MRI_MSR_104,0.025318369269371033,0.10138989239931107,1.4636188921533962e-14,1130.2908567303052
0,0,39,12,MRI_MSR_104,0.025324296206235886,0.10140815377235413,3.701728368277202e-10,1130.2908567303052
0,0,40,12,MRI_MSR_104,0.025326261296868324,0.10136881470680237,4.985810653224121e-10,1130.2908567303052
0,0,41,12,MRI_MSR_104,0.025324588641524315,0.1013328954577446,2.7364296784071485e-07,1130.2908567303052
0,0,42,12,MRI_MSR_104,0.025322768837213516,0.10132075101137161,0.16795845329761505,1130.2908567303052
0,0,43,12,MRI_MSR_104,0.025320693850517273,0.10132206976413727,3.054277613045997e-06,1130.2908567303052
0,0,44,12,MRI_MSR_104,0.025317326188087463,0.10132934153079987,5.0477584778718665e-08,1130.2908567303052
0,0,45,12,MRI_MSR_104,0.025313613936305046,0.1013391986489296,0.02000376209616661,1130.2908567303052
0,0,46,12,MRI_MSR_104,0.02531268261373043,0.10134878754615784,0.0021912804804742336,1130.2908567303052
0,0,47,12,MRI_MSR_104,0.025314854457974434,0.1013568863272667,4.660317426896654e-05,1130.2908567303052
0,0,48,12,MRI_MSR_104,0.025317439809441566,0.10135111957788467,3.200287392246537e-05,1130.2908567303052
0,0,49,12,MRI_MSR_104,0.025318358093500137,0.10133544355630875,0.00034836053964681923,1130.2908567303052
0,0,50,12,MRI_MSR_104,0.025317326188087463,0.10132857412099838,1.1304825875413371e-06,1130.2908567303052
0,0,51,12,MRI_MSR_104,0.02531624771654606,0.10133351385593414,3.932530745487384e-08,1130.2908567303052
0,0,52,12,MRI_MSR_104,0.025318333879113197,0.10134270042181015,2.287449660798302e-06,1130.2908567303052
0,0,53,12,MRI_MSR_104,0.02531932294368744,0.10135114938020706,2.4665881937835366e-05,1130.2908567303052
0,0,54,12,MRI_MSR_104,0.025316450744867325,0.10135342180728912,0.010287280194461346,1130.2908567303052
0,0,55,12,MRI_MSR_104,0.02530761808156967,0.10135272890329361,4.892189053862239e-07,1130.2908567303052
0,0,56,12,MRI_MSR_104,0.02528962679207325,0.10135922580957413,2.1378579866661034e-22,1130.2908567303052
0,0,57,12,MRI_MSR_104,0.02528228610754013,0.10135111957788467,0.23843929171562195,1130.2908567303052
0,0,58,12,MRI_MSR_104,0.025288987904787064,0.10132458060979843,2.2708228186729684e-08,1130.2908567303052
0,0,59,12,MRI_MSR_104,0.02530069649219513,0.10130626708269119,6.5871286096808035e-06,1130.2908567303052
0,0,60,12,MRI_MSR_104,0.02530822716653347,0.1013038158416748,7.493761131627252e-07,1130.2908567303052
0,0,61,12,MRI_MSR_104,0.02530667744576931,0.10131090134382248,0.0076088146306574345,1130.2908567303052
0,0,62,12,MRI_MSR_104,0.0253000408411026,0.10131985694169998,0.004773765802383423,1130.2908567303052
0,0,63,12,MRI_MSR_104,0.02529352530837059,0.10133358091115952,0.010858159512281418,1130.2908567303052
0,0,64,12,MRI_MSR_104,0.025292417034506798,0.10133752971887589,7.510572533635154e-15,1130.2908567303052
0,0,65,12,MRI_MSR_104,0.025295646861195564,0.1013193354010582,9.198465704685077e-07,1130.2908567303052
0,0,66,12,MRI_MSR_104,0.025300875306129456,0.1012924313545227,3.9670914702583104e-05,1130.2908567303052
0,0,67,12,MRI_MSR_104,0.025305043905973434,0.10127989202737808,1.2570566809699812e-07,1130.2908567303052
0,0,68,12,MRI_MSR_104,0.02530718967318535,0.101278156042099,3.308213854325004e-05,1130.2908567303052
0,0,69,12,MRI_MSR_104,0.02530638501048088,0.10127975046634674,1.9953371501142392e-21,1130.2908567303052
0,0,70,12,MRI_MSR_104,0.025307105854153633,0.10128098726272583,0.03041415847837925,1130.2908567303052
0,0,71,12,MRI_MSR_104,0.025310443714261055,0.10128146409988403,3.137553449050756e-06,1130.2908567303052
0,0,72,12,MRI_MSR_104,0.025310715660452843,0.10127483308315277,0.0006038738647475839,1130.2908567303052
0,0,73,12,MRI_MSR_104,0.025299319997429848,0.10126292705535889,0.053971707820892334,1130.2908567303052
0,0,74,6,MRI_FRR_2,22.407907485961914,27.19561767578125,57.80320358276367,1130.2908567303052
0,0,75,15,MRI_MSR_34,22.48607063293457,26.888322830200195,93.08028411865234,1130.2908567303052
0,0,76,6,MRI_FRR_2,22.247713088989258,27.498849868774414,14.196918487548828,1130.2908567303052
0,0,77,6,MRI_FRR_2,22.28809928894043,27.43442726135254,1.5990451574325562,1130.2908567303052
0,0,78,15,MRI_MSR_34,22.618608474731445,26.652013778686523,16.299863815307617,1130.2908567303052
0,0,79,15,MRI_MSR_34,22.784107208251953,26.32623863220215,3.570051908493042,1130.2908567303052
0,0,80,4,MRI_FRR_257,22.51251983642578,26.92315101623535,70.39151763916016,1130.2908567303052
0,0,81,6,MRI_FRR_2,22.617834091186523,26.89732551574707,110.438232421875,1130.2908567303052
0,0,82,15,MRI_MSR_34,22.752765655517578,26.5654239654541,15.99390697479248,1130.2908567303052
0,0,83,4,MRI_FRR_257,22.468650817871094,27.07465934753418,5.843084335327148,1130.2908567303052
0,0,84,6,MRI_FRR_2,22.444223403930664,27.231813430786133,9.551982879638672,1130.2908567303052
0,0,85,4,MRI_FRR_257,22.328901290893555,27.310754776000977,17.066587448120117,1130.2908567303052
0,0,86,4,MRI_FRR_257,22.219844818115234,27.554227828979492,58.39640808105469,1130.2908567303052
0,0,87,15,MRI_MSR_34,21.6663761138916,28.714900970458984,0.3519549071788788,1130.2908567303052
0,0,88,4,MRI_FRR_257,22.26784896850586,27.4749698638916,5.7647318840026855,1130.2908567303052
0,0,89,4,MRI_FRR_257,22.272558212280273,27.454328536987305,18.540002822875977,1130.2908567303052
0,0,90,4,MRI_FRR_257,22.258054733276367,27.449363708496094,17.078006744384766,1130.2908567303052
0,0,91,6,MRI_FRR_2,22.585657119750977,26.8800106048584,0.06565582007169724,1130.2908567303052
0,0,92,15,MRI_MSR_34,22.613441467285156,26.652734756469727,0.018564540892839432,1130.2908567303052
0,0,93,15,MRI_MSR_34,22.50665283203125,26.93113899230957,24.64653205871582,1130.2908567303052
0,0,94,4,MRI_FRR_257,21.96827507019043,27.976015090942383,8.53090763092041,1130.2908567303052
0,0,95,4,MRI_FRR_257,21.823915481567383,28.246122360229492,1.4461175203323364,1130.2908567303052
0,0,96,4,MRI_FRR_257,21.655447006225586,28.52631950378418,18.38288688659668,1130.2908567303052
0,0,97,4,MRI_FRR_257,21.592679977416992,28.622831344604492,80.03227996826172,1130.2908567303052
0,0,98,4,MRI_FRR_257,21.759668350219727,28.37446403503418,13.716675758361816,1130.2908567303052
0,0,99,4,MRI_FRR_257,22.008392333984375,27.983457565307617,0.13844414055347443,1130.2908567303052
0,0,100,4,MRI_FRR_257,22.181991577148438,27.689002990722656,4.19010066986084,1130.2908567303052
0,0,101,15,MRI_MSR_34,22.730867385864258,26.605117797851562,15.81256103515625,1130.2908567303052
0,0,102,15,MRI_MSR_34,22.60115623474121,26.849924087524414,22.327417373657227,1130.2908567303052
0,0,103,6,MRI_FRR_2,22.532672882080078,27.052518844604492,35.681724548339844,1130.2908567303052
0,0,104,4,MRI_FRR_257,22.061737060546875,27.822179794311523,18.95307159423828,1130.2908567303052
0,0,105,6,MRI_FRR_2,21.928993225097656,28.231252670288086,27.922422409057617,1130.2908567303052
0,0,106,4,MRI_FRR_257,21.811582565307617,28.552885055541992,29.795339584350586,1130.2908567303052
0,0,107,15,MRI_MSR_34,22.709993362426758,26.632680892944336,12.922245979309082,1130.2908567303052
0,0,108,15,MRI_MSR_34,22.095537185668945,27.86835289001465,0.7646030187606812,1130.2908567303052
0,0,109,6,MRI_FRR_2,22.603689193725586,27.142847061157227,2.870370864868164,1130.2908567303052
0,0,110,4,MRI_FRR_257,18.12141990661621,32.618953704833984,23.85466194152832,1130.2908567303052
0,0,111,4,MRI_FRR_257,15.151217460632324,34.23972702026367,2.8484952449798584,1130.2908567303052
0,0,112,6,MRI_FRR_2,16.14632797241211,15.472938537597656,13.531723022460938,1130.2908567303052
0,0,113,15,MRI_MSR_34,4.780272960662842,8.115763664245605,0.000749858736526221,1130.2908567303052
0,0,114,4,MRI_FRR_257,5.724617958068848,10.33764934539795,0.8777481913566589,1130.2908567303052
0,0,115,4,MRI_FRR_257,6.269580364227295,12.698065757751465,4.355530261993408,1130.2908567303052
0,0,116,6,MRI_FRR_2,17.059362411499023,17.53034782409668,20.147579193115234,1130.2908567303052
0,0,117,16,MRI_FRR_256,3.8694980144500732,12.253141403198242,0.00022136977349873632,1130.2908567303052
0,0,118,4,MRI_FRR_257,7.522620677947998,19.76835823059082,102.94242858886719,1130.2908567303052
0,0,119,5,MRI_FRR_264,6.407166957855225,10.079739570617676,16.32718849182129,1130.2908567303052
0,0,120,4,MRI_FRR_257,6.880042552947998,11.448563575744629,4.053471565246582,1130.2908567303052
0,0,121,4,MRI_FRR_257,8.150613784790039,12.39970588684082,6.136157512664795,1130.2908567303052
0,0,122,5,MRI_FRR_264,5.82585334777832,10.226318359375,1.209808111190796,1130.2908567303052
0,0,123,4,MRI_FRR_257,12.146285057067871,19.783124923706055,12.623526573181152,1130.2908567303052
0,0,124,5,MRI_FRR_264,7.028294563293457,11.056514739990234,39.6682014465332,1130.2908567303052
0,0,125,5,MRI_FRR_264,7.822419166564941,11.195659637451172,0.11145219206809998,1130.2908567303052
0,0,126,15,MRI_MSR_34,6.3354010581970215,10.901901245117188,45.32341766357422,1130.2908567303052
0,1,0,11,START,0.025261543691158295,0.10136018693447113,0.0023656757548451424,177.70000580414853
0,1,1,11,START,0.025212809443473816,0.10142076760530472,0.4641081392765045,177.70000580414853
0,1,2,12,MRI_MSR_104,0.02527783438563347,0.10126546025276184,2.9924691613558707e-09,177.70000580414853
0,1,3,6,MRI_FRR_2,16.043672561645508,14.879998207092285,7.740128993988037,177.70000580414853
0,1,4,4,MRI_FRR_257,9.254751205444336,6.0087056159973145,6.9184699058532715,177.70000580414853
0,1,5,5,MRI_FRR_264,0.8699909448623657,3.1509485244750977,0.0041126166470348835,177.70000580414853
0,1,6,5,MRI_FRR_264,1.2845758199691772,4.614634037017822,4.496938998954647e-08,177.70000580414853
0,1,7,1,MRI_CCS_11,22.85558319091797,26.255809783935547,57.4544677734375,177.70000580414853
0,1,8,5,MRI_FRR_264,17.369224548339844,33.1857795715332,9.9428129196167,177.70000580414853
0,1,9,16,MRI_FRR_256,3.9526331424713135,13.692763328552246,0.0042970264330506325,177.70000580414853
0,1,10,1,MRI_CCS_11,17.8936710357666,32.7474365234375,0.08056754618883133,177.70000580414853
0,1,11,16,MRI_FRR_256,4.688100814819336,16.535375595092773,2.682536251086276e-05,177.70000580414853
0,1,12,1,MRI_CCS_11,16.846891403198242,33.4520149230957,0.07995951920747757,177.70000580414853
0,1,13,5,MRI_FRR_264,15.240424156188965,34.208885192871094,8.225562487496063e-05,177.70000580414853
0,1,14,1,MRI_CCS_11,16.650392532348633,33.55873489379883,0.041623588651418686,177.70000580414853
0,1,15,4,MRI_FRR_257,15.731330871582031,33.95931625366211,2.2228799934964627e-05,177.70000580414853
0,1,16,5,MRI_FRR_264,5.589137554168701,9.593942642211914,6.180481433868408,177.70000580414853
0,1,17,4,MRI_FRR_257,13.10558032989502,27.6589412689209,20.16189956665039,177.70000580414853
0,1,18,5,MRI_FRR_264,3.095181703567505,6.333022594451904,0.9079498648643494,177.70000580414853
0,1,19,4,MRI_FRR_257,7.292712688446045,21.88715362548828,0.00014650981756858528,177.70000580414853
0,1,20,5,MRI_FRR_264,1.87144136428833,5.0616254806518555,5.604917049407959,177.70000580414853
0,1,21,16,MRI_FRR_256,1.5918954610824585,5.028826713562012,2.4507551188435173e-07,177.70000580414853
0,1,22,8,MRI_FRR_34,0.755782961845398,2.6380455493927,2.053698778152466,177.70000580414853
0,1,23,4,MRI_FRR_257,2.4573798179626465,5.591627597808838,0.013668563216924667,177.70000580414853
0,1,24,5,MRI_FRR_264,5.398858070373535,0.9442271590232849,4.645914554595947,177.70000580414853
0,1,25,7,MRI_FRR_3,11.552570343017578,8.6981201171875,30.459877014160156,177.70000580414853
0,1,26,15,MRI_MSR_34,10.1349458694458,17.621217727661133,0.06608322262763977,177.70000580414853
0,1,27,16,MRI_FRR_256,1.2441768646240234,3.947779655456543,5.554212839342654e-05,177.70000580414853
0,1,28,9,MRI_MPT_1005,0.607119083404541,2.2167515754699707,0.0015266271075233817,177.70000580414853
0,1,29,16,MRI_FRR_256,9.500958442687988,8.610679626464844,0.29996129870414734,177.70000580414853
0,1,30,10,MRI_MSR_100,17.8078556060791,2.538740873336792,24.542125701904297,177.70000580414853
0,1,31,14,END,0.025300785899162292,0.10125565528869629,0.02865476906299591,177.70000580414853
0,2,0,11,START,0.02522978000342846,0.10141132026910782,1.7640555525295303e-20,163.5002630228176
0,2,1,11,START,0.025160429999232292,0.10150602459907532,2.5571005759918344e-22,163.5002630228176
0,2,2,12,MRI_MSR_104,0.025269027799367905,0.10127553343772888,1.2890867537862505e-06,163.5002630228176
0,2,3,6,MRI_FRR_2,14.070035934448242,13.765965461730957,65.0489730834961,163.5002630228176
0,2,4,4,MRI_FRR_257,4.932470321655273,7.117948055267334,1.1543340682983398,163.5002630228176
0,2,5,5,MRI_FRR_264,2.0905745029449463,5.692983627319336,1.5025923616462933e-08,163.5002630228176
0,2,6,1,MRI_CCS_11,4.972879409790039,9.88585090637207,0.5258865356445312,163.5002630228176
0,2,7,5,MRI_FRR_264,18.653661727905273,16.015724182128906,10.709110260009766,163.5002630228176
0,2,8,16,MRI_FRR_256,7.89162540435791,26.817296981811523,5.732429504394531,163.5002630228176
0,2,9,1,MRI_CCS_11,16.046138763427734,33.761566162109375,0.9481506943702698,163.5002630228176
0,2,10,16,MRI_FRR_256,5.400025367736816,18.71778678894043,2.7649826199142174e-16,163.5002630228176
0,2,11,1,MRI_CCS_11,15.681450843811035,33.981971740722656,0.3378884494304657,163.5002630228176
0,2,12,5,MRI_FRR_264,16.35603904724121,33.719356536865234,8.416107177734375,163.5002630228176
0,2,13,5,MRI_FRR_264,14.900968551635742,30.07987403869629,8.897007942199707,163.5002630228176
0,2,14,4,MRI_FRR_257,13.234309196472168,32.3619270324707,1.5065903426147997e-05,163.5002630228176
0,2,15,5,MRI_FRR_264,4.368189334869385,8.671185493469238,0.007944746874272823,163.5002630228176
0,2,16,16,MRI_FRR_256,2.6358590126037598,8.206543922424316,0.07340192049741745,163.5002630228176
0,2,17,8,MRI_FRR_34,1.1118501424789429,3.712043046951294,1.4551326330547454e-06,163.5002630228176
0,2,18,4,MRI_FRR_257,4.073713302612305,7.198160171508789,0.42828133702278137,163.5002630228176
0,2,19,5,MRI_FRR_264,6.429873943328857,1.7990963459014893,6.405702590942383,163.5002630228176
0,2,20,7,MRI_FRR_3,18.95170021057129,19.382080078125,4.031571865081787,163.5002630228176
0,2,21,15,MRI_MSR_34,6.037206649780273,14.657756805419922,12.16903305053711,163.5002630228176
0,2,22,16,MRI_FRR_256,1.5971044301986694,4.753998756408691,0.003564022248610854,163.5002630228176
0,2,23,9,MRI_MPT_1005,0.10535836219787598,0.3819417953491211,3.345705772517249e-05,163.5002630228176
0,2,24,16,MRI_FRR_256,7.74925422668457,5.501034736633301,19.5247859954834,163.5002630228176
0,2,25,10,MRI_MSR_100,17.355810165405273,2.4761359691619873,19.05068016052246,163.5002630228176
0,2,26,14,END,0.025303298607468605,0.10130535811185837,0.03535833582282066,163.5002630228176
1,0,0,11,START,0.025070736184716225,0.10169163346290588,3.486488320270098e-10,273.8213226650511
1,0,1,11,START,0.02503884583711624,0.10181326419115067,0.007016920018941164,273.8213226650511
1,0,2,12,MRI_MSR_104,0.025080548599362373,0.10151831060647964,0.0012902654707431793,273.8213226650511
1,0,3,6,MRI_FRR_2,12.634241104125977,12.764640808105469,6.909011363983154,273.8213226650511
1,0,4,4,MRI_FRR_257,7.73143196105957,6.152120590209961,19.419912338256836,273.8213226650511
1,0,5,5,MRI_FRR_264,2.130080461502075,6.063894271850586,1.8182690837420523e-06,273.8213226650511
1,0,6,5,MRI_FRR_264,15.31804084777832,6.131402015686035,11.877486228942871,273.8213226650511
1,0,7,16,MRI_FRR_256,4.448547840118408,15.853606224060059,24.795007705688477,273.8213226650511
1,0,8,16,MRI_FRR_256,6.057391166687012,21.245464324951172,0.37637707591056824,273.8213226650511
1,0,9,5,MRI_FRR_264,15.123600959777832,34.23542022705078,19.03717803955078,273.8213226650511
1,0,10,4,MRI_FRR_257,14.518749237060547,34.37943649291992,60.16524124145508,273.8213226650511
1,0,11,5,MRI_FRR_264,14.238993644714355,33.956451416015625,0.05469208210706711,273.8213226650511
1,0,12,5,MRI_FRR_264,10.700201034545898,25.99598503112793,7.047857761383057,273.8213226650511
1,0,13,5,MRI_FRR_264,4.39874792098999,9.67470645904541,0.361757755279541,273.8213226650511
1,0,14,4,MRI_FRR_257,7.7742204666137695,23.552778244018555,2.3555817296738724e-09,273.8213226650511
1,0,15,5,MRI_FRR_264,2.876018762588501,5.927006721496582,0.8525897264480591,273.8213226650511
1,0,16,4,MRI_FRR_257,3.2035601139068604,8.037729263305664,17.238000869750977,273.8213226650511
1,0,17,5,MRI_FRR_264,2.0392467975616455,5.111799716949463,0.03712307661771774,273.8213226650511
1,0,18,16,MRI_FRR_256,1.5246423482894897,4.781944274902344,22.686073303222656,273.8213226650511
1,0,19,8,MRI_FRR_34,0.5794090628623962,2.1563398838043213,5.781948253513747e-10,273.8213226650511
1,0,20,4,MRI_FRR_257,3.777092456817627,5.960982799530029,0.07529720664024353,273.8213226650511
1,0,21,5,MRI_FRR_264,6.236990451812744,1.639840006828308,9.30888843536377,273.8213226650511
1,0,22,7,MRI_FRR_3,12.167531967163086,6.9464874267578125,5.846834659576416,273.8213226650511
1,0,23,15,MRI_MSR_34,9.70230770111084,15.427262306213379,19.660844802856445,273.8213226650511
1,0,24,16,MRI_FRR_256,1.2578014135360718,3.949492931365967,23.17327880859375,273.8213226650511
1,0,25,9,MRI_MPT_1005,0.5086365342140198,1.9138904809951782,0.0028861991595476866,273.8213226650511
1,0,26,16,MRI_FRR_256,8.309361457824707,6.449706077575684,1.1041431427001953,273.8213226650511
1,0,27,10,MRI_MSR_100,19.23819351196289,4.670351028442383,23.78253173828125,273.8213226650511
1,0,28,14,END,0.02512205019593239,0.10152386873960495,9.624145747011426e-08,273.8213226650511
1,1,0,11,START,0.02509397454559803,0.1016218513250351,0.028814733028411865,170.77240896374994
1,1,1,11,START,0.025070352479815483,0.10167686641216278,0.00015735960914753377,170.77240896374994
1,1,2,12,MRI_MSR_104,0.02511368691921234,0.10151561349630356,6.106532964622602e-06,170.77240896374994
1,1,3,6,MRI_FRR_2,12.37283706665039,12.8384428024292,6.529416084289551,170.77240896374994
1,1,4,4,MRI_FRR_257,7.933693885803223,6.145999431610107,0.9928072690963745,170.77240896374994
1,1,5,5,MRI_FRR_264,3.8716514110565186,7.8413543701171875,11.526177406311035,170.77240896374994
1,1,6,5,MRI_FRR_264,10.661484718322754,8.122647285461426,15.478616714477539,170.77240896374994
1,1,7,16,MRI_FRR_256,3.3019626140594482,11.830792427062988,2.3068108134793874e-07,170.77240896374994
1,1,8,5,MRI_FRR_264,17.48878288269043,32.09282302856445,32.96385192871094,170.77240896374994
1,1,9,1,MRI_CCS_11,18.765897750854492,32.09117126464844,22.210430145263672,170.77240896374994
1,1,10,1,MRI_CCS_11,17.01030158996582,33.35361099243164,0.9270056486129761,170.77240896374994
1,1,11,4,MRI_FRR_257,14.710272789001465,34.34469985961914,0.1865498572587967,170.77240896374994
1,1,12,5,MRI_FRR_264,12.566740036010742,27.148229598999023,0.6360585689544678,170.77240896374994
1,1,13,5,MRI_FRR_264,7.829446315765381,17.369001388549805,0.02645397186279297,170.77240896374994
1,1,14,4,MRI_FRR_257,12.08311939239502,34.794795989990234,0.014430942945182323,170.77240896374994
1,1,15,5,MRI_FRR_264,4.222344875335693,8.535309791564941,18.721765518188477,170.77240896374994
1,1,16,16,MRI_FRR_256,2.9806947708129883,9.790453910827637,2.178972097427543e-14,170.77240896374994
1,1,17,1,MRI_CCS_11,15.820319175720215,33.316497802734375,10.423676490783691,170.77240896374994
1,1,18,4,MRI_FRR_257,8.742301940917969,25.083030700683594,0.00016325832984875888,170.77240896374994
1,1,19,5,MRI_FRR_264,3.494061231613159,7.370275497436523,0.44779205322265625,170.77240896374994
1,1,20,4,MRI_FRR_257,6.496695518493652,19.148252487182617,1.8214610815048218,170.77240896374994
1,1,21,8,MRI_FRR_34,1.4989027976989746,4.9224748611450195,0.009762847796082497,170.77240896374994
1,1,22,5,MRI_FRR_264,2.6302144527435303,6.0962677001953125,0.4234801232814789,170.77240896374994
1,1,23,16,MRI_FRR_256,2.0579257011413574,6.481848239898682,0.0013654304202646017,170.77240896374994
1,1,24,15,MRI_MSR_34,3.199587821960449,8.875680923461914,0.002206837059929967,170.77240896374994
1,1,25,16,MRI_FRR_256,1.8175020217895508,5.587049961090088,0.008585221134126186,170.77240896374994
1,1,26,9,MRI_MPT_1005,1.7007595300674438,5.483389377593994,3.418814958422445e-05,170.77240896374994
1,1,27,4,MRI_FRR_257,2.1918296813964844,6.259706497192383,3.2144391536712646,170.77240896374994
1,1,28,5,MRI_FRR_264,2.6878161430358887,6.0257086753845215,0.0930529236793518,170.77240896374994
1,1,29,4,MRI_FRR_257,2.3609120845794678,6.667802810668945,0.03963036835193634,170.77240896374994
1,1,30,4,MRI_FRR_257,2.4014291763305664,6.864802837371826,8.098309891603483e-13,170.77240896374994
1,1,31,4,MRI_FRR_257,2.4256138801574707,7.079676151275635,1.161117868520023e-09,170.77240896374994
1,1,32,5,MRI_FRR_264,2.658517599105835,6.7697553634643555,7.229827404022217,170.77240896374994
1,1,33,5,MRI_FRR_264,2.980771780014038,7.468460559844971,0.6817254424095154,170.77240896374994
1,1,34,5,MRI_FRR_264,2.8599865436553955,7.233834743499756,5.0258612632751465,170.77240896374994
1,1,35,4,MRI_FRR_257,2.3371732234954834,6.798827171325684,2.6232492018607445e-06,170.77240896374994
1,1,36,5,MRI_FRR_264,2.9366416931152344,6.979954242706299,0.07379628717899323,170.77240896374994
1,1,37,16,MRI_FRR_256,3.783418893814087,8.584541320800781,0.14741551876068115,170.77240896374994
1,1,38,8,MRI_FRR_34,0.3453541100025177,1.4111534357070923,2.152357068616051e-12,170.77240896374994
1,1,39,4,MRI_FRR_257,2.8183279037475586,6.804903030395508,0.16279864311218262,170.77240896374994
1,1,40,5,MRI_FRR_264,3.8691275119781494,7.064823627471924,0.011001408100128174,170.77240896374994
1,1,41,7,MRI_FRR_3,3.9747941493988037,8.139557838439941,14.007771492004395,170.77240896374994
1,1,42,16,MRI_FRR_256,6.071744918823242,6.730023384094238,1.5347845554351807,170.77240896374994
1,1,43,10,MRI_MSR_100,18.4124813079834,5.794837474822998,15.000567436218262,170.77240896374994
1,1,44,14,END,0.0251246877014637,0.10152726620435715,0.16866442561149597,170.77240896374994
1,2,0,11,START,0.02508397400379181,0.10143493115901947,1.6961666915449314e-06,892.1291157941133
1,2,1,11,START,0.025044063106179237,0.10149494558572769,0.23145779967308044,892.1291157941133
1,2,2,12,MRI_MSR_104,0.025114037096500397,0.10134466737508774,5.126728979121253e-07,892.1291157941133
1,2,3,6,MRI_FRR_2,17.501537322998047,21.525571823120117,52.49513244628906,892.1291157941133
1,2,4,4,MRI_FRR_257,11.010167121887207,9.049570083618164,12.500161170959473,892.1291157941133
1,2,5,5,MRI_FRR_264,4.491859436035156,12.786798477172852,0.08669012039899826,892.1291157941133
1,2,6,5,MRI_FRR_264,10.900516510009766,18.287839889526367,8.878289222717285,892.1291157941133
1,2,7,16,MRI_FRR_256,4.2024641036987305,15.259716033935547,0.06051480025053024,892.1291157941133
1,2,8,1,MRI_CCS_11,17.59082794189453,32.92618942260742,4.53726863861084,892.1291157941133
1,2,9,16,MRI_FRR_256,7.219112873077393,25.89041519165039,36.683494567871094,892.1291157941133
1,2,10,1,MRI_CCS_11,14.984633445739746,34.10089874267578,0.0039731524884700775,892.1291157941133
1,2,11,1,MRI_CCS_11,14.932010650634766,34.145755767822266,0.00112300761975348,892.1291157941133
1,2,12,16,MRI_FRR_256,7.632868766784668,27.3804874420166,3.580447655075975e-15,892.1291157941133
1,2,13,1,MRI_CCS_11,14.557969093322754,34.25920486450195,122.23902893066406,892.1291157941133
1,2,14,4,MRI_FRR_257,13.119999885559082,34.64737319946289,45.8482666015625,892.1291157941133
1,2,15,5,MRI_FRR_264,15.872047424316406,31.633098602294922,7.834506034851074,892.1291157941133
1,2,16,5,MRI_FRR_264,15.072416305541992,30.738819122314453,3.667501926422119,892.1291157941133
1,2,17,4,MRI_FRR_257,12.67486572265625,34.79534912109375,141.02854919433594,892.1291157941133
1,2,18,5,MRI_FRR_264,9.866198539733887,22.2789306640625,4.748921492137015e-05,892.1291157941133
1,2,19,4,MRI_FRR_257,11.85048770904541,34.867061614990234,0.008213476277887821,892.1291157941133
1,2,20,5,MRI_FRR_264,11.62887191772461,30.5180721282959,11.654335975646973,892.1291157941133
1,2,21,4,MRI_FRR_257,10.99419116973877,34.68381118774414,56.66740417480469,892.1291157941133
1,2,22,5,MRI_FRR_264,9.169172286987305,25.81026268005371,1.4482316146313678e-05,892.1291157941133
1,2,23,4,MRI_FRR_257,9.356542587280273,30.994060516357422,0.030949566513299942,892.1291157941133
1,2,24,5,MRI_FRR_264,4.6229071617126465,10.199531555175781,0.10939621925354004,892.1291157941133
1,2,25,4,MRI_FRR_257,7.223568916320801,23.763893127441406,0.36980634927749634,892.1291157941133
1,2,26,4,MRI_FRR_257,7.914881229400635,25.675756454467773,4.163177322880074e-07,892.1291157941133
1,2,27,5,MRI_FRR_264,5.80989408493042,8.689485549926758,0.01805451326072216,892.1291157941133
1,2,28,5,MRI_FRR_264,7.685361385345459,16.057025909423828,1.5875663757324219,892.1291157941133
1,2,29,16,MRI_FRR_256,5.695191860198975,16.72004508972168,12.321422576904297,892.1291157941133
1,2,30,8,MRI_FRR_34,0.026547079905867577,0.10727209597826004,0.014073049649596214,892.1291157941133
1,2,31,4,MRI_FRR_257,8.407379150390625,15.17480182647705,40.36177062988281,892.1291157941133
1,2,32,5,MRI_FRR_264,8.076092720031738,3.961174726486206,10.188962936401367,892.1291157941133
1,2,33,7,MRI_FRR_3,18.407337188720703,30.894702911376953,37.83308029174805,892.1291157941133
1,2,34,15,MRI_MSR_34,19.127531051635742,30.86733055114746,18.646148681640625,892.1291157941133
1,2,35,9,MRI_MPT_1005,1.5036572217941284,5.557128429412842,4.5668224797572114e-20,892.1291157941133
1,2,36,16,MRI_FRR_256,5.614315509796143,18.272401809692383,4.334760106416979e-09,892.1291157941133
1,2,37,16,MRI_FRR_256,7.965024948120117,26.02540397644043,4.002376079559326,892.1291157941133
1,2,38,2,MRI_EXU_95,12.387917518615723,34.77455520629883,1.6172764389921213e-06,892.1291157941133
1,2,39,10,MRI_MSR_100,10.87207317352295,34.778564453125,0.007649274077266455,892.1291157941133
1,2,40,12,MRI_MSR_104,0.0251560527831316,0.10182062536478043,1.167407026514411e-05,892.1291157941133
1,2,41,6,MRI_FRR_2,15.415611267089844,33.75285339355469,0.08989577740430832,892.1291157941133
1,2,42,4,MRI_FRR_257,12.80272102355957,34.72787094116211,0.0084100142121315,892.1291157941133
1,2,43,5,MRI_FRR_264,14.123111724853516,34.448116302490234,18.513568878173828,892.1291157941133
1,2,44,5,MRI_FRR_264,14.269428253173828,33.25014114379883,0.0018345124553889036,892.1291157941133
1,2,45,5,MRI_FRR_264,13.072343826293945,29.73307228088379,3.0613720417022705,892.1291157941133
1,2,46,16,MRI_FRR_256,5.736865520477295,19.09051513671875,6.764791965484619,892.1291157941133
1,2,47,1,MRI_CCS_11,14.417997360229492,34.36929702758789,31.831008911132812,892.1291157941133
1,2,48,16,MRI_FRR_256,5.254504203796387,17.73454475402832,0.031824152916669846,892.1291157941133
1,2,49,1,MRI_CCS_11,14.462369918823242,34.39383316040039,0.0010288935154676437,892.1291157941133
1,2,50,1,MRI_CCS_11,14.467021942138672,34.41944885253906,0.0034498018212616444,892.1291157941133
1,2,51,1,MRI_CCS_11,14.346582412719727,34.476287841796875,0.025345588102936745,892.1291157941133
1,2,52,16,MRI_FRR_256,6.3390984535217285,19.564083099365234,78.7965316772461,892.1291157941133
1,2,53,4,MRI_FRR_257,11.453158378601074,34.744747161865234,0.37062570452690125,892.1291157941133
1,2,54,5,MRI_FRR_264,8.703885078430176,20.831022262573242,8.16068172454834,892.1291157941133
1,2,55,5,MRI_FRR_264,7.1177263259887695,15.887869834899902,0.13362734019756317,892.1291157941133
1,2,56,5,MRI_FRR_264,5.433892726898193,10.05262279510498,0.0345306433737278,892.1291157941133
1,2,57,1,MRI_CCS_11,14.748512268066406,34.33016586303711,0.5893855690956116,892.1291157941133
1,2,58,16,MRI_FRR_256,5.818891525268555,18.36998748779297,2.711749792098999,892.1291157941133
1,2,59,4,MRI_FRR_257,11.331602096557617,34.77737045288086,8.885993003845215,892.1291157941133
1,2,60,5,MRI_FRR_264,9.591859817504883,26.55271339416504,12.614986419677734,892.1291157941133
1,2,61,16,MRI_FRR_256,6.768099308013916,18.71741485595703,5.290998458862305,892.1291157941133
1,2,62,4,MRI_FRR_257,12.043773651123047,33.22262954711914,0.2943265736103058,892.1291157941133
1,2,63,5,MRI_FRR_264,7.022552490234375,13.505620002746582,10.44947338104248,892.1291157941133
1,2,64,16,MRI_FRR_256,7.175990104675293,16.679426193237305,0.00016601885727141052,892.1291157941133
1,2,65,8,MRI_FRR_34,1.5859448909759521,5.96564245223999,3.0764918327331543,892.1291157941133
1,2,66,4,MRI_FRR_257,8.94184684753418,29.32478141784668,2.6042749881744385,892.1291157941133
1,2,67,5,MRI_FRR_264,4.449812412261963,8.489800453186035,0.15113364160060883,892.1291157941133
1,2,68,7,MRI_FRR_3,6.791141510009766,13.873377799987793,1.7067046165466309,892.1291157941133
1,2,69,15,MRI_MSR_34,13.098055839538574,24.72468376159668,0.7146387696266174,892.1291157941133
1,2,70,16,MRI_FRR_256,5.646971702575684,17.61519432067871,5.591000080108643,892.1291157941133
1,2,71,9,MRI_MPT_1005,5.491119861602783,19.84988784790039,8.736249570984178e-13,892.1291157941133
1,2,72,16,MRI_FRR_256,4.995078086853027,16.85387420654297,6.057169912310201e-07,892.1291157941133
1,2,73,10,MRI_MSR_100,10.184844970703125,33.53737258911133,59.70201873779297,892.1291157941133
1,2,74,14,END,0.025149302557110786,0.1014561653137207,1.93696572670099e-10,892.1291157941133
2,0,0,11,START,0.024974046275019646,0.10157306492328644,1.3506335273081476e-15,150.07478704184751
2,0,1,11,START,0.024932052940130234,0.10169064253568649,1.5896185914243688e-06,150.07478704184751
2,0,2,12,MRI_MSR_104,0.024967584758996964,0.10144585371017456,4.5351136040983064e-11,150.07478704184751
2,0,3,6,MRI_FRR_2,13.176462173461914,12.710686683654785,5.167288303375244,150.07478704184751
2,0,4,4,MRI_FRR_257,8.542881965637207,5.958826065063477,6.147281646728516,150.07478704184751
2,0,5,5,MRI_FRR_264,1.9586952924728394,5.69064998626709,3.7015185356140137,150.07478704184751
2,0,6,5,MRI_FRR_264,14.514575958251953,5.634908199310303,12.765917778015137,150.07478704184751
2,0,7,16,MRI_FRR_256,2.948775291442871,10.674002647399902,2.812988828416324e-13,150.07478704184751
2,0,8,1,MRI_CCS_11,20.47858238220215,30.286623001098633,0.000835710612591356,150.07478704184751
2,0,9,1,MRI_CCS_11,18.093971252441406,32.59109115600586,3.5013694763183594,150.07478704184751
2,0,10,16,MRI_FRR_256,4.074029922485352,14.399429321289062,7.829446792602539,150.07478704184751
2,0,11,4,MRI_FRR_257,14.697429656982422,34.31576919555664,0.880744993686676,150.07478704184751
2,0,12,5,MRI_FRR_264,14.013827323913574,34.450618743896484,0.8552516102790833,150.07478704184751
2,0,13,5,MRI_FRR_264,12.156410217285156,31.337785720825195,0.001747280010022223,150.07478704184751
2,0,14,1,MRI_CCS_11,15.173598289489746,34.19942855834961,11.147016525268555,150.07478704184751
2,0,15,4,MRI_FRR_257,14.1630220413208,33.791080474853516,0.1518484503030777,150.07478704184751
2,0,16,4,MRI_FRR_257,11.33695125579834,24.640398025512695,29.8846492767334,150.07478704184751
2,0,17,5,MRI_FRR_264,3.381209135055542,6.7378034591674805,5.024365425109863,150.07478704184751
2,0,18,5,MRI_FRR_264,2.574042797088623,5.642092227935791,3.560415279935114e-06,150.07478704184751
2,0,19,4,MRI_FRR_257,3.8988659381866455,11.638216972351074,2.0123634338378906,150.07478704184751
2,0,20,5,MRI_FRR_264,1.60027015209198,4.436090469360352,0.010387039743363857,150.07478704184751
2,0,21,16,MRI_FRR_256,1.5384941101074219,4.934791564941406,0.14657118916511536,150.07478704184751
2,0,22,8,MRI_FRR_34,0.7116239070892334,2.5403594970703125,6.674936594208702e-05,150.07478704184751
2,0,23,4,MRI_FRR_257,2.14556884765625,5.117949962615967,7.663782525924034e-06,150.07478704184751
2,0,24,5,MRI_FRR_264,6.0398664474487305,1.3717741966247559,7.458000183105469,150.07478704184751
2,0,25,7,MRI_FRR_3,9.647496223449707,7.267172813415527,11.715051651000977,150.07478704184751
2,0,26,15,MRI_MSR_34,7.461057186126709,12.957911491394043,15.681906700134277,150.07478704184751
2,0,27,16,MRI_FRR_256,1.2476361989974976,4.036120891571045,1.3620869140140712e-05,150.07478704184751
2,0,28,9,MRI_MPT_1005,0.5871195197105408,2.1925582885742188,3.8474064108769464e-31,150.07478704184751
2,0,29,16,MRI_FRR_256,8.33669662475586,7.644083023071289,5.51684045791626,150.07478704184751
2,0,30,10,MRI_MSR_100,18.06036949157715,2.9473378658294678,20.467988967895508,150.07478704184751
2,0,31,14,END,0.025016481056809425,0.101419597864151,0.006302430294454098,150.07478704184751
2,1,0,11,START,0.02496061846613884,0.10150192677974701,0.03798879310488701,361.7997270089778
2,1,1,11,START,0.024927550926804543,0.10162815451622009,8.697744533492369e-07,361.7997270089778
2,1,2,12,MRI_MSR_104,0.024983610957860947,0.10141491144895554,0.00040689020534045994,361.7997270089778
2,1,3,6,MRI_FRR_2,12.196084022521973,12.257567405700684,21.44877815246582,361.7997270089778
2,1,4,4,MRI_FRR_257,8.019258499145508,5.784727573394775,16.135398864746094,361.7997270089778
2,1,5,5,MRI_FRR_264,2.5915260314941406,6.897870063781738,0.0003350227780174464,361.7997270089778
2,1,6,5,MRI_FRR_264,10.300354957580566,7.701357841491699,5.262853622436523,361.7997270089778
2,1,7,16,MRI_FRR_256,2.9826231002807617,10.654853820800781,9.765154374008489e-08,361.7997270089778
2,1,8,1,MRI_CCS_11,20.676599502563477,27.422502517700195,30.74454689025879,361.7997270089778
2,1,9,5,MRI_FRR_264,15.542099952697754,34.080570220947266,0.0024184659123420715,361.7997270089778
2,1,10,15,MRI_MSR_34,14.230533599853516,34.27886199951172,0.5046396851539612,361.7997270089778
2,1,11,16,MRI_FRR_256,7.650774955749512,27.278223037719727,25.271743774414062,361.7997270089778
2,1,12,9,MRI_MPT_1005,8.76974868774414,31.49797821044922,3.4038429266997885e-16,361.7997270089778
2,1,13,1,MRI_CCS_11,15.059887886047363,34.132041931152344,0.0012755951611325145,361.7997270089778
2,1,14,4,MRI_FRR_257,14.438613891601562,34.32267761230469,0.001067622215487063,361.7997270089778
2,1,15,5,MRI_FRR_264,13.974822044372559,30.665164947509766,45.04518127441406,361.7997270089778
2,1,16,5,MRI_FRR_264,10.401090621948242,22.64869499206543,21.6983642578125,361.7997270089778
2,1,17,4,MRI_FRR_257,13.727333068847656,34.63783645629883,3.885923385620117,361.7997270089778
2,1,18,5,MRI_FRR_264,3.686870813369751,7.684901237487793,0.04306638240814209,361.7997270089778
2,1,19,4,MRI_FRR_257,12.594093322753906,34.822574615478516,130.30526733398438,361.7997270089778
2,1,20,5,MRI_FRR_264,2.948624849319458,6.0389814376831055,3.890272378921509,361.7997270089778
2,1,21,4,MRI_FRR_257,8.835309982299805,27.772123336791992,0.7256194353103638,361.7997270089778
2,1,22,4,MRI_FRR_257,5.682796955108643,17.884109497070312,3.3742092000466073e-06,361.7997270089778
2,1,23,5,MRI_FRR_264,1.8039259910583496,4.528728008270264,10.18095874786377,361.7997270089778
2,1,24,5,MRI_FRR_264,1.7010626792907715,4.426701068878174,5.205232689320383e-09,361.7997270089778
2,1,25,4,MRI_FRR_257,2.0489580631256104,6.064015865325928,8.513987995684147e-05,361.7997270089778
2,1,26,5,MRI_FRR_264,1.7296797037124634,4.062763214111328,0.0008339641499333084,361.7997270089778
2,1,27,16,MRI_FRR_256,1.5006073713302612,4.610946178436279,0.22949384152889252,361.7997270089778
2,1,28,8,MRI_FRR_34,0.6706884503364563,2.4177262783050537,1.5612809439388697e-14,361.7997270089778
2,1,29,4,MRI_FRR_257,2.7898848056793213,5.494145393371582,6.585531234741211,361.7997270089778
2,1,30,5,MRI_FRR_264,6.15386438369751,1.7130988836288452,5.491217136383057,361.7997270089778
2,1,31,16,MRI_FRR_256,6.396694660186768,4.267972469329834,12.329612731933594,361.7997270089778
2,1,32,6,MRI_FRR_2,2.5079193115234375,1.177487850189209,2.4012374877929688,361.7997270089778
2,1,33,6,MRI_FRR_2,1.832828164100647,1.1389540433883667,2.792487144470215,361.7997270089778
2,1,34,6,MRI_FRR_2,1.3911232948303223,1.1335302591323853,0.08780389279127121,361.7997270089778
2,1,35,6,MRI_FRR_2,1.04352605342865,1.1721464395523071,0.2606045603752136,361.7997270089778
2,1,36,6,MRI_FRR_2,0.9700897336006165,1.3133999109268188,0.3714383840560913,361.7997270089778
2,1,37,10,MRI_MSR_100,11.159660339355469,3.9214515686035156,16.063270568847656,361.7997270089778
2,1,38,14,END,0.025005362927913666,0.10139451920986176,3.6084667426414946e-14,361.7997270089778
2,2,0,11,START,0.024961359798908234,0.10172044485807419,0.009837299585342407,170.7914147686285
2,2,1,11,START,0.024928642436861992,0.10202661156654358,6.3465894761804975e-09,170.7914147686285
2,2,2,12,MRI_MSR_104,0.0249631404876709,0.10173511505126953,0.05042553320527077,170.7914147686285
2,2,3,6,MRI_FRR_2,16.34563636779785,17.973058700561523,18.444923400878906,170.7914147686285
2,2,4,4,MRI_FRR_257,9.305574417114258,6.821228504180908,1.9087409973144531,170.7914147686285
2,2,5,5,MRI_FRR_264,1.3807963132858276,4.519261360168457,0.21300193667411804,170.7914147686285
2,2,6,16,MRI_FRR_256,1.6069647073745728,5.739180564880371,5.904539648327045e-06,170.7914147686285
2,2,7,5,MRI_FRR_264,2.6869187355041504,9.675712585449219,3.5748616937780753e-06,170.7914147686285
2,2,8,1,MRI_CCS_11,20.85016632080078,29.829193115234375,13.843315124511719,170.7914147686285
2,2,9,15,MRI_MSR_34,13.780109405517578,34.36312484741211,0.0005424064584076405,170.7914147686285
2,2,10,16,MRI_FRR_256,5.017221450805664,17.722990036010742,0.02172285132110119,170.7914147686285
2,2,11,9,MRI_MPT_1005,7.167004585266113,26.026269912719727,5.0104851722717285,170.7914147686285
2,2,12,5,MRI_FRR_264,13.655405044555664,34.6245002746582,0.058188118040561676,170.7914147686285
2,2,13,1,MRI_CCS_11,14.233819961547852,34.35102081298828,73.02427673339844,170.7914147686285
2,2,14,16,MRI_FRR_256,4.720843315124512,16.541410446166992,0.37960249185562134,170.7914147686285
2,2,15,4,MRI_FRR_257,14.004590034484863,34.462467193603516,9.188677787780762,170.7914147686285
2,2,16,4,MRI_FRR_257,13.9951171875,34.5430793762207,0.004443227779120207,170.7914147686285
2,2,17,5,MRI_FRR_264,4.026055812835693,8.646980285644531,4.9323385610478e-05,170.7914147686285
2,2,18,5,MRI_FRR_264,3.2278292179107666,6.6120405197143555,0.14269782602787018,170.7914147686285
2,2,19,4,MRI_FRR_257,10.27367877960205,30.625410079956055,2.1782343537779525e-06,170.7914147686285
2,2,20,4,MRI_FRR_257,8.38997745513916,25.35354232788086,1.778834848664701e-05,170.7914147686285
2,2,21,5,MRI_FRR_264,2.837430953979492,5.753843784332275,0.31025430560112,170.7914147686285
2,2,22,5,MRI_FRR_264,2.3284225463867188,5.2874298095703125,6.720089912414551,170.7914147686285
2,2,23,4,MRI_FRR_257,2.946927547454834,8.63278865814209,1.3903555870056152,170.7914147686285
2,2,24,5,MRI_FRR_264,1.8614542484283447,4.65087366104126,5.5515374697279185e-05,170.7914147686285
2,2,25,16,MRI_FRR_256,1.4270243644714355,4.445554256439209,2.7908138022780804e-09,170.7914147686285
2,2,26,8,MRI_FRR_34,0.6428742408752441,2.29304575920105,0.02128973975777626,170.7914147686285
2,2,27,4,MRI_FRR_257,2.3819456100463867,5.8820343017578125,0.0007137462962418795,170.7914147686285
2,2,28,5,MRI_FRR_264,5.995309352874756,2.0863308906555176,7.8180928230285645,170.7914147686285
2,2,29,7,MRI_FRR_3,10.576281547546387,10.196337699890137,14.26460075378418,170.7914147686285
2,2,30,16,MRI_FRR_256,6.70339298248291,8.39295768737793,0.19912564754486084,170.7914147686285
2,2,31,10,MRI_MSR_100,17.64118194580078,2.677152156829834,17.754179000854492,170.7914147686285
2,2,32,14,END,0.02501174621284008,0.10151790827512741,0.011698051355779171,170.7914147686285
3,0,0,11,START,0.024966532364487648,0.10166797041893005,6.439304645056154e-10,154.8951433397389
3,0,1,11,START,0.024935828521847725,0.10181555896997452,0.006408010609447956,154.8951433397389
3,0,2,12,MRI_MSR_104,0.02499624341726303,0.10152581334114075,1.982981778780868e-08,154.8951433397389
3,0,3,6,MRI_FRR_2,14.556463241577148,14.91054630279541,9.471360206604004,154.8951433397389
3,0,4,4,MRI_FRR_257,8.873032569885254,6.484728813171387,11.863546371459961,154.8951433397389
3,0,5,5,MRI_FRR_264,4.60605525970459,8.012247085571289,1.4702147245407104,154.8951433397389
3,0,6,5,MRI_FRR_264,12.399041175842285,6.073420524597168,9.742037773132324,154.8951433397389
3,0,7,16,MRI_FRR_256,2.899744749069214,10.407622337341309,0.00042490381747484207,154.8951433397389
3,0,8,5,MRI_FRR_264,16.047470092773438,33.82857131958008,29.699684143066406,154.8951433397389
3,0,9,4,MRI_FRR_257,14.628239631652832,34.2503662109375,25.981525421142578,154.8951433397389
3,0,10,5,MRI_FRR_264,14.480681419372559,34.43439865112305,0.1556352972984314,154.8951433397389
3,0,11,5,MRI_FRR_264,14.466588020324707,34.423160552978516,7.851833343505859,154.8951433397389
3,0,12,4,MRI_FRR_257,12.589333534240723,34.7857666015625,0.00017524894792586565,154.8951433397389
3,0,13,5,MRI_FRR_264,10.712991714477539,27.870532989501953,5.364091396331787,154.8951433397389
3,0,14,1,MRI_CCS_11,14.914105415344238,34.2641487121582,6.546499520254656e-08,154.8951433397389
3,0,15,16,MRI_FRR_256,2.814587354660034,9.262842178344727,5.495951175689697,154.8951433397389
3,0,16,4,MRI_FRR_257,14.029777526855469,32.88228988647461,9.82430362701416,154.8951433397389
3,0,17,5,MRI_FRR_264,4.188231468200684,8.30001163482666,0.18284837901592255,154.8951433397389
3,0,18,4,MRI_FRR_257,6.300759315490723,18.687101364135742,2.958789810381113e-11,154.8951433397389
3,0,19,4,MRI_FRR_257,4.184452056884766,12.827529907226562,5.571168415485772e-08,154.8951433397389
3,0,20,16,MRI_FRR_256,1.5427325963974,4.881359577178955,0.3939110040664673,154.8951433397389
3,0,21,8,MRI_FRR_34,1.0032241344451904,3.365992546081543,5.363635091626406e-10,154.8951433397389
3,0,22,5,MRI_FRR_264,1.3630367517471313,3.993652582168579,0.04427799955010414,154.8951433397389
3,0,23,4,MRI_FRR_257,2.1029040813446045,5.235317230224609,0.00011275299766566604,154.8951433397389
3,0,24,5,MRI_FRR_264,5.590315818786621,1.7820820808410645,7.17032527923584,154.8951433397389
3,0,25,15,MRI_MSR_34,7.3207292556762695,9.955737113952637,1.7488151788711548,154.8951433397389
3,0,26,16,MRI_FRR_256,1.3227325677871704,4.073099613189697,0.00024663700605742633,154.8951433397389
3,0,27,9,MRI_MPT_1005,0.8847697377204895,3.006502389907837,1.956037522177212e-06,154.8951433397389
3,0,28,7,MRI_FRR_3,2.481837749481201,7.0229315757751465,3.233393430709839,154.8951433397389
3,0,29,16,MRI_FRR_256,7.191736698150635,7.059021472930908,8.370927810668945,154.8951433397389
3,0,30,2,MRI_EXU_95,16.573040008544922,2.522644519805908,16.81975555419922,154.8951433397389
3,0,31,10,MRI_MSR_100,0.02512659877538681,0.10195314884185791,1.551454381631956e-10,154.8951433397389
3,0,32,14,END,0.02501918002963066,0.10141861438751221,0.0033355718478560448,154.8951433397389
3,1,0,11,START,0.024998921900987625,0.10168245434761047,2.5745425811090325e-18,298.6191417793411
3,1,1,11,START,0.02496900036931038,0.10180578380823135,9.229331708604516e-12,298.6191417793411
3,1,2,12,MRI_MSR_104,0.02503017522394657,0.10150860249996185,3.2206523314926017e-07,298.6191417793411
3,1,3,6,MRI_FRR_2,12.166837692260742,12.038787841796875,8.448774337768555,298.6191417793411
3,1,4,4,MRI_FRR_257,8.44332218170166,5.396467685699463,3.9821829795837402,298.6191417793411
3,1,5,5,MRI_FRR_264,1.0040305852890015,3.5925774574279785,16.704017639160156,298.6191417793411
3,1,6,5,MRI_FRR_264,1.1155402660369873,4.072614669799805,1.5388917745440267e-05,298.6191417793411
3,1,7,1,MRI_CCS_11,21.902692794799805,27.014570236206055,14.889582633972168,298.6191417793411
3,1,8,5,MRI_FRR_264,18.613834381103516,31.41400718688965,1.5694128274917603,298.6191417793411
3,1,9,16,MRI_FRR_256,4.539331912994385,16.008468627929688,0.3602755069732666,298.6191417793411
3,1,10,5,MRI_FRR_264,15.029851913452148,34.22438430786133,0.000902267056517303,298.6191417793411
3,1,11,5,MRI_FRR_264,14.954779624938965,34.2861328125,0.016790028661489487,298.6191417793411
3,1,12,4,MRI_FRR_257,13.808277130126953,34.4434700012207,1.8741708993911743,298.6191417793411
3,1,13,5,MRI_FRR_264,13.050995826721191,31.257450103759766,7.347568035125732,298.6191417793411
3,1,14,5,MRI_FRR_264,6.8896803855896,15.221719741821289,0.3435077667236328,298.6191417793411
3,1,15,1,MRI_CCS_11,15.78931713104248,33.927459716796875,84.36079406738281,298.6191417793411
3,1,16,1,MRI_CCS_11,16.051095962524414,33.80668258666992,50.13846206665039,298.6191417793411
3,1,17,4,MRI_FRR_257,13.495923042297363,33.97031784057617,52.80543518066406,298.6191417793411
3,1,18,5,MRI_FRR_264,3.789216995239258,6.929741382598877,0.07243704795837402,298.6191417793411
3,1,19,4,MRI_FRR_257,10.464073181152344,28.962697982788086,1.6607982615823857e-06,298.6191417793411
3,1,20,4,MRI_FRR_257,7.05974817276001,20.13294792175293,8.431433502764651e-12,298.6191417793411
3,1,21,5,MRI_FRR_264,2.715698480606079,5.67031192779541,0.049703702330589294,298.6191417793411
3,1,22,4,MRI_FRR_257,2.6847479343414307,7.753369331359863,0.0004203661810606718,298.6191417793411
3,1,23,5,MRI_FRR_264,1.9366180896759033,4.682576656341553,11.831072807312012,298.6191417793411
3,1,24,4,MRI_FRR_257,1.7752342224121094,5.178652286529541,1.103676083857863e-08,298.6191417793411
3,1,25,16,MRI_FRR_256,1.5159850120544434,4.603585720062256,3.336890459060669,298.6191417793411
3,1,26,8,MRI_FRR_34,1.0161453485488892,3.3849220275878906,0.07948832958936691,298.6191417793411
3,1,27,5,MRI_FRR_264,2.730344295501709,5.242341041564941,2.354377269744873,298.6191417793411
3,1,28,4,MRI_FRR_257,2.6347756385803223,5.589560508728027,9.099174499511719,298.6191417793411
3,1,29,5,MRI_FRR_264,2.7333855628967285,5.602288246154785,1.1403999328613281,298.6191417793411
3,1,30,15,MRI_MSR_34,4.641487121582031,12.65279483795166,2.4277301235997584e-06,298.6191417793411
3,1,31,16,MRI_FRR_256,1.5954413414001465,4.792963027954102,1.7751766443252563,298.6191417793411
3,1,32,9,MRI_MPT_1005,0.936396062374115,3.2173454761505127,0.002743657911196351,298.6191417793411
3,1,33,16,MRI_FRR_256,7.007856369018555,6.110152244567871,7.497572898864746,298.6191417793411
3,1,34,6,MRI_FRR_2,2.0823237895965576,2.121138334274292,0.8702287673950195,298.6191417793411
3,1,35,7,MRI_FRR_3,1.7498725652694702,4.918393611907959,0.02224433794617653,298.6191417793411
3,1,36,2,MRI_EXU_95,15.640535354614258,2.775172233581543,17.431934356689453,298.6191417793411
3,1,37,10,MRI_MSR_100,0.05536472424864769,0.19690164923667908,0.00026336792507208884,298.6191417793411
3,1,38,14,END,0.025039801374077797,0.10146581381559372,0.21311728656291962,298.6191417793411
3,2,0,11,START,0.025080129504203796,0.10144974291324615,8.981404306478599e-21,706.0192860755557
3,2,1,11,START,0.02506929077208042,0.10144675523042679,9.701809355888713e-10,706.0192860755557
3,2,2,11,START,0.025065170601010323,0.10141848772764206,1.1730876415660257e-13,706.0192860755557
3,2,3,11,START,0.025084948167204857,0.10140760987997055,1.2441894883679575e-30,706.0192860755557
3,2,4,11,START,0.025101451203227043,0.10145200043916702,1.570980430187774e-07,706.0192860755557
3,2,5,11,START,0.025109615176916122,0.1014954149723053,8.779062893315981e-11,706.0192860755557
3,2,6,11,START,0.025106817483901978,0.10151699930429459,5.321298885974102e-07,706.0192860755557
3,2,7,11,START,0.025098511949181557,0.10150488466024399,1.2559996598326961e-08,706.0192860755557
3,2,8,11,START,0.025089344009757042,0.10150928050279617,0.00010785754420794547,706.0192860755557
3,2,9,11,START,0.025096479803323746,0.10151313245296478,1.3911958376411349e-05,706.0192860755557
3,2,10,11,START,0.025111665949225426,0.10149383544921875,0.3268588185310364,706.0192860755557
3,2,11,11,START,0.02511732466518879,0.1014905646443367,0.001844538375735283,706.0192860755557
3,2,12,11,START,0.025116395205259323,0.1015039011836052,1.1264105696361798e-13,706.0192860755557
3,2,13,11,START,0.02511478029191494,0.10152808576822281,2.5990893846028484e-05,706.0192860755557
3,2,14,11,START,0.02511727064847946,0.1015625,4.4861262722406536e-05,706.0192860755557
3,2,15,11,START,0.025126446038484573,0.10161692649126053,0.07208926230669022,706.0192860755557
3,2,16,11,START,0.025136670097708702,0.1016608476638794,2.4980485943286517e-22,706.0192860755557
3,2,17,11,START,0.02514048106968403,0.10166849941015244,7.682449244868136e-19,706.0192860755557
3,2,18,11,START,0.025133704766631126,0.10164571553468704,2.9066084607620724e-05,706.0192860755557
3,2,19,11,START,0.02512713149189949,0.1016332134604454,1.7096936713589805e-11,706.0192860755557
3,2,20,11,START,0.025124575942754745,0.10164748877286911,1.5403513967809923e-12,706.0192860755557
3,2,21,11,START,0.025122743099927902,0.10164724290370941,1.4963783545596243e-09,706.0192860755557
3,2,22,11,START,0.02511734701693058,0.10161125659942627,6.116818894952303e-06,706.0192860755557
3,2,23,11,START,0.025112470611929893,0.1015823483467102,7.380179312121982e-08,706.0192860755557
3,2,24,11,START,0.025109874084591866,0.10157530009746552,1.7790572348630462e-09,706.0192860755557
3,2,25,11,START,0.02510542795062065,0.10156448930501938,9.590905847289832e-10,706.0192860755557
3,2,26,11,START,0.02510084956884384,0.10155270993709564,3.3824306910901214e-08,706.0192860755557
3,2,27,11,START,0.025097733363509178,0.10153616964817047,2.405079435986612e-26,706.0192860755557
3,2,28,11,START,0.025097792968153954,0.10152403265237808,2.6984484254293645e-14,706.0192860755557
3,2,29,11,START,0.025098856538534164,0.10150815546512604,1.1996689415255581e-14,706.0192860755557
3,2,30,11,START,0.025098856538534164,0.1014983206987381,0.0038606079760938883,706.0192860755557
3,2,31,11,START,0.025099387392401695,0.10149317979812622,5.92841271459041e-17,706.0192860755557
3,2,32,11,START,0.02510000206530094,0.10149934887886047,0.017323853448033333,706.0192860755557
3,2,33,11,START,0.025100547820329666,0.10150527209043503,2.0818326560369747e-19,706.0192860755557
3,2,34,11,START,0.025101160630583763,0.10150659084320068,1.1754943508222875e-38,706.0192860755557
3,2,35,11,START,0.025101155042648315,0.10150634497404099,0.00011541069397935644,706.0192860755557
3,2,36,12,MRI_MSR_104,0.025100357830524445,0.10151078552007675,7.529745598734705e-13,706.0192860755557
3,2,37,12,MRI_MSR_104,0.025097768753767014,0.1015247330069542,1.153572247858392e-05,706.0192860755557
3,2,38,12,MRI_MSR_104,0.025099681690335274,0.10155421495437622,0.003281812183558941,706.0192860755557
3,2,39,12,MRI_MSR_104,0.02510610967874527,0.10157367587089539,1.3661581324538817e-16,706.0192860755557
3,2,40,12,MRI_MSR_104,0.025106798857450485,0.10153255611658096,1.0512111003890823e-07,706.0192860755557
3,2,41,12,MRI_MSR_104,0.025105055421590805,0.10149411857128143,3.606627885233138e-09,706.0192860755557
3,2,42,12,MRI_MSR_104,0.025102324783802032,0.10148157924413681,8.949776683642163e-13,706.0192860755557
3,2,43,12,MRI_MSR_104,0.025098973885178566,0.1014842838048935,0.010505648329854012,706.0192860755557
3,2,44,12,MRI_MSR_104,0.0250947717577219,0.10149361193180084,0.000909260066691786,706.0192860755557
3,2,45,12,MRI_MSR_104,0.02509140968322754,0.10150319337844849,0.00029596866806969047,706.0192860755557
3,2,46,12,MRI_MSR_104,0.025091351941227913,0.10151668637990952,0.027703916653990746,706.0192860755557
3,2,47,12,MRI_MSR_104,0.025093354284763336,0.10152790695428848,0.0005764858797192574,706.0192860755557
3,2,48,12,MRI_MSR_104,0.025094885379076004,0.10152485966682434,2.608176905515274e-14,706.0192860755557
3,2,49,12,MRI_MSR_104,0.025093762204051018,0.10151128470897675,0.006137235555797815,706.0192860755557
3,2,50,12,MRI_MSR_104,0.02509222738444805,0.10150483250617981,0.001274198992177844,706.0192860755557
3,2,51,12,MRI_MSR_104,0.025091370567679405,0.10151173919439316,0.004222450777888298,706.0192860755557
3,2,52,12,MRI_MSR_104,0.02509360760450363,0.10152195394039154,0.10998909175395966,706.0192860755557
3,2,53,12,MRI_MSR_104,0.02509588934481144,0.10153134167194366,0.04728753864765167,706.0192860755557
3,2,54,12,MRI_MSR_104,0.025094572454690933,0.10153157263994217,1.5457394511031453e-06,706.0192860755557
3,2,55,12,MRI_MSR_104,0.025087902322411537,0.10153067857027054,1.1166328306444484e-08,706.0192860755557
3,2,56,12,MRI_MSR_104,0.025073423981666565,0.10153882205486298,0.005638419184833765,706.0192860755557
3,2,57,12,MRI_MSR_104,0.025064697489142418,0.10153189301490784,0.003757104277610779,706.0192860755557
3,2,58,12,MRI_MSR_104,0.025069089606404305,0.10150542855262756,1.62652111157513e-06,706.0192860755557
3,2,59,12,MRI_MSR_104,0.025079315528273582,0.10148176550865173,0.15073317289352417,706.0192860755557
3,2,60,12,MRI_MSR_104,0.025087200105190277,0.10147523134946823,1.5557432561763562e-05,706.0192860755557
3,2,61,12,MRI_MSR_104,0.025087157264351845,0.10148052126169205,0.17505641281604767,706.0192860755557
3,2,62,12,MRI_MSR_104,0.02508227340877056,0.10148858278989792,2.9314224658794075e-11,706.0192860755557
3,2,63,12,MRI_MSR_104,0.02507730759680271,0.10150270164012909,3.0796513231778007e-19,706.0192860755557
3,2,64,12,MRI_MSR_104,0.02507658675312996,0.10150885581970215,1.0303338626727054e-08,706.0192860755557
3,2,65,12,MRI_MSR_104,0.025079751387238503,0.10148898512125015,0.6531752347946167,706.0192860755557
3,2,66,12,MRI_MSR_104,0.025082610547542572,0.10145740956068039,1.1303166735920911e-10,706.0192860755557
3,2,67,12,MRI_MSR_104,0.02508487179875374,0.1014416441321373,3.1091962338081203e-09,706.0192860755557
3,2,68,12,MRI_MSR_104,0.025085462257266045,0.10143863409757614,0.0027184300124645233,706.0192860755557
3,2,69,12,MRI_MSR_104,0.0250830240547657,0.10144107043743134,1.6590715223861773e-17,706.0192860755557
3,2,70,12,MRI_MSR_104,0.02508256956934929,0.10144489258527756,0.0015304932603612542,706.0192860755557
3,2,71,12,MRI_MSR_104,0.025085385888814926,0.10144644975662231,4.119195727980696e-05,706.0192860755557
3,2,72,12,MRI_MSR_104,0.025086408481001854,0.10143795609474182,0.06251729279756546,706.0192860755557
3,2,73,12,MRI_MSR_104,0.025078117847442627,0.10142780840396881,1.8664278456093086e-11,706.0192860755557
3,2,74,6,MRI_FRR_2,21.572063446044922,28.512866973876953,4.39626407623291,706.0192860755557
3,2,75,6,MRI_FRR_2,21.42076301574707,28.737951278686523,4.333742141723633,706.0192860755557
3,2,76,4,MRI_FRR_257,21.198997497558594,28.9717960357666,3.8207502365112305,706.0192860755557
3,2,77,15,MRI_MSR_34,21.65457534790039,28.261232376098633,14.697648048400879,706.0192860755557
3,2,78,6,MRI_FRR_2,21.552837371826172,28.57672691345215,0.003150756936520338,706.0192860755557
3,2,79,4,MRI_FRR_257,21.546850204467773,28.454618453979492,10.62301254272461,706.0192860755557
3,2,80,6,MRI_FRR_2,21.863073348999023,28.1499080657959,20.58005142211914,706.0192860755557
3,2,81,4,MRI_FRR_257,21.685514450073242,28.29035758972168,28.934284210205078,706.0192860755557
3,2,82,4,MRI_FRR_257,21.660375595092773,28.3590145111084,9.298924446105957,706.0192860755557
3,2,83,4,MRI_FRR_257,21.62186050415039,28.42218780517578,3.142188787460327,706.0192860755557
3,2,84,4,MRI_FRR_257,21.540189743041992,28.5224666595459,9.369656562805176,706.0192860755557
3,2,85,4,MRI_FRR_257,21.397220611572266,28.722951889038086,2.3399434089660645,706.0192860755557
3,2,86,4,MRI_FRR_257,21.25348663330078,28.97536849975586,0.0003836074029095471,706.0192860755557
3,2,87,6,MRI_FRR_2,21.459285736083984,28.82132911682129,6.770078659057617,706.0192860755557
3,2,88,4,MRI_FRR_257,21.32282829284668,28.879047393798828,7.633877277374268,706.0192860755557
3,2,89,4,MRI_FRR_257,21.34540367126465,28.837646484375,17.712100982666016,706.0192860755557
3,2,90,15,MRI_MSR_34,21.833616256713867,28.084768295288086,11.89997673034668,706.0192860755557
3,2,91,4,MRI_FRR_257,21.25326919555664,28.89500617980957,42.051483154296875,706.0192860755557
3,2,92,4,MRI_FRR_257,21.176239013671875,28.99723243713379,67.45703125,706.0192860755557
3,2,93,6,MRI_FRR_2,21.67258644104004,28.396364212036133,2.252882719039917,706.0192860755557
3,2,94,15,MRI_MSR_34,21.60953712463379,28.43888282775879,1.8052489757537842,706.0192860755557
3,2,95,4,MRI_FRR_257,20.769407272338867,29.630781173706055,52.36769104003906,706.0192860755557
3,2,96,6,MRI_FRR_2,21.60065460205078,28.539958953857422,7.007440567016602,706.0192860755557
3,2,97,4,MRI_FRR_257,20.53924560546875,29.920122146606445,0.02719641663134098,706.0192860755557
3,2,98,6,MRI_FRR_2,21.94091796875,27.979841232299805,27.11876678466797,706.0192860755557
3,2,99,4,MRI_FRR_257,20.959077835083008,29.438875198364258,12.068062782287598,706.0192860755557
3,2,100,4,MRI_FRR_257,21.174531936645508,29.15485191345215,0.7419127225875854,706.0192860755557
3,2,101,4,MRI_FRR_257,21.223217010498047,29.083629608154297,29.268224716186523,706.0192860755557
3,2,102,4,MRI_FRR_257,21.184110641479492,29.118257522583008,3.4850330352783203,706.0192860755557
3,2,103,5,MRI_FRR_264,20.870058059692383,29.7419376373291,6.0306620597839355,706.0192860755557
3,2,104,15,MRI_MSR_34,21.692554473876953,28.24164390563965,17.693519592285156,706.0192860755557
3,2,105,4,MRI_FRR_257,21.007570266723633,29.445049285888672,45.89793395996094,706.0192860755557
3,2,106,4,MRI_FRR_257,20.797151565551758,29.9882755279541,18.158803939819336,706.0192860755557
3,2,107,4,MRI_FRR_257,21.49287223815918,28.981714248657227,14.739896774291992,706.0192860755557
3,2,108,4,MRI_FRR_257,20.59449577331543,30.135255813598633,32.42008590698242,706.0192860755557
3,2,109,4,MRI_FRR_257,18.91560173034668,31.87864875793457,28.97140884399414,706.0192860755557
3,2,110,5,MRI_FRR_264,9.225288391113281,12.109808921813965,8.270458221435547,706.0192860755557
3,2,111,4,MRI_FRR_257,14.030057907104492,34.52120590209961,0.006900949869304895,706.0192860755557
3,2,112,6,MRI_FRR_2,14.793410301208496,14.806408882141113,34.770973205566406,706.0192860755557
3,2,113,15,MRI_MSR_34,5.300478458404541,8.25306510925293,5.849468231201172,706.0192860755557
3,2,114,4,MRI_FRR_257,5.587604522705078,10.723470687866211,2.527596950531006,706.0192860755557
3,2,115,16,MRI_FRR_256,5.94643497467041,17.579702377319336,3.352378097343234e-11,706.0192860755557
3,2,116,5,MRI_FRR_264,7.182870864868164,8.183680534362793,3.449943780899048,706.0192860755557
3,2,117,15,MRI_MSR_34,9.980554580688477,24.590028762817383,33.12826156616211,706.0192860755557
3,2,118,5,MRI_FRR_264,6.080092430114746,9.927401542663574,0.007841909304261208,706.0192860755557
3,2,119,4,MRI_FRR_257,6.545527458190918,15.169306755065918,4.651959419250488,706.0192860755557
3,2,120,16,MRI_FRR_256,3.011640787124634,9.335173606872559,3.7341654213207676e-09,706.0192860755557
3,2,121,4,MRI_FRR_257,6.841989040374756,11.366771697998047,0.29416146874427795,706.0192860755557
3,2,122,4,MRI_FRR_257,7.75919246673584,13.223311424255371,27.853727340698242,706.0192860755557
3,2,123,5,MRI_FRR_264,6.009756565093994,10.521581649780273,6.860709190368652,706.0192860755557
3,2,124,5,MRI_FRR_264,6.707736492156982,10.40518856048584,1.7428902387619019,706.0192860755557
3,2,125,15,MRI_MSR_34,6.2210259437561035,11.213998794555664,0.14629894495010376,706.0192860755557
3,2,126,4,MRI_FRR_257,9.971379280090332,19.962444305419922,9.649072647094727,706.0192860755557
4,0,0,11,START,0.025026556104421616,0.1016281247138977,8.268173587566707e-06,301.79145020971043
4,0,1,11,START,0.024990346282720566,0.10183220356702805,1.6064362284851086e-08,301.79145020971043
4,0,2,12,MRI_MSR_104,0.025045868009328842,0.10151832550764084,0.006145932245999575,301.79145020971043
4,0,3,6,MRI_FRR_2,15.68269157409668,16.09056854248047,4.155357360839844,301.79145020971043
4,0,4,4,MRI_FRR_257,8.835693359375,5.764878273010254,19.463056564331055,301.79145020971043
4,0,5,5,MRI_FRR_264,0.9861506819725037,3.5391952991485596,4.618039284309816e-08,301.79145020971043
4,0,6,5,MRI_FRR_264,1.2113642692565918,4.405153751373291,2.168193802276619e-08,301.79145020971043
4,0,7,1,MRI_CCS_11,22.426681518554688,27.355274200439453,2.026448965072632,301.79145020971043
4,0,8,5,MRI_FRR_264,18.185340881347656,32.52629470825195,0.25749340653419495,301.79145020971043
4,0,9,16,MRI_FRR_256,5.135242462158203,17.99395179748535,1.0333306818210986e-05,301.79145020971043
4,0,10,1,MRI_CCS_11,17.011857986450195,33.248233795166016,26.82259750366211,301.79145020971043
4,0,11,16,MRI_FRR_256,6.426730632781982,22.805011749267578,2.0109150409698486,301.79145020971043
4,0,12,5,MRI_FRR_264,14.893855094909668,34.36715316772461,0.139017254114151,301.79145020971043
4,0,13,4,MRI_FRR_257,13.169602394104004,34.6698112487793,1.038839340209961,301.79145020971043
4,0,14,5,MRI_FRR_264,10.07812786102295,24.508359909057617,10.12735652923584,301.79145020971043
4,0,15,4,MRI_FRR_257,12.765868186950684,34.829742431640625,92.78303527832031,301.79145020971043
4,0,16,5,MRI_FRR_264,4.873211860656738,9.923674583435059,1.7076284885406494,301.79145020971043
4,0,17,1,MRI_CCS_11,15.336041450500488,34.17860794067383,5.210407257080078,301.79145020971043
4,0,18,16,MRI_FRR_256,2.14532732963562,6.768830299377441,1.2653492738600195e-15,301.79145020971043
4,0,19,4,MRI_FRR_257,10.693224906921387,29.1391544342041,4.788963794708252,301.79145020971043
4,0,20,5,MRI_FRR_264,3.2568087577819824,6.027676582336426,0.14997822046279907,301.79145020971043
4,0,21,4,MRI_FRR_257,5.35131311416626,15.51749038696289,64.2059555053711,301.79145020971043
4,0,22,16,MRI_FRR_256,1.806335210800171,5.632411956787109,0.3276505172252655,301.79145020971043
4,0,23,8,MRI_FRR_34,1.0083261728286743,3.39971661567688,0.00027309864526614547,301.79145020971043
4,0,24,5,MRI_FRR_264,1.9205880165100098,4.734616756439209,0.9592058062553406,301.79145020971043
4,0,25,4,MRI_FRR_257,2.1786913871765137,5.271759986877441,16.153757095336914,301.79145020971043
4,0,26,5,MRI_FRR_264,4.649963855743408,3.3081154823303223,7.157019138336182,301.79145020971043
4,0,27,15,MRI_MSR_34,13.454400062561035,12.072773933410645,1.9913426637649536,301.79145020971043
4,0,28,16,MRI_FRR_256,1.4437756538391113,4.466951847076416,0.0011589627247303724,301.79145020971043
4,0,29,9,MRI_MPT_1005,0.7872027158737183,2.755052328109741,0.0009235612815245986,301.79145020971043
4,0,30,7,MRI_FRR_3,2.75783109664917,7.614884853363037,1.9011011318070814e-05,301.79145020971043
4,0,31,16,MRI_FRR_256,8.197000503540039,7.174988269805908,23.987974166870117,301.79145020971043
4,0,32,2,MRI_EXU_95,17.025442123413086,2.453388214111328,16.318880081176758,301.79145020971043
4,0,33,10,MRI_MSR_100,0.025229817256331444,0.10258322954177856,3.097997614531778e-05,301.79145020971043
4,0,34,14,END,0.02508288249373436,0.10139356553554535,2.2837199398058014e-18,301.79145020971043
4,1,0,11,START,0.025053640827536583,0.10162965953350067,0.30739492177963257,258.51372761147087
4,1,1,11,START,0.025025641545653343,0.10175953805446625,0.18141397833824158,258.51372761147087
4,1,2,12,MRI_MSR_104,0.02506505884230137,0.10148944705724716,1.0185612353552642e-09,258.51372761147087
4,1,3,6,MRI_FRR_2,12.387401580810547,12.058935165405273,28.84148597717285,258.51372761147087
4,1,4,4,MRI_FRR_257,7.440438747406006,6.505460739135742,13.164755821228027,258.51372761147087
4,1,5,5,MRI_FRR_264,1.8685109615325928,5.21816873550415,0.47390469908714294,258.51372761147087
4,1,6,1,MRI_CCS_11,3.744256019592285,7.667566776275635,0.11503449827432632,258.51372761147087
4,1,7,5,MRI_FRR_264,16.596036911010742,26.283781051635742,36.51255798339844,258.51372761147087
4,1,8,5,MRI_FRR_264,16.693693161010742,33.584529876708984,72.41110229492188,258.51372761147087
4,1,9,16,MRI_FRR_256,4.403743267059326,15.257610321044922,2.872848426704877e-06,258.51372761147087
4,1,10,4,MRI_FRR_257,14.739720344543457,34.3257942199707,23.31061363220215,258.51372761147087
4,1,11,5,MRI_FRR_264,14.708792686462402,34.378074645996094,32.69694519042969,258.51372761147087
4,1,12,5,MRI_FRR_264,13.890209197998047,32.4710578918457,0.08189493417739868,258.51372761147087
4,1,13,1,MRI_CCS_11,14.814288139343262,34.38145065307617,3.863561687467154e-06,258.51372761147087
4,1,14,4,MRI_FRR_257,12.908866882324219,32.920719146728516,3.806492567062378,258.51372761147087
4,1,15,5,MRI_FRR_264,3.5280330181121826,7.033263683319092,0.4066667854785919,258.51372761147087
4,1,16,4,MRI_FRR_257,5.110840320587158,12.957111358642578,9.65312779044325e-07,258.51372761147087
4,1,17,16,MRI_FRR_256,1.6956486701965332,5.286454200744629,0.3787555992603302,258.51372761147087
4,1,18,8,MRI_FRR_34,0.8517432808876038,2.942502737045288,1.7705692052841187,258.51372761147087
4,1,19,5,MRI_FRR_264,2.30263352394104,5.229687690734863,0.024279760196805,258.51372761147087
4,1,20,4,MRI_FRR_257,4.29236364364624,5.950128078460693,6.111298084259033,258.51372761147087
4,1,21,5,MRI_FRR_264,6.133575916290283,1.7131528854370117,6.397739410400391,258.51372761147087
4,1,22,15,MRI_MSR_34,9.768974304199219,12.768815994262695,0.04029618203639984,258.51372761147087
4,1,23,16,MRI_FRR_256,1.289939522743225,3.9990177154541016,6.486721038818359,258.51372761147087
4,1,24,9,MRI_MPT_1005,0.7646089196205139,2.659198045730591,0.08274120837450027,258.51372761147087
4,1,25,7,MRI_FRR_3,2.234226703643799,5.564866065979004,1.9645154679892585e-05,258.51372761147087
4,1,26,16,MRI_FRR_256,6.688535213470459,6.076852321624756,9.021113395690918,258.51372761147087
4,1,27,10,MRI_MSR_100,17.64299774169922,2.7881932258605957,15.889923095703125,258.51372761147087
4,1,28,14,END,0.025103768333792686,0.10147196799516678,1.477519613577106e-24,258.51372761147087
4,2,0,11,START,0.025122370570898056,0.10144341737031937,8.266134727819008e-07,567.8248795225799
4,2,1,11,START,0.025113681331276894,0.10143135488033295,2.0316687221466623e-10,567.8248795225799
4,2,2,11,START,0.025109194219112396,0.10139103978872299,0.3376298248767853,567.8248795225799
4,2,3,11,START,0.025122694671154022,0.10138480365276337,2.5440431272727437e-07,567.8248795225799
4,2,4,11,START,0.025135256350040436,0.10143247246742249,0.0008482143166474998,567.8248795225799
4,2,5,11,START,0.025138990953564644,0.10147983580827713,7.162560359574854e-05,567.8248795225799
4,2,6,11,START,0.02513527311384678,0.10151872038841248,0.03337157517671585,567.8248795225799
4,2,7,11,START,0.02512996643781662,0.10152243077754974,0.006943537387996912,567.8248795225799
4,2,8,11,START,0.025124339386820793,0.10153356194496155,0.09185593575239182,567.8248795225799
4,2,9,11,START,0.025132551789283752,0.10153434425592422,1.982902144288847e-17,567.8248795225799
4,2,10,11,START,0.025147147476673126,0.10149838775396347,5.4657808504998684e-05,567.8248795225799
4,2,11,11,START,0.02515329420566559,0.10149931162595749,0.0006916000274941325,567.8248795225799
4,2,12,11,START,0.025153478607535362,0.10152044147253036,0.0020689168013632298,567.8248795225799
4,2,13,11,START,0.02515355497598648,0.10155592113733292,0.13748179376125336,567.8248795225799
4,2,14,11,START,0.02515712007880211,0.1016036868095398,0.00011401459050830454,567.8248795225799
4,2,15,11,START,0.025165224447846413,0.1016668826341629,0.00018647244723979384,567.8248795225799
4,2,16,11,START,0.025173213332891464,0.10171034932136536,1.2358076340035495e-08,567.8248795225799
4,2,17,11,START,0.025174610316753387,0.10170242935419083,1.3237205927739415e-13,567.8248795225799
4,2,18,11,START,0.025166593492031097,0.10165993124246597,4.3167780461317307e-10,567.8248795225799
4,2,19,11,START,0.025158174335956573,0.10163713246583939,1.771182382981351e-07,567.8248795225799
4,2,20,11,START,0.025156624615192413,0.10165629535913467,2.3614040500774536e-08,567.8248795225799
4,2,21,11,START,0.025157611817121506,0.10166733711957932,0.003205137560144067,567.8248795225799
4,2,22,11,START,0.02515447326004505,0.10163528472185135,1.1568141061393266e-21,567.8248795225799
4,2,23,11,START,0.025148533284664154,0.10160443931818008,3.5276984817755874e-06,567.8248795225799
4,2,24,11,START,0.0251452773809433,0.10159444808959961,2.1459084109665127e-06,567.8248795225799
4,2,25,11,START,0.025139782577753067,0.10157191008329391,1.783671409356924e-13,567.8248795225799
4,2,26,11,START,0.025133218616247177,0.10154688358306885,0.00025574181927368045,567.8248795225799
4,2,27,11,START,0.025129646062850952,0.10152622312307358,0.0005244046915322542,567.8248795225799
4,2,28,11,START,0.0251300185918808,0.10151142627000809,8.987496302736986e-10,567.8248795225799
4,2,29,11,START,0.025131279602646828,0.10149577260017395,6.314270883933659e-09,567.8248795225799
4,2,30,11,START,0.02513217180967331,0.10148590803146362,0.002448322018608451,567.8248795225799
4,2,31,11,START,0.025132065638899803,0.10147756338119507,0.0007562836399301887,567.8248795225799
4,2,32,11,START,0.0251320768147707,0.10148447006940842,9.682151608236822e-11,567.8248795225799
4,2,33,11,START,0.025133073329925537,0.1014922633767128,0.013179203495383263,567.8248795225799
4,2,34,11,START,0.02513439767062664,0.10149583220481873,5.391021659306716e-06,567.8248795225799
4,2,35,11,START,0.02513463981449604,0.10149724781513214,4.855189583707897e-10,567.8248795225799
4,2,36,11,START,0.02513161487877369,0.10150697082281113,0.00037878434523008764,567.8248795225799
4,2,37,11,START,0.02512539178133011,0.101524218916893,3.0353003239724785e-06,567.8248795225799
4,2,38,12,MRI_MSR_104,0.025133153423666954,0.10154949873685837,0.10654743015766144,567.8248795225799
4,2,39,12,MRI_MSR_104,0.025140825659036636,0.1015734151005745,1.9401272716200804e-14,567.8248795225799
4,2,40,12,MRI_MSR_104,0.02514241822063923,0.10153163969516754,3.129013066427433e-07,567.8248795225799
4,2,41,12,MRI_MSR_104,0.025140611454844475,0.10149069130420685,0.0003797850222326815,567.8248795225799
4,2,42,12,MRI_MSR_104,0.025138670578598976,0.10147767513990402,3.0120943961264857e-08,567.8248795225799
4,2,43,12,MRI_MSR_104,0.025135936215519905,0.10147953033447266,8.861693104887972e-17,567.8248795225799
4,2,44,12,MRI_MSR_104,0.025132611393928528,0.10148769617080688,2.4372646294068545e-05,567.8248795225799
4,2,45,12,MRI_MSR_104,0.025129232555627823,0.1014976054430008,3.429374260122131e-07,567.8248795225799
4,2,46,12,MRI_MSR_104,0.025128349661827087,0.10151049494743347,2.682589439473304e-08,567.8248795225799
4,2,47,12,MRI_MSR_104,0.02513045072555542,0.10152161866426468,0.0002663736813701689,567.8248795225799
4,2,48,12,MRI_MSR_104,0.025132469832897186,0.10151763260364532,0.0001691335637588054,567.8248795225799
4,2,49,12,MRI_MSR_104,0.025131763890385628,0.10150045901536942,1.1905717300919605e-08,567.8248795225799
4,2,50,12,MRI_MSR_104,0.025129977613687515,0.10149265080690384,0.002092951675876975,567.8248795225799
4,2,51,12,MRI_MSR_104,0.02512921392917633,0.10149957239627838,0.05044156312942505,567.8248795225799
4,2,52,12,MRI_MSR_104,0.02513166330754757,0.10150926560163498,0.005736375227570534,567.8248795225799
4,2,53,12,MRI_MSR_104,0.025133730843663216,0.10151909291744232,4.748817373947771e-15,567.8248795225799
4,2,54,12,MRI_MSR_104,0.025132426992058754,0.10151802003383636,1.0332270873884233e-25,567.8248795225799
4,2,55,12,MRI_MSR_104,0.025124534964561462,0.10150951147079468,1.0346451473353113e-09,567.8248795225799
4,2,56,12,MRI_MSR_104,0.02510879747569561,0.1015123575925827,8.113138392218389e-06,567.8248795225799
4,2,57,12,MRI_MSR_104,0.025100771337747574,0.10150439292192459,6.000211178608383e-13,567.8248795225799
4,2,58,12,MRI_MSR_104,0.02510366030037403,0.1014765277504921,3.997930431154373e-09,567.8248795225799
4,2,59,12,MRI_MSR_104,0.025113409385085106,0.10145527869462967,0.0002031261392403394,567.8248795225799
4,2,60,12,MRI_MSR_104,0.025121120736002922,0.10145170241594315,7.321743566990335e-08,567.8248795225799
4,2,61,12,MRI_MSR_104,0.025120967999100685,0.10145694017410278,0.06345722824335098,567.8248795225799
4,2,62,12,MRI_MSR_104,0.025116225704550743,0.10146817564964294,6.183461778164201e-07,567.8248795225799
4,2,63,12,MRI_MSR_104,0.02511177770793438,0.10148535668849945,0.11794120073318481,567.8248795225799
4,2,64,12,MRI_MSR_104,0.025109998881816864,0.10149092227220535,3.2461046925533893e-15,567.8248795225799
4,2,65,12,MRI_MSR_104,0.025111820548772812,0.10147080570459366,0.0011221457971259952,567.8248795225799
4,2,66,12,MRI_MSR_104,0.025114331394433975,0.10144103318452835,0.07599162310361862,567.8248795225799
4,2,67,12,MRI_MSR_104,0.025117525830864906,0.10142738372087479,0.5150623917579651,567.8248795225799
4,2,68,12,MRI_MSR_104,0.02511969581246376,0.10142787545919418,9.430022318568376e-10,567.8248795225799
4,2,69,12,MRI_MSR_104,0.025120044127106667,0.10143224895000458,2.1706560801248997e-05,567.8248795225799
4,2,70,12,MRI_MSR_104,0.025121072307229042,0.10143591463565826,0.7290239930152893,567.8248795225799
4,2,71,12,MRI_MSR_104,0.025123486295342445,0.10143686085939407,8.303089202854608e-07,567.8248795225799
4,2,72,12,MRI_MSR_104,0.02512202598154545,0.10142461955547333,1.3713996604991507e-10,567.8248795225799
4,2,73,12,MRI_MSR_104,0.025112546980381012,0.101405069231987,4.7592801982768693e-23,567.8248795225799
4,2,74,4,MRI_FRR_257,22.020788192749023,27.856626510620117,30.409259796142578,567.8248795225799
4,2,75,6,MRI_FRR_2,22.01184844970703,27.98052978515625,5.523309230804443,567.8248795225799
4,2,76,4,MRI_FRR_257,21.89235496520996,28.100875854492188,2.5784058570861816,567.8248795225799
4,2,77,6,MRI_FRR_2,22.000986099243164,28.01503562927246,9.201373100280762,567.8248795225799
4,2,78,6,MRI_FRR_2,22.093809127807617,27.87230110168457,6.478216648101807,567.8248795225799
4,2,79,15,MRI_MSR_34,22.551973342895508,26.88823890686035,6.463778018951416,567.8248795225799
4,2,80,15,MRI_MSR_34,22.64984703063965,26.741853713989258,0.7263862490653992,567.8248795225799
4,2,81,4,MRI_FRR_257,22.2767391204834,27.468717575073242,16.230627059936523,567.8248795225799
4,2,82,4,MRI_FRR_257,22.25429916381836,27.539960861206055,2.763810634613037,567.8248795225799
4,2,83,4,MRI_FRR_257,22.227293014526367,27.59465980529785,1.9178720712661743,567.8248795225799
4,2,84,4,MRI_FRR_257,22.166921615600586,27.67946434020996,53.38191223144531,567.8248795225799
4,2,85,4,MRI_FRR_257,22.065929412841797,27.840391159057617,8.188746452331543,567.8248795225799
4,2,86,15,MRI_MSR_34,17.32372283935547,33.19407653808594,0.08020389825105667,567.8248795225799
4,2,87,4,MRI_FRR_257,21.98036766052246,28.045446395874023,7.03610372543335,567.8248795225799
4,2,88,4,MRI_FRR_257,22.010196685791016,27.994699478149414,11.014017105102539,567.8248795225799
4,2,89,4,MRI_FRR_257,22.01966094970703,27.96862030029297,1.3419032096862793,567.8248795225799
4,2,90,15,MRI_MSR_34,22.39957618713379,27.271175384521484,19.004018783569336,567.8248795225799
4,2,91,4,MRI_FRR_257,21.9520206451416,28.004884719848633,3.293522357940674,567.8248795225799
4,2,92,6,MRI_FRR_2,22.29094696044922,27.503915786743164,9.497735023498535,567.8248795225799
4,2,93,15,MRI_MSR_34,22.297914505004883,27.406938552856445,1.3006467819213867,567.8248795225799
4,2,94,6,MRI_FRR_2,22.196861267089844,27.71778106689453,6.490795612335205,567.8248795225799
4,2,95,4,MRI_FRR_257,21.537534713745117,28.752832412719727,17.458919525146484,567.8248795225799
4,2,96,4,MRI_FRR_257,21.367298126220703,29.01444435119629,0.37359651923179626,567.8248795225799
4,2,97,4,MRI_FRR_257,21.299076080322266,29.10594367980957,11.744245529174805,567.8248795225799
4,2,98,4,MRI_FRR_257,21.4635066986084,28.879121780395508,0.09543998539447784,567.8248795225799
4,2,99,6,MRI_FRR_2,22.53758430480957,27.096914291381836,80.49391174316406,567.8248795225799
4,2,100,6,MRI_FRR_2,22.516569137573242,27.178651809692383,0.4109882712364197,567.8248795225799
4,2,101,15,MRI_MSR_34,22.56452751159668,27.032888412475586,18.07703971862793,567.8248795225799
4,2,102,4,MRI_FRR_257,21.870859146118164,28.276628494262695,24.530075073242188,567.8248795225799
4,2,103,4,MRI_FRR_257,21.818437576293945,28.32990074157715,15.892439842224121,567.8248795225799
4,2,104,4,MRI_FRR_257,21.80204200744629,28.325523376464844,0.26839107275009155,567.8248795225799
4,2,105,15,MRI_MSR_34,22.311328887939453,27.63275909423828,0.7159643769264221,567.8248795225799
4,2,106,15,MRI_MSR_34,21.475507736206055,28.9132137298584,33.53778076171875,567.8248795225799
4,2,107,6,MRI_FRR_2,21.81749725341797,28.678606033325195,0.0592639297246933,567.8248795225799
4,2,108,4,MRI_FRR_257,21.31551742553711,29.35980796813965,50.06673049926758,567.8248795225799
4,2,109,4,MRI_FRR_257,19.259241104125977,31.721649169921875,19.61272621154785,567.8248795225799
4,2,110,5,MRI_FRR_264,8.687273979187012,12.08434772491455,5.796809673309326,567.8248795225799
4,2,111,6,MRI_FRR_2,21.34455108642578,25.892179489135742,10.618551254272461,567.8248795225799
4,2,112,15,MRI_MSR_34,4.740417957305908,11.173975944519043,1.042519211769104,567.8248795225799
4,2,113,5,MRI_FRR_264,7.16944694519043,6.904934406280518,1.8896633386611938,567.8248795225799
4,2,114,4,MRI_FRR_257,5.336191177368164,10.47737979888916,0.0677911713719368,567.8248795225799
4,2,115,4,MRI_FRR_257,6.179482936859131,13.640371322631836,0.000501649163197726,567.8248795225799
4,2,116,4,MRI_FRR_257,8.051190376281738,21.455175399780273,25.953083038330078,567.8248795225799
4,2,117,6,MRI_FRR_2,12.56860637664795,12.986591339111328,18.225725173950195,567.8248795225799
4,2,118,4,MRI_FRR_257,7.399624824523926,20.435550689697266,0.004670785274356604,567.8248795225799
4,2,119,4,MRI_FRR_257,6.362558841705322,14.481433868408203,13.738016128540039,567.8248795225799
4,2,120,4,MRI_FRR_257,6.056729316711426,10.997703552246094,0.07917635887861252,567.8248795225799
4,2,121,5,MRI_FRR_264,5.850211143493652,9.393664360046387,0.20774218440055847,567.8248795225799
4,2,122,6,MRI_FRR_2,8.382702827453613,7.350671291351318,0.8257527947425842,567.8248795225799
4,2,123,5,MRI_FRR_264,5.540257930755615,10.174626350402832,0.5449025630950928,567.8248795225799
4,2,124,4,MRI_FRR_257,12.440999031066895,21.54661750793457,8.28304672241211,567.8248795225799
4,2,125,5,MRI_FRR_264,6.821238040924072,10.09088134765625,0.9204891920089722,567.8248795225799
4,2,126,5,MRI_FRR_264,6.459105968475342,9.4933443069458,1.0657081604003906,567.8248795225799
