SeqOrder,sourceID,timediff,PTAB,BodyGroup_from,BodyGroup_to
0,11,0.0,-232750,3,3
1,4,42.0,-1700950,3,3
2,5,52.0,-1700950,3,3
3,5,62.00000000000001,-1700950,3,3
4,1,64.0,-1700950,3,3
5,1,157.0,-1700950,3,3
6,5,166.0,-1700950,3,3
7,4,167.0,-50,3,3
8,5,169.0,-50,3,3
9,4,171.0,-162350,3,3
10,5,173.0,-162350,3,3
11,8,174.0,-162350,3,3
12,4,174.0,-221850,3,3
13,5,180.0,-221850,3,3
14,13,188.0,-221850,3,3
15,9,259.0,-221850,3,3
0,10,281.0,-221850,3,3
1,11,0.0,-221850,3,1
2,4,41.0,-1158050,3,1
3,5,49.0,-1158050,3,1
4,1,52.0,-1158050,3,1
5,5,58.00000000000001,-1158050,3,1
6,1,79.0,-1158050,3,1
7,1,80.0,-1158050,3,1
8,4,142.0,700,3,1
9,5,143.0,700,3,1
10,1,146.0,700,3,1
11,5,153.0,700,3,1
12,4,176.0,150,3,1
13,5,183.0,150,3,1
14,4,185.0,-1128950,3,1
15,5,187.0,-1128950,3,1
16,4,197.0,-1316400,3,1
17,5,198.0,-1316400,3,1
18,8,202.0,-1316400,3,1
19,4,202.0,-1249950,3,1
20,13,205.0,-1249950,3,1
21,5,208.0,-1249950,3,1
22,9,238.00000000000003,-1249950,3,1
23,4,248.00000000000003,-2159950,3,1
24,5,250.00000000000003,-2159950,3,1
0,10,268.0,-2159950,3,1
1,11,0.0,-2159950,1,2
2,4,95.0,-2090050,1,2
3,5,107.0,-2090050,1,2
4,1,118.0,-2090050,1,2
5,5,122.0,-2090050,1,2
6,1,236.00000000000003,-2090050,1,2
7,1,285.0,-2090050,1,2
8,1,297.0,-2090050,1,2
9,4,354.0,250,1,2
10,5,356.0,250,1,2
11,5,367.0,250,1,2
12,4,392.0,150,1,2
13,5,399.0,150,1,2
14,4,401.0,-1129900,1,2
15,5,403.0,-1129900,1,2
16,8,408.0,-1129900,1,2
17,4,408.0,-1038950,1,2
18,5,414.0,-1038950,1,2
19,13,419.0,-1038950,1,2
20,9,474.00000000000006,-1038950,1,2
0,10,531.0,-1038950,1,2
1,11,0.0,-1038950,2,3
2,4,36.0,-1948900,2,3
3,5,47.0,-1948900,2,3
4,13,62.00000000000001,-1948900,2,3
5,5,65.0,-1948900,2,3
6,1,70.0,-1948900,2,3
7,1,139.0,-1948900,2,3
8,5,162.0,-1948900,2,3
9,5,194.0,-1948900,2,3
10,4,512.0,900,2,3
11,5,513.0,900,2,3
12,5,522.0,900,2,3
13,5,523.0,900,2,3
14,4,554.0,100,2,3
15,5,557.0,100,2,3
16,4,557.0,-252100,2,3
17,5,558.0,-252100,2,3
18,4,558.0,-330650,2,3
19,5,560.0,-330650,2,3
20,4,560.0,-297500,2,3
21,5,561.0,-297500,2,3
22,8,562.0,-297500,2,3
23,4,563.0,-272000,2,3
24,5,569.0,-272000,2,3
25,4,579.0,-1181950,2,3
26,5,586.0,-1181950,2,3
27,1,601.0,-1181950,2,3
28,4,616.0,-200,2,3
29,5,620.0,-200,2,3
30,4,620.0,-366750,2,3
31,5,621.0,-366750,2,3
32,4,622.0,-366600,2,3
33,5,623.0,-366600,2,3
34,4,623.0,-378350,2,3
35,5,626.0,-378350,2,3
36,4,626.0,-214450,2,3
37,5,627.0,-214450,2,3
38,4,628.0,-272550,2,3
39,5,628.0,-272550,2,3
40,8,629.0,-272550,2,3
41,4,630.0,-275600,2,3
42,5,636.0,-275600,2,3
43,9,689.0,-275600,2,3
0,10,832.0,-275600,2,3
1,11,0.0,-275600,3,7
2,4,14.0,-1188000,3,7
3,5,22.0,-1188000,3,7
4,1,29.000000000000004,-1188000,3,7
5,5,31.000000000000004,-1188000,3,7
6,13,37.0,-1188000,3,7
7,5,41.0,-1188000,3,7
8,5,43.0,-1188000,3,7
9,1,144.0,-1188000,3,7
10,5,171.0,-1188000,3,7
11,1,248.00000000000003,-1188000,3,7
12,4,252.00000000000003,750,3,7
13,1,252.00000000000003,750,3,7
14,5,252.00000000000003,750,3,7
15,5,265.0,750,3,7
16,4,278.0,150,3,7
17,5,285.0,150,3,7
18,4,289.0,-790050,3,7
19,5,292.0,-790050,3,7
20,4,292.0,-1052150,3,7
21,5,293.0,-1052150,3,7
22,4,297.0,-1058900,3,7
23,5,298.0,-1058900,3,7
24,4,298.0,-1078750,3,7
25,5,299.0,-1078750,3,7
26,8,300.0,-1078750,3,7
27,4,300.0,-1078750,3,7
28,5,306.0,-1078750,3,7
29,9,370.0,-1078750,3,7
30,4,385.0,-1989000,3,7
31,5,386.0,-1989000,3,7
0,10,403.0,-1989000,3,7
1,11,0.0,-1989000,7,4
2,4,39.0,-1754000,7,4
3,5,49.0,-1754000,7,4
4,5,50.0,-1754000,7,4
5,1,88.0,-1754000,7,4
6,1,89.0,-1754000,7,4
7,5,92.0,-1754000,7,4
8,1,93.0,-1754000,7,4
9,1,95.0,-1754000,7,4
10,5,190.0,-1754000,7,4
11,1,401.0,-1754000,7,4
12,4,450.0,-150,7,4
13,5,453.0,-150,7,4
14,4,461.00000000000006,-314950,7,4
15,5,463.00000000000006,-314950,7,4
16,4,464.00000000000006,-620700,7,4
17,5,466.00000000000006,-620700,7,4
18,4,466.00000000000006,-546150,7,4
19,5,469.00000000000006,-546150,7,4
20,8,470.00000000000006,-546150,7,4
21,4,470.00000000000006,-578550,7,4
22,5,476.00000000000006,-578550,7,4
23,13,496.00000000000006,-578550,7,4
24,9,547.0,-578550,7,4
0,10,602.0,-578550,7,4
1,11,0.0,-578550,4,4
2,4,107.0,-1489050,4,4
3,5,116.0,-1489050,4,4
4,4,140.0,-100,4,4
5,5,149.0,-100,4,4
0,10,181.0,-100,4,4
1,11,0.0,-100,4,1
2,4,13.0,-1563900,4,1
3,5,23.0,-1563900,4,1
4,13,43.0,-1563900,4,1
5,5,50.0,-1563900,4,1
6,1,57.0,-1563900,4,1
7,1,116.0,-1563900,4,1
8,1,142.0,-1563900,4,1
9,5,163.0,-1563900,4,1
10,5,164.0,-1563900,4,1
11,4,205.0,50,4,1
12,5,210.0,50,4,1
13,4,213.0,-576750,4,1
14,5,217.0,-576750,4,1
15,4,218.0,-1130000,4,1
16,5,221.0,-1130000,4,1
17,4,221.0,-1317750,4,1
18,5,224.0,-1317750,4,1
19,8,225.0,-1317750,4,1
20,4,225.0,-1249950,4,1
21,5,231.00000000000003,-1249950,4,1
22,9,233.00000000000003,-1249950,4,1
23,4,257.0,-2160000,4,1
24,5,259.0,-2160000,4,1
0,10,274.0,-2160000,4,1
1,11,0.0,-2160000,1,1
2,4,6.0,-2123000,1,1
3,5,18.0,-2123000,1,1
4,5,24.0,-2123000,1,1
5,1,27.0,-2123000,1,1
6,5,37.0,-2123000,1,1
7,5,53.0,-2123000,1,1
8,1,63.00000000000001,-2123000,1,1
9,5,69.0,-2123000,1,1
10,4,76.0,-50,1,1
11,5,85.0,-50,1,1
12,4,86.0,-1129900,1,1
13,5,89.0,-1129900,1,1
14,4,89.0,-1241350,1,1
15,5,91.0,-1241350,1,1
16,8,92.0,-1241350,1,1
17,4,92.0,-1229700,1,1
18,13,92.0,-1229700,1,1
19,5,98.0,-1229700,1,1
20,9,127.0,-1229700,1,1
21,4,170.0,-2139950,1,1
22,5,172.0,-2139950,1,1
0,10,187.0,-2139950,1,1
1,11,0.0,-2139950,1,1
2,4,24.0,-2154950,1,1
3,5,36.0,-2154950,1,1
4,5,47.0,-2154950,1,1
5,5,64.0,-2154950,1,1
6,5,80.0,-2154950,1,1
7,13,105.0,-2154950,1,1
8,4,112.0,-150,1,1
9,5,117.0,-150,1,1
10,4,117.0,-837350,1,1
11,5,120.0,-837350,1,1
12,4,121.0,-1129950,1,1
13,5,123.0,-1129950,1,1
14,4,123.0,-1241850,1,1
15,5,124.0,-1241850,1,1
16,8,126.0,-1241850,1,1
17,4,126.0,-1243950,1,1
18,9,127.0,-1243950,1,1
19,5,132.0,-1243950,1,1
20,4,134.0,-2154000,1,1
21,5,136.0,-2154000,1,1
0,10,151.0,-2154000,1,1
1,11,0.0,-2154000,1,0
2,4,9.0,-2112000,1,0
3,5,21.0,-2112000,1,0
4,5,22.0,-2112000,1,0
5,5,43.0,-2112000,1,0
6,1,70.0,-2112000,1,0
7,13,88.0,-2112000,1,0
8,4,104.0,500,1,0
9,5,105.0,500,1,0
10,5,117.0,500,1,0
11,5,118.0,500,1,0
12,9,134.0,500,1,0
13,1,140.0,500,1,0
14,1,154.0,500,1,0
15,4,181.0,150,1,0
16,5,189.0,150,1,0
17,4,189.0,-1268050,1,0
18,5,190.0,-1268050,1,0
19,4,190.0,-1277900,1,0
20,5,191.0,-1277900,1,0
21,4,191.0,-1281350,1,0
22,5,192.0,-1281350,1,0
23,8,193.0,-1281350,1,0
24,4,193.0,-1293100,1,0
25,5,199.0,-1293100,1,0
0,10,224.0,-1293100,1,0
1,11,0.0,-1293100,0,1
2,4,26.0,-2325150,0,1
3,5,39.0,-2325150,0,1
4,5,44.0,-2325150,0,1
5,1,46.0,-2325150,0,1
6,5,54.0,-2325150,0,1
7,5,80.0,-2325150,0,1
8,5,81.0,-2325150,0,1
9,1,92.0,-2325150,0,1
10,4,138.0,-450,0,1
11,5,139.0,-450,0,1
12,1,150.0,-450,0,1
13,5,153.0,-450,0,1
14,4,153.0,500,0,1
15,5,154.0,500,0,1
16,4,176.0,150,0,1
17,8,176.0,150,0,1
18,5,182.0,150,0,1
19,4,183.0,-894450,0,1
20,5,184.0,-894450,0,1
21,4,184.0,-929000,0,1
22,5,187.0,-929000,0,1
23,4,190.0,-1219100,0,1
24,5,191.0,-1219100,0,1
25,13,199.0,-1219100,0,1
26,8,200.0,-1219100,0,1
27,4,200.0,-1237450,0,1
28,5,206.0,-1237450,0,1
29,9,225.0,-1237450,0,1
30,4,231.00000000000003,-2147050,0,1
31,5,233.00000000000003,-2147050,0,1
0,10,250.00000000000003,-2147050,0,1
1,11,0.0,-2147050,1,1
2,4,2.0,-2166050,1,1
3,5,14.0,-2166050,1,1
4,5,25.0,-2166050,1,1
5,1,36.0,-2166050,1,1
6,4,39.0,650,1,1
7,5,39.0,650,1,1
8,5,48.0,650,1,1
9,1,50.0,650,1,1
10,1,57.0,650,1,1
11,13,72.0,650,1,1
12,9,94.0,650,1,1
13,4,95.0,0,1,1
14,5,99.0,0,1,1
15,4,99.0,-433000,1,1
16,5,100.0,-433000,1,1
17,4,100.0,-453250,1,1
18,5,101.0,-453250,1,1
19,4,101.0,-474650,1,1
20,5,103.0,-474650,1,1
21,4,103.0,-524000,1,1
22,5,106.0,-524000,1,1
23,4,194.0,-810350,1,1
24,5,195.0,-810350,1,1
25,8,196.0,-810350,1,1
26,4,196.0,-834150,1,1
27,5,202.0,-834150,1,1
0,10,230.00000000000003,-834150,1,1
1,11,0.0,-834150,1,1
2,4,9.0,-1956050,1,1
3,5,20.0,-1956050,1,1
4,1,26.0,-1956050,1,1
5,5,27.0,-1956050,1,1
6,1,28.0,-1956050,1,1
7,5,42.0,-1956050,1,1
8,5,47.0,-1956050,1,1
9,5,54.0,-1956050,1,1
10,4,73.0,650,1,1
11,5,75.0,650,1,1
12,5,85.0,650,1,1
13,1,95.0,650,1,1
14,4,111.0,-150,1,1
15,5,112.0,-150,1,1
16,5,118.0,-150,1,1
17,4,118.0,-1083550,1,1
18,5,120.0,-1083550,1,1
19,4,120.0,-1130100,1,1
20,5,123.0,-1130100,1,1
21,4,123.0,-1335750,1,1
22,13,123.0,-1335750,1,1
23,5,125.0,-1335750,1,1
24,4,125.0,-1226650,1,1
25,5,126.0,-1226650,1,1
26,8,127.0,-1226650,1,1
27,4,127.0,-1228250,1,1
28,5,133.0,-1228250,1,1
29,9,147.0,-1228250,1,1
30,4,154.0,-2138050,1,1
31,5,156.0,-2138050,1,1
0,10,173.0,-2138050,1,1
1,11,0.0,-2138050,1,1
2,4,30.000000000000004,-2134900,1,1
3,5,42.0,-2134900,1,1
4,5,74.0,-2134900,1,1
5,5,83.0,-2134900,1,1
6,5,109.0,-2134900,1,1
7,4,124.0,200,1,1
8,5,132.0,200,1,1
9,4,132.0,-1129850,1,1
10,5,134.0,-1129850,1,1
11,4,134.0,-1232450,1,1
12,5,136.0,-1232450,1,1
13,8,137.0,-1232450,1,1
14,4,137.0,-1328150,1,1
15,5,143.0,-1328150,1,1
16,13,145.0,-1328150,1,1
17,9,177.0,-1328150,1,1
18,4,203.0,-2238050,1,1
19,5,206.0,-2238050,1,1
0,10,221.0,-2238050,1,1
1,11,0.0,-2238050,1,1
2,4,12.0,-2224050,1,1
3,5,25.0,-2224050,1,1
4,1,38.0,-2224050,1,1
5,5,47.0,-2224050,1,1
6,4,83.0,-500,1,1
7,5,84.0,-500,1,1
8,5,98.0,-500,1,1
9,1,102.0,-500,1,1
10,13,111.0,-500,1,1
11,4,132.0,1450,1,1
12,5,133.0,1450,1,1
13,9,138.0,1450,1,1
14,5,139.0,1450,1,1
15,4,140.0,-1129950,1,1
16,5,143.0,-1129950,1,1
17,4,143.0,-1351800,1,1
18,5,144.0,-1351800,1,1
19,4,144.0,-1331850,1,1
20,5,145.0,-1331850,1,1
21,4,145.0,-1285950,1,1
22,5,146.0,-1285950,1,1
23,8,147.0,-1285950,1,1
24,4,148.0,-1287400,1,1
25,5,154.0,-1287400,1,1
26,4,158.0,-2197000,1,1
27,5,160.0,-2197000,1,1
0,10,176.0,-2197000,1,1
1,11,0.0,-2197000,1,1
2,4,17.0,-2224950,1,1
3,5,30.000000000000004,-2224950,1,1
4,1,36.0,-2224950,1,1
5,5,47.0,-2224950,1,1
6,5,64.0,-2224950,1,1
7,1,80.0,-2224950,1,1
8,5,81.0,-2224950,1,1
9,13,83.0,-2224950,1,1
10,4,110.0,0,1,1
11,9,117.0,0,1,1
12,5,117.0,0,1,1
13,4,117.0,-1129900,1,1
14,5,120.0,-1129900,1,1
15,4,120.0,-1277000,1,1
16,8,122.0,-1277000,1,1
17,4,122.0,-1273650,1,1
18,5,128.0,-1273650,1,1
19,4,140.0,-2184000,1,1
20,5,142.0,-2184000,1,1
0,10,158.0,-2184000,1,1
1,11,0.0,-2184000,1,1
2,4,7.0,-2195900,1,1
3,5,19.0,-2195900,1,1
4,5,41.0,-2195900,1,1
5,4,47.0,350,1,1
6,5,48.0,350,1,1
7,5,61.00000000000001,350,1,1
8,4,76.0,-100,1,1
9,5,83.0,-100,1,1
10,4,83.0,-1129950,1,1
11,5,85.0,-1129950,1,1
12,4,86.0,-1244350,1,1
13,5,86.0,-1244350,1,1
14,5,87.0,-1244350,1,1
15,8,88.0,-1244350,1,1
16,4,88.0,-1278700,1,1
17,5,94.0,-1278700,1,1
18,13,99.0,-1278700,1,1
19,9,129.0,-1278700,1,1
20,4,137.0,-2189050,1,1
21,5,139.0,-2189050,1,1
0,10,154.0,-2189050,1,1
1,11,0.0,-2189050,1,1
2,4,21.0,-2161850,1,1
3,5,33.0,-2161850,1,1
4,5,34.0,-2161850,1,1
5,5,46.0,-2161850,1,1
6,5,51.0,-2161850,1,1
7,5,67.0,-2161850,1,1
8,4,83.0,1100,1,1
9,5,84.0,1100,1,1
10,5,95.0,1100,1,1
11,4,95.0,1250,1,1
12,5,96.0,1250,1,1
13,4,110.0,-100,1,1
14,13,110.0,-100,1,1
15,5,114.0,-100,1,1
16,4,116.0,-494450,1,1
17,5,120.0,-494450,1,1
18,4,123.0,-1130000,1,1
19,5,125.0,-1130000,1,1
20,4,125.0,-1209200,1,1
21,5,126.0,-1209200,1,1
22,8,128.0,-1209200,1,1
23,4,128.0,-1233950,1,1
24,9,131.0,-1233950,1,1
25,5,134.0,-1233950,1,1
26,4,139.0,-2144050,1,1
27,5,141.0,-2144050,1,1
0,10,157.0,-2144050,1,1
1,11,0.0,-2144050,1,1
2,4,5.0,-2125950,1,1
3,5,17.0,-2125950,1,1
4,5,42.0,-2125950,1,1
5,5,68.0,-2125950,1,1
6,4,69.0,1300,1,1
7,5,69.0,1300,1,1
8,5,70.0,1300,1,1
9,4,85.0,50,1,1
10,5,92.0,50,1,1
11,4,92.0,-1129950,1,1
12,13,94.0,-1129950,1,1
13,5,95.0,-1129950,1,1
14,4,95.0,-1372200,1,1
15,5,101.0,-1372200,1,1
16,8,102.0,-1372200,1,1
17,4,102.0,-1262800,1,1
18,5,108.0,-1262800,1,1
19,9,114.0,-1262800,1,1
20,4,123.0,-2173000,1,1
21,5,125.0,-2173000,1,1
0,10,140.0,-2173000,1,1
1,11,0.0,-2173000,1,3
2,4,8.0,-2170050,1,3
3,5,20.0,-2170050,1,3
4,1,40.0,-2170050,1,3
5,5,41.0,-2170050,1,3
6,1,63.00000000000001,-2170050,1,3
7,1,64.0,-2170050,1,3
8,13,73.0,-2170050,1,3
9,9,111.0,-2170050,1,3
10,4,140.0,300,1,3
11,5,141.0,300,1,3
12,5,152.0,300,1,3
13,1,154.0,300,1,3
14,4,164.0,150,1,3
15,5,167.0,150,1,3
16,4,167.0,-292200,1,3
17,5,169.0,-292200,1,3
18,8,170.0,-292200,1,3
19,4,170.0,-227750,1,3
20,5,176.0,-227750,1,3
0,10,197.0,-227750,1,3
1,11,0.0,-227750,3,3
2,4,15.000000000000002,-1167100,3,3
3,5,23.0,-1167100,3,3
4,1,24.0,-1167100,3,3
5,5,38.0,-1167100,3,3
6,13,55.0,-1167100,3,3
7,9,84.0,-1167100,3,3
8,5,152.0,-1167100,3,3
9,4,152.0,900,3,3
10,5,153.0,900,3,3
11,1,153.0,900,3,3
12,4,155.0,150,3,3
13,5,158.0,150,3,3
14,4,158.0,-381350,3,3
15,5,160.0,-381350,3,3
16,4,161.0,-306600,3,3
17,5,163.0,-306600,3,3
18,8,181.0,-306600,3,3
19,4,182.0,-222450,3,3
20,5,188.0,-222450,3,3
0,10,204.0,-222450,3,3
1,11,0.0,-222450,1,1
2,4,14.0,-2176050,1,1
3,5,26.0,-2176050,1,1
4,5,39.0,-2176050,1,1
5,4,68.0,1650,1,1
6,5,69.0,1650,1,1
7,5,82.0,1650,1,1
8,5,83.0,1650,1,1
9,4,92.0,50,1,1
10,5,106.0,50,1,1
11,4,106.0,-1130000,1,1
12,5,109.0,-1130000,1,1
13,4,109.0,-1339650,1,1
14,5,111.0,-1339650,1,1
15,4,111.0,-1241850,1,1
16,5,113.0,-1241850,1,1
17,8,114.0,-1241850,1,1
18,4,114.0,-1271050,1,1
19,5,120.0,-1271050,1,1
20,13,132.0,-1271050,1,1
21,9,169.0,-1271050,1,1
22,4,182.0,-2181050,1,1
23,5,184.0,-2181050,1,1
0,10,200.0,-2181050,1,1
1,11,0.0,-2181050,1,1
2,4,0.0,-2193950,1,1
3,5,2.0,-2193950,1,1
0,10,9.0,-2193950,1,1
1,11,0.0,-2193950,1,3
2,4,31.000000000000004,-2242950,1,3
3,5,44.0,-2242950,1,3
4,5,47.0,-2242950,1,3
5,1,55.0,-2242950,1,3
6,5,58.00000000000001,-2242950,1,3
7,1,63.00000000000001,-2242950,1,3
8,1,75.0,-2242950,1,3
9,1,77.0,-2242950,1,3
10,13,103.0,-2242950,1,3
11,1,105.0,-2242950,1,3
12,4,106.0,350,1,3
13,5,107.0,350,1,3
14,5,120.0,350,1,3
15,4,120.0,150,1,3
16,5,123.0,150,1,3
17,4,123.0,-268200,1,3
18,5,124.0,-268200,1,3
19,4,124.0,-263150,1,3
20,5,125.0,-263150,1,3
21,8,126.0,-263150,1,3
22,4,127.0,-205650,1,3
23,5,133.0,-205650,1,3
24,9,153.0,-205650,1,3
0,10,174.0,-205650,1,3
1,11,0.0,-205650,3,0
2,4,43.0,-1144000,3,0
3,5,50.0,-1144000,3,0
4,5,59.00000000000001,-1144000,3,0
5,1,61.00000000000001,-1144000,3,0
6,1,74.0,-1144000,3,0
7,13,78.0,-1144000,3,0
8,1,79.0,-1144000,3,0
9,13,199.0,-1144000,3,0
10,7,550.0,-1144000,3,0
11,5,556.0,-1144000,3,0
12,7,622.0,-1144000,3,0
13,5,622.0,-1144000,3,0
14,1,625.0,-1144000,3,0
15,3,639.0,-1144000,3,0
16,3,640.0,-1144000,3,0
17,3,675.0,-1144000,3,0
18,3,676.0,-1144000,3,0
19,5,679.0,-1144000,3,0
20,1,694.0,-1144000,3,0
21,1,889.0,-1144000,3,0
22,1,899.0,-1144000,3,0
23,1,901.0,-1144000,3,0
24,5,981.0,-1144000,3,0
25,4,982.0,0,3,0
26,5,987.0,0,3,0
27,4,989.0,-737050,3,0
28,5,991.0,-737050,3,0
29,4,991.0,-543900,3,0
30,5,992.0,-543900,3,0
31,4,994.0,-554250,3,0
32,5,996.0,-554250,3,0
33,4,996.0,-770350,3,0
34,5,998.0,-770350,3,0
35,4,1000.0,-712500,3,0
36,5,1000.0,-712500,3,0
37,5,1002.0,-712500,3,0
38,8,1003.0,-712500,3,0
39,4,1004.0,-655850,3,0
40,5,1010.0,-655850,3,0
41,9,1053.0,-655850,3,0
0,10,1146.0,-655850,3,0
1,11,0.0,-655850,0,1
2,4,56.0,-1565900,0,1
3,5,65.0,-1565900,0,1
4,4,68.0,-150,0,1
5,5,69.0,-150,0,1
6,4,69.0,-2500,0,1
7,5,70.0,-2500,0,1
8,1,76.0,-2500,0,1
9,5,82.0,-2500,0,1
10,1,107.0,-2500,0,1
11,1,144.0,-2500,0,1
12,1,176.0,-2500,0,1
13,1,180.0,-2500,0,1
14,1,216.0,-2500,0,1
15,1,232.00000000000003,-2500,0,1
16,5,246.00000000000003,-2500,0,1
17,4,287.0,100,0,1
18,5,287.0,100,0,1
19,5,290.0,100,0,1
20,4,291.0,-441450,0,1
21,5,293.0,-441450,0,1
22,8,294.0,-441450,0,1
23,4,294.0,-582000,0,1
24,5,300.0,-582000,0,1
25,13,436.0,-582000,0,1
26,9,491.00000000000006,-582000,0,1
27,4,501.00000000000006,-1492000,0,1
28,5,503.00000000000006,-1492000,0,1
0,10,519.0,-1492000,0,1
1,11,0.0,-1492000,1,1
0,10,1.0,-1492000,1,1
1,11,0.0,-1492000,1,7
2,4,18.0,-2115050,1,7
3,5,30.000000000000004,-2115050,1,7
4,5,47.0,-2115050,1,7
5,1,62.00000000000001,-2115050,1,7
6,13,92.0,-2115050,1,7
7,5,98.0,-2115050,1,7
8,4,153.0,50,1,7
9,5,159.0,50,1,7
10,4,159.0,-840000,1,7
11,5,162.0,-840000,1,7
12,4,163.0,-1130050,1,7
13,5,165.0,-1130050,1,7
14,4,166.0,-1353000,1,7
15,5,168.0,-1353000,1,7
16,4,168.0,-1254900,1,7
17,5,169.0,-1254900,1,7
18,4,169.0,-1255000,1,7
19,5,170.0,-1255000,1,7
20,4,170.0,-1324200,1,7
21,5,171.0,-1324200,1,7
22,4,172.0,-1321900,1,7
23,5,172.0,-1321900,1,7
24,4,173.0,-1315700,1,7
25,5,173.0,-1315700,1,7
26,5,174.0,-1315700,1,7
27,4,174.0,-1312800,1,7
28,5,175.0,-1312800,1,7
29,8,178.0,-1312800,1,7
30,4,178.0,-1284400,1,7
31,5,184.0,-1284400,1,7
32,9,288.0,-1284400,1,7
33,4,291.0,-2193950,1,7
34,5,293.0,-2193950,1,7
0,10,309.0,-2193950,1,7
1,11,0.0,-2193950,1,7
2,4,76.0,-2178100,1,7
3,5,77.0,-2178100,1,7
4,4,77.0,-2178100,1,7
5,5,90.0,-2178100,1,7
6,5,105.0,-2178100,1,7
7,1,126.0,-2178100,1,7
8,1,138.0,-2178100,1,7
9,5,226.0,-2178100,1,7
10,4,226.0,250,1,7
11,5,227.0,250,1,7
12,5,236.00000000000003,250,1,7
13,5,237.00000000000003,250,1,7
14,4,238.00000000000003,100,1,7
15,5,243.00000000000003,100,1,7
16,4,246.00000000000003,-291100,1,7
17,5,249.00000000000003,-291100,1,7
18,4,249.00000000000003,-470850,1,7
19,5,252.00000000000003,-470850,1,7
20,4,252.00000000000003,-642650,1,7
21,5,254.00000000000003,-642650,1,7
22,4,255.00000000000003,-866850,1,7
23,5,257.0,-866850,1,7
24,4,257.0,-902350,1,7
25,5,258.0,-902350,1,7
26,8,262.0,-902350,1,7
27,4,262.0,-912950,1,7
28,5,268.0,-912950,1,7
29,13,275.0,-912950,1,7
30,9,332.0,-912950,1,7
31,4,335.0,-1823000,1,7
32,5,336.0,-1823000,1,7
0,10,353.0,-1823000,1,7
1,11,0.0,-1823000,7,1
2,4,23.0,-1900950,7,1
3,5,34.0,-1900950,7,1
4,5,42.0,-1900950,7,1
5,1,70.0,-1900950,7,1
6,1,88.0,-1900950,7,1
7,5,106.0,-1900950,7,1
8,4,107.0,-50,7,1
9,5,107.0,-50,7,1
10,5,114.0,-50,7,1
11,4,114.0,-1129850,7,1
12,5,116.0,-1129850,7,1
13,4,116.0,-1242150,7,1
14,5,117.0,-1242150,7,1
15,4,118.0,-1311700,7,1
16,5,121.0,-1311700,7,1
17,8,122.0,-1311700,7,1
18,4,122.0,-1297350,7,1
19,13,125.0,-1297350,7,1
20,5,128.0,-1297350,7,1
21,9,137.0,-1297350,7,1
22,4,150.0,-2207000,7,1
23,5,152.0,-2207000,7,1
0,10,167.0,-2207000,7,1
1,11,0.0,-2207000,7,1
2,4,4.0,-2274000,7,1
3,5,17.0,-2274000,7,1
4,5,30.000000000000004,-2274000,7,1
5,1,75.0,-2274000,7,1
6,1,90.0,-2274000,7,1
7,1,98.0,-2274000,7,1
8,13,110.0,-2274000,7,1
9,5,125.0,-2274000,7,1
10,5,126.0,-2274000,7,1
11,9,136.0,-2274000,7,1
12,4,136.0,-150,7,1
13,5,142.0,-150,7,1
14,4,143.0,-600550,7,1
15,5,144.0,-600550,7,1
16,8,145.0,-600550,7,1
17,4,146.0,-600550,7,1
18,5,151.0,-600550,7,1
0,10,176.0,-600550,7,1
1,11,0.0,-600550,1,1
2,4,3.0,-1855950,1,1
3,5,14.0,-1855950,1,1
4,5,38.0,-1855950,1,1
5,1,40.0,-1855950,1,1
6,1,49.0,-1855950,1,1
7,1,93.0,-1855950,1,1
8,1,94.0,-1855950,1,1
9,1,97.0,-1855950,1,1
10,4,98.0,1400,1,1
11,5,99.0,1400,1,1
12,5,111.0,1400,1,1
13,4,111.0,-350,1,1
14,5,112.0,-350,1,1
15,5,113.0,-350,1,1
16,4,122.0,-200,1,1
17,5,125.0,-200,1,1
18,4,126.0,-280450,1,1
19,13,128.0,-280450,1,1
20,5,132.0,-280450,1,1
21,4,132.0,-1129950,1,1
22,5,134.0,-1129950,1,1
23,4,134.0,-1270650,1,1
24,5,136.0,-1270650,1,1
25,8,137.0,-1270650,1,1
26,4,137.0,-1265250,1,1
27,5,143.0,-1265250,1,1
28,9,166.0,-1265250,1,1
29,4,170.0,-2175000,1,1
30,5,174.0,-2175000,1,1
0,10,190.0,-2175000,1,1
1,11,0.0,-2175000,1,1
2,4,13.0,-2170850,1,1
3,5,26.0,-2170850,1,1
4,5,45.0,-2170850,1,1
5,5,78.0,-2170850,1,1
6,5,79.0,-2170850,1,1
7,4,113.0,0,1,1
8,5,120.0,0,1,1
9,4,120.0,-1130000,1,1
10,5,123.0,-1130000,1,1
11,4,123.0,-1280850,1,1
12,5,125.0,-1280850,1,1
13,8,125.0,-1280850,1,1
14,4,126.0,-1306950,1,1
15,5,132.0,-1306950,1,1
16,13,135.0,-1306950,1,1
17,9,161.0,-1306950,1,1
18,4,167.0,-2217000,1,1
19,5,169.0,-2217000,1,1
0,10,185.0,-2217000,1,1
1,11,0.0,-2217000,1,1
2,13,3.0,-2217000,1,1
3,4,15.000000000000002,-2198950,1,1
4,5,16.0,-2198950,1,1
5,4,18.0,-2195850,1,1
6,5,30.000000000000004,-2195850,1,1
7,5,39.0,-2195850,1,1
8,1,61.00000000000001,-2195850,1,1
9,1,83.0,-2195850,1,1
10,1,104.0,-2195850,1,1
11,5,114.0,-2195850,1,1
12,4,126.0,-50,1,1
13,5,131.0,-50,1,1
14,8,133.0,-50,1,1
15,4,133.0,-776900,1,1
16,5,139.0,-776900,1,1
17,9,156.0,-776900,1,1
0,10,184.0,-776900,1,1
1,11,0.0,-776900,1,1
2,4,7.0,-1861000,1,1
3,5,18.0,-1861000,1,1
4,13,23.0,-1861000,1,1
5,1,49.0,-1861000,1,1
6,9,55.0,-1861000,1,1
7,5,63.00000000000001,-1861000,1,1
8,1,110.0,-1861000,1,1
9,1,112.0,-1861000,1,1
10,1,114.0,-1861000,1,1
11,1,130.0,-1861000,1,1
12,1,137.0,-1861000,1,1
13,1,149.0,-1861000,1,1
14,1,182.0,-1861000,1,1
15,5,200.0,-1861000,1,1
16,5,202.0,-1861000,1,1
17,5,204.0,-1861000,1,1
18,5,205.0,-1861000,1,1
19,4,206.0,200,1,1
20,5,206.0,200,1,1
21,5,213.0,200,1,1
22,4,213.0,-1129900,1,1
23,5,214.0,-1129900,1,1
24,4,216.0,-1130250,1,1
25,5,218.0,-1130250,1,1
26,8,219.0,-1130250,1,1
27,4,219.0,-1364200,1,1
28,5,225.0,-1364200,1,1
29,4,229.00000000000003,-2274000,1,1
30,5,231.00000000000003,-2274000,1,1
0,10,246.00000000000003,-2274000,1,1
1,11,0.0,-2274000,1,8
2,4,23.0,-2265100,1,8
3,13,27.0,-2265100,1,8
4,5,35.0,-2265100,1,8
5,9,72.0,-2265100,1,8
6,5,78.0,-2265100,1,8
7,1,141.0,-2265100,1,8
8,1,153.0,-2265100,1,8
9,5,204.0,-2265100,1,8
10,8,228.0,-2265100,1,8
11,4,229.00000000000003,200,1,8
12,5,235.00000000000003,200,1,8
13,4,235.00000000000003,-909500,1,8
14,4,236.00000000000003,-910050,1,8
15,5,239.00000000000003,-910050,1,8
16,8,240.00000000000003,-910050,1,8
17,4,240.00000000000003,-1148400,1,8
18,5,246.00000000000003,-1148400,1,8
0,10,272.0,-1148400,1,8
1,11,0.0,-1148400,8,1
2,13,2.0,-1148400,8,1
3,13,194.0,-1148400,8,1
4,4,213.0,-2087050,8,1
5,5,224.0,-2087050,8,1
6,1,241.00000000000003,-2087050,8,1
7,5,251.00000000000003,-2087050,8,1
8,1,256.0,-2087050,8,1
9,1,258.0,-2087050,8,1
10,1,286.0,-2087050,8,1
11,1,290.0,-2087050,8,1
12,1,292.0,-2087050,8,1
13,1,297.0,-2087050,8,1
14,1,298.0,-2087050,8,1
15,1,299.0,-2087050,8,1
16,1,319.0,-2087050,8,1
17,5,369.0,-2087050,8,1
18,5,376.0,-2087050,8,1
19,5,378.0,-2087050,8,1
20,5,380.0,-2087050,8,1
21,4,380.0,-150,8,1
22,5,387.0,-150,8,1
23,4,390.0,-1129950,8,1
24,5,390.0,-1129950,8,1
25,5,393.0,-1129950,8,1
26,4,393.0,-1376050,8,1
27,5,397.0,-1376050,8,1
28,4,398.0,-1253050,8,1
29,5,398.0,-1253050,8,1
30,9,398.0,-1253050,8,1
31,5,399.0,-1253050,8,1
32,8,400.0,-1253050,8,1
33,4,401.0,-1266650,8,1
34,5,407.0,-1266650,8,1
35,4,410.0,-2177000,8,1
36,5,412.0,-2177000,8,1
0,10,427.0,-2177000,8,1
1,11,0.0,-2177000,1,9
2,4,18.0,-2145000,1,9
3,13,18.0,-2145000,1,9
4,5,30.000000000000004,-2145000,1,9
5,1,33.0,-2145000,1,9
6,5,44.0,-2145000,1,9
7,1,86.0,-2145000,1,9
8,5,164.0,-2145000,1,9
9,5,165.0,-2145000,1,9
10,4,166.0,-50,1,9
11,5,169.0,-50,1,9
12,4,169.0,-348500,1,9
13,5,171.0,-348500,1,9
14,4,172.0,-440900,1,9
15,5,174.0,-440900,1,9
16,8,175.0,-440900,1,9
17,4,175.0,-444750,1,9
18,9,179.0,-444750,1,9
19,5,181.0,-444750,1,9
0,10,203.0,-444750,1,9
1,11,0.0,-444750,9,1
2,4,9.0,-1333050,9,1
3,13,11.0,-1333050,9,1
4,5,17.0,-1333050,9,1
5,5,33.0,-1333050,9,1
6,1,40.0,-1333050,9,1
7,5,89.0,-1333050,9,1
8,1,105.0,-1333050,9,1
9,4,117.0,50,9,1
10,5,125.0,50,9,1
11,4,130.0,-1322250,9,1
12,5,132.0,-1322250,9,1
13,8,133.0,-1322250,9,1
14,4,133.0,-1305350,9,1
15,9,136.0,-1305350,9,1
16,5,139.0,-1305350,9,1
17,4,144.0,-2214950,9,1
18,5,146.0,-2214950,9,1
0,10,162.0,-2214950,9,1
1,11,0.0,-2214950,1,1
2,13,8.0,-2214950,1,1
3,4,14.0,-2157950,1,1
4,5,26.0,-2157950,1,1
5,5,42.0,-2157950,1,1
6,9,44.0,-2157950,1,1
7,4,60.00000000000001,450,1,1
8,5,61.00000000000001,450,1,1
9,5,71.0,450,1,1
10,4,94.0,0,1,1
11,5,94.0,0,1,1
12,5,98.0,0,1,1
13,8,100.0,0,1,1
14,4,100.0,-645300,1,1
15,5,105.0,-645300,1,1
16,4,109.0,-1209100,1,1
17,5,111.0,-1209100,1,1
18,4,111.0,-1333700,1,1
19,5,112.0,-1333700,1,1
20,8,113.0,-1333700,1,1
21,4,113.0,-1309350,1,1
22,5,119.0,-1309350,1,1
23,4,122.0,-2218850,1,1
24,5,124.0,-2218850,1,1
0,10,140.0,-2218850,1,1
1,11,0.0,-2218850,1,1
2,13,13.0,-2218850,1,1
3,4,24.0,-2196000,1,1
4,5,27.0,-2196000,1,1
5,4,27.0,-2022950,1,1
6,5,38.0,-2022950,1,1
7,9,41.0,-2022950,1,1
8,5,54.0,-2022950,1,1
9,1,56.0,-2022950,1,1
10,1,57.0,-2022950,1,1
11,1,99.0,-2022950,1,1
12,1,105.0,-2022950,1,1
13,5,127.0,-2022950,1,1
14,4,134.0,-200,1,1
15,5,135.0,-200,1,1
16,5,140.0,-200,1,1
17,4,140.0,-733400,1,1
18,5,142.0,-733400,1,1
19,8,142.0,-733400,1,1
20,4,143.0,-761800,1,1
21,5,148.0,-761800,1,1
0,10,173.0,-761800,1,1
1,11,0.0,-761800,1,1
2,4,4.0,-1675950,1,1
3,13,6.0,-1675950,1,1
4,5,14.0,-1675950,1,1
5,5,47.0,-1675950,1,1
6,1,54.0,-1675950,1,1
7,1,56.0,-1675950,1,1
8,1,106.0,-1675950,1,1
9,5,118.0,-1675950,1,1
10,4,142.0,-150,1,1
11,5,146.0,-150,1,1
12,4,157.0,-465550,1,1
13,5,162.0,-465550,1,1
14,4,162.0,-1130000,1,1
15,5,164.0,-1130000,1,1
16,4,166.0,-1212850,1,1
17,5,167.0,-1212850,1,1
18,8,168.0,-1212850,1,1
19,4,168.0,-1313000,1,1
20,5,174.0,-1313000,1,1
21,9,199.0,-1313000,1,1
22,4,203.0,-2222950,1,1
23,5,205.0,-2222950,1,1
0,10,221.0,-2222950,1,1
1,11,0.0,-2222950,1,6
2,4,6.0,-2199050,1,6
3,5,18.0,-2199050,1,6
4,5,19.0,-2199050,1,6
5,5,32.0,-2199050,1,6
6,1,38.0,-2199050,1,6
7,1,61.00000000000001,-2199050,1,6
8,1,120.0,-2199050,1,6
9,5,149.0,-2199050,1,6
10,13,149.0,-2199050,1,6
11,5,156.0,-2199050,1,6
12,5,161.0,-2199050,1,6
13,4,162.0,-150,1,6
14,5,162.0,-150,1,6
15,5,170.0,-150,1,6
16,4,170.0,-689000,1,6
17,5,172.0,-689000,1,6
18,8,173.0,-689000,1,6
19,4,174.0,-697450,1,6
20,5,180.0,-697450,1,6
21,9,190.0,-697450,1,6
0,10,224.0,-697450,1,6
1,11,0.0,-697450,6,3
0,10,0.0,-697450,6,3
1,11,0.0,-697450,3,3
2,4,9.0,-1171000,3,3
3,13,11.0,-1171000,3,3
4,5,16.0,-1171000,3,3
5,1,23.0,-1171000,3,3
6,9,35.0,-1171000,3,3
7,5,39.0,-1171000,3,3
8,1,71.0,-1171000,3,3
9,4,72.0,800,3,3
10,5,73.0,800,3,3
11,5,84.0,800,3,3
12,4,85.0,50,3,3
13,5,88.0,50,3,3
14,4,90.0,-247950,3,3
15,5,93.0,-247950,3,3
16,8,95.0,-247950,3,3
17,4,95.0,-215550,3,3
18,5,101.0,-215550,3,3
0,10,119.0,-215550,3,3
1,11,0.0,-215550,1,4
2,4,22.0,-2131000,1,4
3,5,34.0,-2131000,1,4
4,5,49.0,-2131000,1,4
5,5,84.0,-2131000,1,4
6,5,93.0,-2131000,1,4
7,13,207.0,-2131000,1,4
8,1,218.0,-2131000,1,4
9,1,291.0,-2131000,1,4
10,4,304.0,1700,1,4
11,5,305.0,1700,1,4
12,5,311.0,1700,1,4
13,4,311.0,50,1,4
14,5,315.0,50,1,4
15,4,315.0,-325100,1,4
16,5,318.0,-325100,1,4
17,4,318.0,-626700,1,4
18,5,319.0,-626700,1,4
19,8,321.0,-626700,1,4
20,4,321.0,-615000,1,4
21,5,327.0,-615000,1,4
22,9,347.0,-615000,1,4
0,10,383.0,-615000,1,4
1,11,0.0,-615000,4,1
2,4,14.0,-1525000,4,1
3,5,23.0,-1525000,4,1
4,5,33.0,-1525000,4,1
5,13,62.00000000000001,-1525000,4,1
6,5,93.0,-1525000,4,1
7,1,116.0,-1525000,4,1
8,1,118.0,-1525000,4,1
9,5,136.0,-1525000,4,1
10,4,139.0,50,4,1
11,5,144.0,50,4,1
12,4,157.0,-705350,4,1
13,5,160.0,-705350,4,1
14,4,160.0,-1052950,4,1
15,5,162.0,-1052950,4,1
16,4,162.0,-1098450,4,1
17,5,164.0,-1098450,4,1
18,8,165.0,-1098450,4,1
19,4,165.0,-1107450,4,1
20,5,171.0,-1107450,4,1
21,9,186.0,-1107450,4,1
22,4,193.0,-2017050,4,1
23,5,195.0,-2017050,4,1
0,10,210.0,-2017050,4,1
1,11,0.0,-2017050,1,4
2,4,13.0,-2015100,1,4
3,5,24.0,-2015100,1,4
4,5,25.0,-2015100,1,4
5,1,33.0,-2015100,1,4
6,5,39.0,-2015100,1,4
7,1,53.0,-2015100,1,4
8,5,133.0,-2015100,1,4
9,1,231.00000000000003,-2015100,1,4
10,4,244.00000000000003,-100,1,4
11,5,249.00000000000003,-100,1,4
12,4,249.00000000000003,-382550,1,4
13,5,250.00000000000003,-382550,1,4
14,4,251.00000000000003,-464650,1,4
15,5,253.00000000000003,-464650,1,4
16,4,253.00000000000003,-619450,1,4
17,5,255.00000000000003,-619450,1,4
18,8,256.0,-619450,1,4
19,4,257.0,-599250,1,4
20,13,260.0,-599250,1,4
21,5,263.0,-599250,1,4
22,9,449.0,-599250,1,4
0,10,491.00000000000006,-599250,1,4
1,11,0.0,-599250,4,1
2,4,36.0,-1553000,4,1
3,5,45.0,-1553000,4,1
4,1,50.0,-1553000,4,1
5,13,51.0,-1553000,4,1
6,1,52.0,-1553000,4,1
7,5,60.00000000000001,-1553000,4,1
8,1,61.00000000000001,-1553000,4,1
9,1,63.00000000000001,-1553000,4,1
10,1,64.0,-1553000,4,1
11,1,138.0,-1553000,4,1
12,1,139.0,-1553000,4,1
13,5,173.0,-1553000,4,1
14,5,174.0,-1553000,4,1
15,4,181.0,200,4,1
16,5,189.0,200,4,1
17,4,189.0,-1129850,4,1
18,5,191.0,-1129850,4,1
19,4,191.0,-1229500,4,1
20,5,192.0,-1229500,4,1
21,8,194.0,-1229500,4,1
22,4,194.0,-1237400,4,1
23,5,200.0,-1237400,4,1
24,9,244.00000000000003,-1237400,4,1
25,4,250.00000000000003,-2147050,4,1
26,5,252.00000000000003,-2147050,4,1
0,10,268.0,-2147050,4,1
1,11,0.0,-2147050,1,1
2,4,25.0,-2134050,1,1
3,5,37.0,-2134050,1,1
4,5,38.0,-2134050,1,1
5,5,49.0,-2134050,1,1
6,13,69.0,-2134050,1,1
7,5,77.0,-2134050,1,1
8,4,88.0,-50,1,1
9,5,95.0,-50,1,1
10,4,95.0,-1129900,1,1
11,5,97.0,-1129900,1,1
12,4,97.0,-1247750,1,1
13,5,98.0,-1247750,1,1
14,8,100.0,-1247750,1,1
15,4,100.0,-1260550,1,1
16,9,104.0,-1260550,1,1
17,5,106.0,-1260550,1,1
18,4,111.0,-2171050,1,1
19,5,113.0,-2171050,1,1
0,10,128.0,-2171050,1,1
1,11,0.0,-2171050,1,1
2,4,24.0,-2156950,1,1
3,5,36.0,-2156950,1,1
4,5,37.0,-2156950,1,1
5,5,48.0,-2156950,1,1
6,5,85.0,-2156950,1,1
7,5,133.0,-2156950,1,1
8,4,133.0,400,1,1
9,5,134.0,400,1,1
10,4,143.0,0,1,1
11,5,150.0,0,1,1
12,4,150.0,-1129900,1,1
13,5,152.0,-1129900,1,1
14,4,152.0,-1232250,1,1
15,5,153.0,-1232250,1,1
16,4,154.0,-1243750,1,1
17,5,154.0,-1243750,1,1
18,13,154.0,-1243750,1,1
19,4,157.0,-1244350,1,1
20,5,158.0,-1244350,1,1
21,4,158.0,-1247000,1,1
22,5,159.0,-1247000,1,1
23,8,161.0,-1247000,1,1
24,4,161.0,-1248850,1,1
25,5,167.0,-1248850,1,1
26,9,205.0,-1248850,1,1
27,4,211.0,-2159050,1,1
28,5,213.0,-2159050,1,1
0,10,229.00000000000003,-2159050,1,1
1,11,0.0,-2159050,1,1
2,4,66.0,-2197950,1,1
3,5,78.0,-2197950,1,1
4,4,97.0,-50,1,1
5,5,99.0,-50,1,1
6,4,100.0,-135350,1,1
7,5,101.0,-135350,1,1
8,4,101.0,-77500,1,1
9,5,103.0,-77500,1,1
10,5,112.0,-77500,1,1
11,13,140.0,-77500,1,1
12,4,150.0,-50,1,1
13,5,151.0,-50,1,1
14,5,161.0,-50,1,1
15,4,161.0,-450,1,1
16,5,162.0,-450,1,1
17,4,185.0,-150,1,1
18,5,187.0,-150,1,1
19,4,187.0,-141750,1,1
20,5,190.0,-141750,1,1
21,5,269.0,-141750,1,1
22,5,270.0,-141750,1,1
23,4,270.0,250,1,1
24,5,271.0,250,1,1
25,5,272.0,250,1,1
26,5,273.0,250,1,1
27,4,273.0,150,1,1
28,5,281.0,150,1,1
29,4,281.0,-1129950,1,1
30,5,283.0,-1129950,1,1
31,4,283.0,-1310900,1,1
32,5,284.0,-1310900,1,1
33,4,284.0,-1315150,1,1
34,5,285.0,-1315150,1,1
35,8,286.0,-1315150,1,1
36,4,286.0,-1320300,1,1
37,5,292.0,-1320300,1,1
38,9,317.0,-1320300,1,1
39,4,323.0,-2230000,1,1
40,5,325.0,-2230000,1,1
0,10,340.0,-2230000,1,1
1,11,0.0,-2230000,1,1
2,4,64.0,-2206950,1,1
3,13,72.0,-2206950,1,1
4,5,77.0,-2206950,1,1
5,5,91.0,-2206950,1,1
6,1,161.0,-2206950,1,1
7,5,200.0,-2206950,1,1
8,5,202.0,-2206950,1,1
9,5,203.0,-2206950,1,1
10,5,204.0,-2206950,1,1
11,4,205.0,100,1,1
12,5,205.0,100,1,1
13,5,212.0,100,1,1
14,4,213.0,-1129900,1,1
15,5,215.0,-1129900,1,1
16,4,215.0,-1310100,1,1
17,5,217.0,-1310100,1,1
18,4,217.0,-1272600,1,1
19,5,218.0,-1272600,1,1
20,8,219.0,-1272600,1,1
21,4,220.0,-1281800,1,1
22,5,225.0,-1281800,1,1
23,9,284.0,-1281800,1,1
24,4,305.0,-2192000,1,1
25,5,307.0,-2192000,1,1
0,10,325.0,-2192000,1,1
1,11,0.0,-2192000,1,4
2,13,1048.0,-2192000,1,4
3,12,1102.0,-2192000,1,4
4,12,1251.0,-2192000,1,4
5,12,2337.0,-2192000,1,4
6,13,3256.0,-2192000,1,4
7,12,3516.0,-2192000,1,4
8,12,4725.0,-2192000,1,4
9,13,5167.0,-2192000,1,4
10,13,5866.0,-2192000,1,4
11,13,6208.0,-2192000,1,4
12,12,6407.0,-2192000,1,4
13,12,6410.0,-2192000,1,4
14,12,6483.0,-2192000,1,4
15,12,6534.0,-2192000,1,4
16,13,6931.0,-2192000,1,4
17,12,7931.000000000001,-2192000,1,4
18,13,8988.0,-2192000,1,4
19,12,9363.0,-2192000,1,4
20,12,9458.0,-2192000,1,4
21,13,10631.0,-2192000,1,4
22,12,10786.0,-2192000,1,4
23,12,10882.0,-2192000,1,4
24,13,11802.0,-2192000,1,4
25,13,12222.0,-2192000,1,4
26,12,12544.0,-2192000,1,4
27,12,13686.0,-2192000,1,4
28,2,14417.0,-2192000,1,4
29,11,14661.000000000002,-2192000,1,4
0,10,14669.000000000002,-2192000,1,4
1,11,0.0,-2192000,4,1
2,4,8.0,-1506850,4,1
3,5,16.0,-1506850,4,1
4,13,16.0,-1506850,4,1
5,5,37.0,-1506850,4,1
6,1,45.0,-1506850,4,1
7,5,82.0,-1506850,4,1
8,1,96.0,-1506850,4,1
9,4,108.0,300,4,1
10,5,114.0,300,4,1
11,4,130.0,-921200,4,1
12,5,132.0,-921200,4,1
13,4,132.0,-1130050,4,1
14,5,134.0,-1130050,4,1
15,4,134.0,-1241350,4,1
16,5,136.0,-1241350,4,1
17,4,136.0,-1299800,4,1
18,5,137.0,-1299800,4,1
19,4,137.0,-1276500,4,1
20,5,138.0,-1276500,4,1
21,8,139.0,-1276500,4,1
22,4,139.0,-1282450,4,1
23,5,145.0,-1282450,4,1
24,9,177.0,-1282450,4,1
25,4,185.0,-2192000,4,1
26,5,187.0,-2192000,4,1
0,10,202.0,-2192000,4,1
1,11,0.0,-2192000,1,1
2,4,49.0,-2165950,1,1
3,5,61.00000000000001,-2165950,1,1
4,5,80.0,-2165950,1,1
5,13,131.0,-2165950,1,1
6,5,148.0,-2165950,1,1
7,4,298.0,-250,1,1
8,5,305.0,-250,1,1
9,4,306.0,-1129950,1,1
10,5,308.0,-1129950,1,1
11,8,308.0,-1129950,1,1
12,4,309.0,-1280000,1,1
13,5,315.0,-1280000,1,1
14,9,354.0,-1280000,1,1
15,4,361.0,-2190050,1,1
16,5,363.0,-2190050,1,1
0,10,379.0,-2190050,1,1
1,11,0.0,-2190050,1,1
2,4,13.0,-2168000,1,1
3,5,26.0,-2168000,1,1
4,5,37.0,-2168000,1,1
5,13,179.0,-2168000,1,1
6,9,280.0,-2168000,1,1
7,1,355.0,-2168000,1,1
8,1,367.0,-2168000,1,1
9,1,372.0,-2168000,1,1
10,5,378.0,-2168000,1,1
11,4,400.0,200,1,1
12,5,405.0,200,1,1
13,4,405.0,-757000,1,1
14,5,407.0,-757000,1,1
15,8,407.0,-757000,1,1
16,4,408.0,-793600,1,1
17,5,414.0,-793600,1,1
0,10,442.0,-793600,1,1
1,11,0.0,-793600,1,4
2,4,51.0,-2030050,1,4
3,5,63.00000000000001,-2030050,1,4
4,1,73.0,-2030050,1,4
5,5,73.0,-2030050,1,4
6,1,76.0,-2030050,1,4
7,1,78.0,-2030050,1,4
8,5,108.0,-2030050,1,4
9,4,173.0,1500,1,4
10,5,173.0,1500,1,4
11,5,185.0,1500,1,4
12,4,352.0,50,1,4
13,5,356.0,50,1,4
14,4,356.0,-513350,1,4
15,5,358.0,-513350,1,4
16,4,358.0,-550300,1,4
17,5,359.0,-550300,1,4
18,4,359.0,-568000,1,4
19,5,361.0,-568000,1,4
20,8,363.0,-568000,1,4
21,4,363.0,-595200,1,4
22,13,367.0,-595200,1,4
23,5,369.0,-595200,1,4
24,9,421.0,-595200,1,4
0,10,485.00000000000006,-595200,1,4
1,11,0.0,-595200,4,3
2,4,20.0,-1504950,4,3
3,5,29.000000000000004,-1504950,4,3
4,1,37.0,-1504950,4,3
5,5,66.0,-1504950,4,3
6,13,70.0,-1504950,4,3
7,1,106.0,-1504950,4,3
8,1,113.0,-1504950,4,3
9,5,121.0,-1504950,4,3
10,4,146.0,650,4,3
11,5,147.0,650,4,3
12,5,160.0,650,4,3
13,9,168.0,650,4,3
14,1,195.0,650,4,3
15,4,195.0,150,4,3
16,5,198.0,150,4,3
17,8,199.0,150,4,3
18,4,199.0,-280900,4,3
19,5,205.0,-280900,4,3
0,10,252.00000000000003,-280900,4,3
1,11,0.0,-280900,3,1
2,4,13.0,-1208100,3,1
3,5,20.0,-1208100,3,1
4,1,26.0,-1208100,3,1
5,5,32.0,-1208100,3,1
6,1,43.0,-1208100,3,1
7,5,88.0,-1208100,3,1
8,1,90.0,-1208100,3,1
9,13,96.0,-1208100,3,1
10,4,121.0,150,3,1
11,5,128.0,150,3,1
12,4,130.0,-1129950,3,1
13,9,132.0,-1129950,3,1
14,5,132.0,-1129950,3,1
15,4,132.0,-1310500,3,1
16,5,133.0,-1310500,3,1
17,4,133.0,-1310300,3,1
18,5,134.0,-1310300,3,1
19,8,134.0,-1310300,3,1
20,4,135.0,-1310100,3,1
21,5,140.0,-1310100,3,1
22,4,146.0,-2220000,3,1
23,5,148.0,-2220000,3,1
0,10,163.0,-2220000,3,1
1,11,0.0,-2220000,1,1
2,4,23.0,-2226900,1,1
3,5,36.0,-2226900,1,1
4,4,36.0,-83750,1,1
5,5,37.0,-83750,1,1
6,5,44.0,-83750,1,1
7,1,47.0,-83750,1,1
8,5,54.0,-83750,1,1
9,4,65.0,-350,1,1
10,5,66.0,-350,1,1
11,1,74.0,-350,1,1
12,5,77.0,-350,1,1
13,13,85.0,-350,1,1
14,4,91.0,-100,1,1
15,5,98.0,-100,1,1
16,4,98.0,-1129950,1,1
17,4,99.0,-1129950,1,1
18,5,101.0,-1129950,1,1
19,8,102.0,-1129950,1,1
20,4,102.0,-1318100,1,1
21,5,108.0,-1318100,1,1
22,9,123.0,-1318100,1,1
23,4,129.0,-2228050,1,1
24,5,131.0,-2228050,1,1
0,10,148.0,-2228050,1,1
1,11,0.0,-2228050,1,1
2,4,13.0,-2192000,1,1
3,5,25.0,-2192000,1,1
4,5,26.0,-2192000,1,1
5,5,51.0,-2192000,1,1
6,1,92.0,-2192000,1,1
7,1,97.0,-2192000,1,1
8,5,104.0,-2192000,1,1
9,4,109.0,-200,1,1
10,5,116.0,-200,1,1
11,4,116.0,-1129950,1,1
12,5,119.0,-1129950,1,1
13,4,120.0,-1332150,1,1
14,5,121.0,-1332150,1,1
15,13,122.0,-1332150,1,1
16,9,146.0,-1332150,1,1
17,4,165.0,-1368350,1,1
18,5,166.0,-1368350,1,1
19,8,166.0,-1368350,1,1
20,4,167.0,-1368350,1,1
21,5,173.0,-1368350,1,1
22,4,179.0,-2278000,1,1
23,5,181.0,-2278000,1,1
0,10,196.0,-2278000,1,1
1,11,0.0,-2278000,1,1
2,4,3.0,-2239050,1,1
3,5,15.000000000000002,-2239050,1,1
4,5,38.0,-2239050,1,1
5,5,61.00000000000001,-2239050,1,1
6,4,100.0,-250,1,1
7,5,100.0,-250,1,1
8,5,112.0,-250,1,1
9,4,132.0,100,1,1
10,5,139.0,100,1,1
11,4,139.0,-1129900,1,1
12,5,142.0,-1129900,1,1
13,4,142.0,-1355800,1,1
14,5,143.0,-1355800,1,1
15,8,143.0,-1355800,1,1
16,4,144.0,-1351550,1,1
17,5,150.0,-1351550,1,1
18,13,160.0,-1351550,1,1
19,9,192.0,-1351550,1,1
20,4,198.0,-2261950,1,1
21,5,200.0,-2261950,1,1
0,10,215.0,-2261950,1,1
1,11,0.0,-2261950,1,1
2,4,3.0,-2250000,1,1
3,5,16.0,-2250000,1,1
4,5,49.0,-2250000,1,1
5,1,71.0,-2250000,1,1
6,1,72.0,-2250000,1,1
7,5,89.0,-2250000,1,1
8,4,103.0,0,1,1
9,5,110.0,0,1,1
10,4,111.0,-1129900,1,1
11,5,113.0,-1129900,1,1
12,4,113.0,-1326500,1,1
13,5,114.0,-1326500,1,1
14,8,115.0,-1326500,1,1
15,4,115.0,-1367000,1,1
16,5,121.0,-1367000,1,1
17,13,127.0,-1367000,1,1
18,9,189.0,-1367000,1,1
19,4,195.0,-2277050,1,1
20,5,197.0,-2277050,1,1
0,10,213.0,-2277050,1,1
1,11,0.0,-2277050,3,1
2,4,54.0,-1152950,3,1
3,5,61.00000000000001,-1152950,3,1
4,1,66.0,-1152950,3,1
5,5,79.0,-1152950,3,1
6,1,98.0,-1152950,3,1
7,13,169.0,-1152950,3,1
8,1,211.0,-1152950,3,1
9,4,266.0,300,3,1
10,5,267.0,300,3,1
11,5,276.0,300,3,1
12,4,283.0,150,3,1
13,5,290.0,150,3,1
14,9,297.0,150,3,1
15,4,300.0,-1129000,3,1
16,5,301.0,-1129000,3,1
17,4,302.0,-1130000,3,1
18,5,304.0,-1130000,3,1
19,8,306.0,-1130000,3,1
20,4,306.0,-1317800,3,1
21,5,312.0,-1317800,3,1
22,4,331.0,-2228050,3,1
23,5,333.0,-2228050,3,1
0,10,351.0,-2228050,3,1
1,11,0.0,-2228050,1,1
2,4,58.00000000000001,-2147050,1,1
3,5,70.0,-2147050,1,1
4,5,71.0,-2147050,1,1
5,5,106.0,-2147050,1,1
6,13,118.0,-2147050,1,1
7,1,152.0,-2147050,1,1
8,1,170.0,-2147050,1,1
9,5,181.0,-2147050,1,1
10,4,182.0,100,1,1
11,5,182.0,100,1,1
12,4,200.0,-11800,1,1
13,5,205.0,-11800,1,1
14,4,207.0,-818200,1,1
15,5,210.0,-818200,1,1
16,4,211.0,-1130000,1,1
17,5,213.0,-1130000,1,1
18,4,214.0,-1317350,1,1
19,5,216.0,-1317350,1,1
20,4,220.0,-1268100,1,1
21,5,223.0,-1268100,1,1
22,8,226.0,-1268100,1,1
23,4,228.0,-1246800,1,1
24,5,234.00000000000003,-1246800,1,1
25,9,262.0,-1246800,1,1
26,4,403.0,-2156950,1,1
27,5,404.0,-2156950,1,1
0,10,419.0,-2156950,1,1
1,11,0.0,-2156950,1,10
2,13,42.0,-2156950,1,10
3,4,59.00000000000001,-2083950,1,10
4,1,69.0,-2083950,1,10
5,5,70.0,-2083950,1,10
6,1,71.0,-2083950,1,10
7,5,81.0,-2083950,1,10
8,4,104.0,1450,1,10
9,5,104.0,1450,1,10
10,5,114.0,1450,1,10
11,4,121.0,-50,1,10
12,5,128.0,-50,1,10
13,4,128.0,-1130000,1,10
14,5,130.0,-1130000,1,10
15,4,133.0,-1155700,1,10
16,5,135.0,-1155700,1,10
17,8,136.0,-1155700,1,10
18,4,136.0,-1170750,1,10
19,5,142.0,-1170750,1,10
20,9,181.0,-1170750,1,10
0,10,200.0,-1170750,1,10
1,11,0.0,-1170750,10,10
2,4,89.0,-2072000,10,10
3,5,101.0,-2072000,10,10
4,5,111.0,-2072000,10,10
5,5,143.0,-2072000,10,10
6,4,144.0,50,10,10
7,5,151.0,50,10,10
8,4,151.0,-1127150,10,10
9,5,153.0,-1127150,10,10
10,4,153.0,-1060300,10,10
11,5,154.0,-1060300,10,10
12,8,155.0,-1060300,10,10
13,4,155.0,-1077650,10,10
14,5,161.0,-1077650,10,10
15,13,180.0,-1077650,10,10
16,9,222.0,-1077650,10,10
0,10,241.00000000000003,-1077650,10,10
1,11,0.0,-1077650,10,7
2,4,116.0,-2024050,10,7
3,5,127.0,-2024050,10,7
4,5,128.0,-2024050,10,7
5,5,139.0,-2024050,10,7
6,5,152.0,-2024050,10,7
7,1,201.0,-2024050,10,7
8,5,202.0,-2024050,10,7
9,1,222.0,-2024050,10,7
10,5,266.0,-2024050,10,7
11,4,267.0,-50,10,7
12,5,274.0,-50,10,7
13,4,274.0,-1018900,10,7
14,5,276.0,-1018900,10,7
15,4,281.0,-787350,10,7
16,5,283.0,-787350,10,7
17,4,283.0,-748250,10,7
18,5,285.0,-748250,10,7
19,4,285.0,-871300,10,7
20,5,287.0,-871300,10,7
21,13,291.0,-871300,10,7
22,8,296.0,-871300,10,7
23,4,297.0,-789900,10,7
24,5,303.0,-789900,10,7
25,9,415.0,-789900,10,7
26,4,426.0,-1700000,10,7
27,5,427.0,-1700000,10,7
0,10,446.0,-1700000,10,7
1,11,0.0,-1700000,7,1
2,4,71.0,-1581000,7,1
3,5,81.0,-1581000,7,1
4,1,92.0,-1581000,7,1
5,1,95.0,-1581000,7,1
6,5,109.0,-1581000,7,1
7,5,151.0,-1581000,7,1
8,5,164.0,-1581000,7,1
9,5,166.0,-1581000,7,1
10,5,177.0,-1581000,7,1
11,1,181.0,-1581000,7,1
12,13,213.0,-1581000,7,1
13,5,229.00000000000003,-1581000,7,1
14,4,229.00000000000003,50,7,1
15,5,230.00000000000003,50,7,1
16,4,230.00000000000003,0,7,1
17,5,231.00000000000003,0,7,1
18,4,231.00000000000003,-40500,7,1
19,5,235.00000000000003,-40500,7,1
20,4,244.00000000000003,-470250,7,1
21,5,249.00000000000003,-470250,7,1
22,4,249.00000000000003,-1130000,7,1
23,5,252.00000000000003,-1130000,7,1
24,4,252.00000000000003,-1338800,7,1
25,5,254.00000000000003,-1338800,7,1
26,4,254.00000000000003,-1161150,7,1
27,5,257.0,-1161150,7,1
28,8,260.0,-1161150,7,1
29,4,262.0,-1195300,7,1
30,5,268.0,-1195300,7,1
31,9,269.0,-1195300,7,1
32,4,311.0,-2105000,7,1
33,5,313.0,-2105000,7,1
0,10,328.0,-2105000,7,1
1,11,0.0,-2105000,1,1
2,4,176.0,-2041850,1,1
3,5,187.0,-2041850,1,1
4,1,204.0,-2041850,1,1
5,5,208.0,-2041850,1,1
6,1,209.0,-2041850,1,1
7,5,216.0,-2041850,1,1
8,1,257.0,-2041850,1,1
9,1,258.0,-2041850,1,1
10,1,309.0,-2041850,1,1
11,1,332.0,-2041850,1,1
12,4,338.0,600,1,1
13,5,339.0,600,1,1
14,5,350.0,600,1,1
15,13,377.0,600,1,1
16,4,438.0,100,1,1
17,5,441.0,100,1,1
18,4,441.0,-312550,1,1
19,5,444.0,-312550,1,1
20,4,444.0,-414250,1,1
21,5,445.0,-414250,1,1
22,4,445.0,-416900,1,1
23,5,447.0,-416900,1,1
24,4,447.0,-476450,1,1
25,5,449.0,-476450,1,1
26,8,449.0,-476450,1,1
27,4,450.0,-432300,1,1
28,5,456.0,-432300,1,1
29,9,468.00000000000006,-432300,1,1
30,4,484.00000000000006,-1341950,1,1
31,5,487.00000000000006,-1341950,1,1
0,10,502.00000000000006,-1341950,1,1
1,11,0.0,-1341950,1,8
2,4,50.0,-1455000,1,8
3,5,59.00000000000001,-1455000,1,8
4,1,63.00000000000001,-1455000,1,8
5,1,76.0,-1455000,1,8
6,5,88.0,-1455000,1,8
7,1,102.0,-1455000,1,8
8,5,181.0,-1455000,1,8
9,1,205.0,-1455000,1,8
10,4,249.00000000000003,-50,1,8
11,5,253.00000000000003,-50,1,8
12,4,254.00000000000003,-528550,1,8
13,5,257.0,-528550,1,8
14,4,257.0,-922750,1,8
15,5,259.0,-922750,1,8
16,8,281.0,-922750,1,8
17,4,281.0,-813600,1,8
18,5,287.0,-813600,1,8
19,13,309.0,-813600,1,8
20,9,368.0,-813600,1,8
0,10,399.0,-813600,1,8
1,11,0.0,-813600,8,1
2,4,30.000000000000004,-1495150,8,1
3,5,32.0,-1495150,8,1
0,10,68.0,-1495150,8,1
1,11,0.0,-1495150,1,1
2,4,18.0,-1555050,1,1
3,5,27.0,-1555050,1,1
4,13,30.000000000000004,-1555050,1,1
5,1,33.0,-1555050,1,1
6,1,34.0,-1555050,1,1
7,1,35.0,-1555050,1,1
8,5,39.0,-1555050,1,1
9,1,83.0,-1555050,1,1
10,4,84.0,600,1,1
11,5,84.0,600,1,1
12,1,86.0,600,1,1
13,1,88.0,600,1,1
14,1,89.0,600,1,1
15,1,91.0,600,1,1
16,5,95.0,600,1,1
17,4,108.0,150,1,1
18,5,113.0,150,1,1
19,4,114.0,-701350,1,1
20,5,115.0,-701350,1,1
21,8,116.0,-701350,1,1
22,4,116.0,-684850,1,1
23,5,122.0,-684850,1,1
24,9,141.0,-684850,1,1
0,10,175.0,-684850,1,1
1,11,0.0,-684850,1,3
2,13,32.0,-684850,1,3
3,4,49.0,-1946050,1,3
4,5,60.00000000000001,-1946050,1,3
5,1,68.0,-1946050,1,3
6,1,72.0,-1946050,1,3
7,5,75.0,-1946050,1,3
8,1,98.0,-1946050,1,3
9,1,99.0,-1946050,1,3
10,1,129.0,-1946050,1,3
11,5,135.0,-1946050,1,3
12,4,135.0,-250,1,3
13,4,137.0,-50,1,3
14,5,140.0,-50,1,3
15,4,140.0,-267850,1,3
16,5,141.0,-267850,1,3
17,4,141.0,-257300,1,3
18,5,143.0,-257300,1,3
19,8,144.0,-257300,1,3
20,4,145.0,-187650,1,3
21,5,151.0,-187650,1,3
22,9,170.0,-187650,1,3
0,10,193.0,-187650,1,3
1,11,0.0,-187650,3,6
2,13,28.0,-187650,3,6
3,4,42.0,-1139950,3,6
4,5,49.0,-1139950,3,6
5,5,64.0,-1139950,3,6
6,1,65.0,-1139950,3,6
7,1,75.0,-1139950,3,6
8,1,76.0,-1139950,3,6
9,1,96.0,-1139950,3,6
10,4,142.0,400,3,6
11,5,143.0,400,3,6
12,5,153.0,400,3,6
13,4,156.0,100,3,6
14,5,161.0,100,3,6
15,4,162.0,-769050,3,6
16,5,167.0,-769050,3,6
17,9,168.0,-769050,3,6
18,8,168.0,-769050,3,6
19,4,168.0,-721600,3,6
20,5,174.0,-721600,3,6
0,10,211.0,-721600,3,6
1,11,0.0,-721600,6,1
2,13,18.0,-721600,6,1
3,4,38.0,-1631800,6,1
4,5,47.0,-1631800,6,1
5,1,51.0,-1631800,6,1
6,5,59.00000000000001,-1631800,6,1
7,1,152.0,-1631800,6,1
8,5,158.0,-1631800,6,1
9,4,201.0,100,6,1
10,9,205.0,100,6,1
11,5,208.0,100,6,1
12,4,209.0,-1129850,6,1
13,5,212.0,-1129850,6,1
14,4,214.0,-1451800,6,1
15,5,217.0,-1451800,6,1
16,8,246.00000000000003,-1451800,6,1
17,4,247.00000000000003,-1434750,6,1
18,5,253.00000000000003,-1434750,6,1
19,4,281.0,-2345000,6,1
20,5,283.0,-2345000,6,1
0,10,298.0,-2345000,6,1
1,11,0.0,-2345000,1,1
2,4,13.0,-2110000,1,1
3,13,23.0,-2110000,1,1
4,5,25.0,-2110000,1,1
5,5,36.0,-2110000,1,1
6,1,80.0,-2110000,1,1
7,1,99.0,-2110000,1,1
8,1,117.0,-2110000,1,1
9,5,187.0,-2110000,1,1
10,9,219.0,-2110000,1,1
11,4,321.0,-50,1,1
12,5,330.0,-50,1,1
13,4,330.0,-1004300,1,1
14,5,332.0,-1004300,1,1
15,4,332.0,-903450,1,1
16,5,333.0,-903450,1,1
17,4,334.0,-936500,1,1
18,5,335.0,-936500,1,1
19,4,338.0,-937450,1,1
20,5,339.0,-937450,1,1
21,4,341.0,-937650,1,1
22,5,342.0,-937650,1,1
23,4,342.0,-945850,1,1
24,5,344.0,-945850,1,1
25,8,348.0,-945850,1,1
26,4,348.0,-823650,1,1
27,5,354.0,-823650,1,1
0,10,385.0,-823650,1,1
1,11,0.0,-823650,1,4
2,13,16.0,-823650,1,4
3,4,24.0,-2077050,1,4
4,1,34.0,-2077050,1,4
5,5,36.0,-2077050,1,4
6,1,40.0,-2077050,1,4
7,1,46.0,-2077050,1,4
8,5,46.0,-2077050,1,4
9,1,52.0,-2077050,1,4
10,5,117.0,-2077050,1,4
11,5,119.0,-2077050,1,4
12,4,164.0,-250,1,4
13,5,165.0,-250,1,4
14,5,177.0,-250,1,4
15,4,178.0,-250,1,4
16,5,178.0,-250,1,4
17,5,179.0,-250,1,4
18,1,280.0,-250,1,4
19,1,283.0,-250,1,4
20,1,285.0,-250,1,4
21,4,305.0,50,1,4
22,5,308.0,50,1,4
23,4,308.0,-363850,1,4
24,5,311.0,-363850,1,4
25,4,312.0,-608750,1,4
26,5,313.0,-608750,1,4
27,8,314.0,-608750,1,4
28,4,314.0,-659050,1,4
29,5,320.0,-659050,1,4
30,9,365.0,-659050,1,4
0,10,417.0,-659050,1,4
1,11,0.0,-659050,4,1
2,4,14.0,-1568950,4,1
3,13,19.0,-1568950,4,1
4,5,23.0,-1568950,4,1
5,1,32.0,-1568950,4,1
6,5,38.0,-1568950,4,1
7,1,72.0,-1568950,4,1
8,5,153.0,-1568950,4,1
9,1,163.0,-1568950,4,1
10,1,167.0,-1568950,4,1
11,1,184.0,-1568950,4,1
12,4,197.0,-200,4,1
13,5,204.0,-200,4,1
14,4,205.0,-1129900,4,1
15,5,208.0,-1129900,4,1
16,4,209.0,-1539650,4,1
17,5,211.0,-1539650,4,1
18,4,211.0,-1453100,4,1
19,5,212.0,-1453100,4,1
20,8,213.0,-1453100,4,1
21,4,213.0,-1438450,4,1
22,5,219.0,-1438450,4,1
23,9,247.00000000000003,-1438450,4,1
24,4,259.0,-2347950,4,1
25,5,261.0,-2347950,4,1
0,10,276.0,-2347950,4,1
1,11,0.0,-2347950,3,1
2,4,28.0,-1145900,3,1
3,5,36.0,-1145900,3,1
4,1,42.0,-1145900,3,1
5,5,51.0,-1145900,3,1
6,13,233.00000000000003,-1145900,3,1
7,1,1213.0,-1145900,3,1
8,5,1286.0,-1145900,3,1
9,9,1292.0,-1145900,3,1
10,1,1351.0,-1145900,3,1
11,4,1382.0,-50,3,1
12,5,1389.0,-50,3,1
13,4,1401.0,-1129900,3,1
14,5,1404.0,-1129900,3,1
15,4,1413.0,-831750,3,1
16,5,1417.0,-831750,3,1
17,4,1417.0,-1129950,3,1
18,5,1418.0,-1129950,3,1
19,4,1419.0,-1163250,3,1
20,5,1420.0,-1163250,3,1
21,8,1422.0,-1163250,3,1
22,4,1422.0,-1153800,3,1
23,5,1428.0,-1153800,3,1
24,4,1435.0,-2063950,3,1
25,5,1436.0,-2063950,3,1
0,10,1454.0,-2063950,3,1
1,11,0.0,-2063950,1,1
2,4,43.0,-2154000,1,1
3,13,46.0,-2154000,1,1
4,5,55.0,-2154000,1,1
5,5,84.0,-2154000,1,1
6,9,104.0,-2154000,1,1
7,5,109.0,-2154000,1,1
8,4,152.0,550,1,1
9,5,152.0,550,1,1
10,5,159.0,550,1,1
11,4,160.0,-1129900,1,1
12,5,163.0,-1129900,1,1
13,4,163.0,-1317650,1,1
14,5,165.0,-1317650,1,1
15,4,165.0,-1187550,1,1
16,5,166.0,-1187550,1,1
17,4,166.0,-1199100,1,1
18,5,167.0,-1199100,1,1
19,4,167.0,-1201500,1,1
20,5,168.0,-1201500,1,1
21,4,168.0,-1212050,1,1
22,5,169.0,-1212050,1,1
23,8,170.0,-1212050,1,1
24,4,170.0,-1220600,1,1
25,5,176.0,-1220600,1,1
26,4,204.0,-2131000,1,1
27,5,206.0,-2131000,1,1
0,10,222.0,-2131000,1,1
1,11,0.0,-2131000,1,1
2,4,9.0,-2168050,1,1
3,5,21.0,-2168050,1,1
4,5,36.0,-2168050,1,1
5,5,58.00000000000001,-2168050,1,1
6,13,69.0,-2168050,1,1
7,4,70.0,0,1,1
8,5,77.0,0,1,1
9,4,81.0,-1129950,1,1
10,5,83.0,-1129950,1,1
11,4,83.0,-1235800,1,1
12,5,85.0,-1235800,1,1
13,8,86.0,-1235800,1,1
14,4,86.0,-1297400,1,1
15,5,92.0,-1297400,1,1
16,9,112.0,-1297400,1,1
17,4,125.0,-2207000,1,1
18,5,127.0,-2207000,1,1
0,10,142.0,-2207000,1,1
1,11,0.0,-2207000,1,1
2,4,19.0,-2134050,1,1
3,5,31.000000000000004,-2134050,1,1
4,5,46.0,-2134050,1,1
5,5,56.0,-2134050,1,1
6,13,56.0,-2134050,1,1
7,4,190.0,-300,1,1
8,5,190.0,-300,1,1
9,5,202.0,-300,1,1
10,4,230.00000000000003,-50,1,1
11,5,237.00000000000003,-50,1,1
12,4,237.00000000000003,-1129900,1,1
13,5,239.00000000000003,-1129900,1,1
14,8,240.00000000000003,-1129900,1,1
15,4,241.00000000000003,-1281250,1,1
16,5,247.00000000000003,-1281250,1,1
17,9,414.0,-1281250,1,1
18,4,428.0,-2191050,1,1
19,5,430.0,-2191050,1,1
0,10,445.0,-2191050,1,1
1,11,0.0,-2191050,1,1
2,4,33.0,-2128000,1,1
3,5,46.0,-2128000,1,1
4,5,65.0,-2128000,1,1
5,4,145.0,-400,1,1
6,5,146.0,-400,1,1
7,5,159.0,-400,1,1
8,4,159.0,500,1,1
9,5,160.0,500,1,1
10,5,161.0,500,1,1
11,4,185.0,150,1,1
12,5,192.0,150,1,1
13,4,193.0,-1129900,1,1
14,5,195.0,-1129900,1,1
15,4,195.0,-1322900,1,1
16,5,197.0,-1322900,1,1
17,8,198.0,-1322900,1,1
18,4,198.0,-1245950,1,1
19,5,204.0,-1245950,1,1
20,13,265.0,-1245950,1,1
21,9,336.0,-1245950,1,1
22,4,345.0,-2155950,1,1
23,5,347.0,-2155950,1,1
0,10,363.0,-2155950,1,1
1,11,0.0,-2155950,1,3
2,4,53.0,-2155000,1,3
3,13,55.0,-2155000,1,3
4,1,56.0,-2155000,1,3
5,5,65.0,-2155000,1,3
6,5,87.0,-2155000,1,3
7,9,95.0,-2155000,1,3
8,1,119.0,-2155000,1,3
9,1,138.0,-2155000,1,3
10,5,151.0,-2155000,1,3
11,4,151.0,500,1,3
12,5,152.0,500,1,3
13,1,152.0,500,1,3
14,4,162.0,150,1,3
15,5,164.0,150,1,3
16,4,167.0,-163450,1,3
17,5,168.0,-163450,1,3
18,4,168.0,-164550,1,3
19,5,171.0,-164550,1,3
20,4,172.0,-232650,1,3
21,5,173.0,-232650,1,3
22,8,174.0,-232650,1,3
23,4,174.0,-238600,1,3
24,5,180.0,-238600,1,3
0,10,198.0,-238600,1,3
1,11,0.0,-238600,3,10
2,4,57.0,-1153050,3,10
3,5,64.0,-1153050,3,10
4,1,68.0,-1153050,3,10
5,5,77.0,-1153050,3,10
6,1,121.0,-1153050,3,10
7,13,130.0,-1153050,3,10
8,5,134.0,-1153050,3,10
9,9,172.0,-1153050,3,10
10,4,180.0,0,3,10
11,5,183.0,0,3,10
12,3,185.0,0,3,10
13,4,186.0,-251350,3,10
14,5,187.0,-251350,3,10
15,4,187.0,-283750,3,10
16,5,189.0,-283750,3,10
17,8,192.0,-283750,3,10
18,4,192.0,-367200,3,10
19,5,198.0,-367200,3,10
20,4,200.0,-1277000,3,10
21,0,200.0,-1277000,3,10
22,5,206.0,-1277000,3,10
23,8,230.00000000000003,-1277000,3,10
24,4,230.00000000000003,-367000,3,10
25,5,236.00000000000003,-367000,3,10
0,10,254.00000000000003,-367000,3,10
1,11,0.0,-367000,10,7
2,4,99.0,-1269050,10,7
3,5,107.0,-1269050,10,7
4,1,111.0,-1269050,10,7
5,5,118.0,-1269050,10,7
6,13,128.0,-1269050,10,7
7,1,139.0,-1269050,10,7
8,1,140.0,-1269050,10,7
9,4,233.00000000000003,350,10,7
10,1,233.00000000000003,350,10,7
11,5,234.00000000000003,350,10,7
12,5,244.00000000000003,350,10,7
13,4,252.00000000000003,200,10,7
14,5,255.00000000000003,200,10,7
15,4,255.00000000000003,-289200,10,7
16,5,257.0,-289200,10,7
17,8,258.0,-289200,10,7
18,4,258.0,-308750,10,7
19,5,261.0,-308750,10,7
20,4,263.0,-648400,10,7
21,5,267.0,-648400,10,7
22,9,447.0,-648400,10,7
0,10,513.0,-648400,10,7
1,11,0.0,-648400,7,3
2,4,38.0,-1218950,7,3
3,5,46.0,-1218950,7,3
4,5,54.0,-1218950,7,3
5,1,71.0,-1218950,7,3
6,1,79.0,-1218950,7,3
7,1,98.0,-1218950,7,3
8,1,99.0,-1218950,7,3
9,1,184.0,-1218950,7,3
10,4,197.0,300,7,3
11,5,198.0,300,7,3
12,5,206.0,300,7,3
13,4,210.0,200,7,3
14,5,213.0,200,7,3
15,4,214.0,-145050,7,3
16,5,217.0,-145050,7,3
17,8,218.0,-145050,7,3
18,4,218.0,-200600,7,3
19,5,224.0,-200600,7,3
20,13,231.00000000000003,-200600,7,3
21,9,523.0,-200600,7,3
0,10,548.0,-200600,7,3
1,11,0.0,-200600,3,1
2,4,12.0,-1135000,3,1
3,5,19.0,-1135000,3,1
4,1,20.0,-1135000,3,1
5,5,29.000000000000004,-1135000,3,1
6,13,230.00000000000003,-1135000,3,1
7,2,309.0,-1135000,3,1
8,2,405.0,-1135000,3,1
9,2,450.0,-1135000,3,1
10,12,532.0,-1135000,3,1
11,2,552.0,-1135000,3,1
12,2,761.0,-1135000,3,1
13,2,863.0,-1135000,3,1
14,2,964.0,-1135000,3,1
15,2,1051.0,-1135000,3,1
16,2,1132.0,-1135000,3,1
17,2,1281.0,-1135000,3,1
18,2,1437.0,-1135000,3,1
19,2,1455.0,-1135000,3,1
20,2,1485.0,-1135000,3,1
21,2,1503.0,-1135000,3,1
22,2,1529.0,-1135000,3,1
23,2,1596.0,-1135000,3,1
24,2,1632.0,-1135000,3,1
25,2,1695.0,-1135000,3,1
26,2,1841.0,-1135000,3,1
27,2,2033.0,-1135000,3,1
28,2,2152.0,-1135000,3,1
29,2,2223.0,-1135000,3,1
30,2,2414.0,-1135000,3,1
31,2,2463.0,-1135000,3,1
32,2,2500.0,-1135000,3,1
33,2,2535.0,-1135000,3,1
34,2,2574.0,-1135000,3,1
35,2,2610.0,-1135000,3,1
36,2,2646.0,-1135000,3,1
37,2,2682.0,-1135000,3,1
38,2,2711.0,-1135000,3,1
39,2,2890.0,-1135000,3,1
40,13,3237.0,-1135000,3,1
41,2,3448.0,-1135000,3,1
42,2,3528.0,-1135000,3,1
43,2,3607.0,-1135000,3,1
44,12,3697.000000000001,-1135000,3,1
45,2,3700.000000000001,-1135000,3,1
46,2,3889.000000000001,-1135000,3,1
47,12,4089.000000000001,-1135000,3,1
48,2,4115.0,-1135000,3,1
49,2,4183.0,-1135000,3,1
50,2,4272.0,-1135000,3,1
51,2,4345.0,-1135000,3,1
52,2,4527.0,-1135000,3,1
53,2,4640.0,-1135000,3,1
54,2,4718.0,-1135000,3,1
55,2,4868.0,-1135000,3,1
56,2,5012.0,-1135000,3,1
57,2,5034.0,-1135000,3,1
58,2,5073.0,-1135000,3,1
59,2,5094.0,-1135000,3,1
60,2,5130.0,-1135000,3,1
61,2,5173.0,-1135000,3,1
62,2,5210.0,-1135000,3,1
63,2,5263.0,-1135000,3,1
64,2,5359.0,-1135000,3,1
65,2,5502.0,-1135000,3,1
66,2,5641.0,-1135000,3,1
67,2,5696.0,-1135000,3,1
68,2,5844.0,-1135000,3,1
69,2,5913.0,-1135000,3,1
70,2,5943.0,-1135000,3,1
71,2,5977.0,-1135000,3,1
72,2,6008.0,-1135000,3,1
73,2,6045.0,-1135000,3,1
74,2,6080.0,-1135000,3,1
75,2,6143.0,-1135000,3,1
76,2,6197.0,-1135000,3,1
77,2,6377.0,-1135000,3,1
78,13,6538.0,-1135000,3,1
79,2,6805.0,-1135000,3,1
80,2,6864.0,-1135000,3,1
81,13,6890.0,-1135000,3,1
82,2,6923.0,-1135000,3,1
83,2,6987.0,-1135000,3,1
84,2,7056.0,-1135000,3,1
85,2,7087.0,-1135000,3,1
86,2,7134.0,-1135000,3,1
87,2,7166.0,-1135000,3,1
88,2,7207.0,-1135000,3,1
89,13,7222.0,-1135000,3,1
90,2,7228.0,-1135000,3,1
91,2,7314.000000000001,-1135000,3,1
92,2,7359.000000000001,-1135000,3,1
93,2,7750.000000000001,-1135000,3,1
94,2,7966.000000000001,-1135000,3,1
95,2,8006.000000000001,-1135000,3,1
96,2,8045.000000000001,-1135000,3,1
97,2,8071.000000000001,-1135000,3,1
98,13,8103.000000000001,-1135000,3,1
99,13,8229.0,-1135000,3,1
100,2,8301.0,-1135000,3,1
101,2,8338.0,-1135000,3,1
102,2,8428.0,-1135000,3,1
103,2,8580.0,-1135000,3,1
104,2,8733.0,-1135000,3,1
105,13,9164.0,-1135000,3,1
106,2,9211.0,-1135000,3,1
107,2,9267.0,-1135000,3,1
108,2,9331.0,-1135000,3,1
109,2,9386.0,-1135000,3,1
110,2,9417.0,-1135000,3,1
111,2,9443.0,-1135000,3,1
112,2,9480.0,-1135000,3,1
113,2,9501.0,-1135000,3,1
114,2,9635.0,-1135000,3,1
115,2,9684.0,-1135000,3,1
116,2,10062.0,-1135000,3,1
117,2,10267.0,-1135000,3,1
118,2,10305.0,-1135000,3,1
119,2,10344.0,-1135000,3,1
120,13,10564.0,-1135000,3,1
121,2,10712.0,-1135000,3,1
122,2,10779.0,-1135000,3,1
123,2,10840.0,-1135000,3,1
124,2,10931.0,-1135000,3,1
125,2,10962.0,-1135000,3,1
126,2,10986.0,-1135000,3,1
127,2,11017.0,-1135000,3,1
128,2,11052.0,-1135000,3,1
129,13,11055.0,-1135000,3,1
130,2,11060.0,-1135000,3,1
131,13,11061.0,-1135000,3,1
132,2,11081.0,-1135000,3,1
133,13,11098.0,-1135000,3,1
134,2,11103.0,-1135000,3,1
135,2,11198.0,-1135000,3,1
136,2,11261.0,-1135000,3,1
137,2,11689.0,-1135000,3,1
138,2,11864.0,-1135000,3,1
139,2,11899.0,-1135000,3,1
140,2,11940.0,-1135000,3,1
141,13,12053.0,-1135000,3,1
142,2,12152.0,-1135000,3,1
143,2,12198.0,-1135000,3,1
144,2,12262.0,-1135000,3,1
145,2,12343.0,-1135000,3,1
146,2,12374.0,-1135000,3,1
147,2,12400.0,-1135000,3,1
148,2,12432.0,-1135000,3,1
149,2,12478.0,-1135000,3,1
150,13,12496.0,-1135000,3,1
151,2,12501.0,-1135000,3,1
152,2,12586.0,-1135000,3,1
153,2,12614.0,-1135000,3,1
154,2,13024.0,-1135000,3,1
155,2,13188.0,-1135000,3,1
156,2,13228.0,-1135000,3,1
157,2,13267.0,-1135000,3,1
158,13,13564.0,-1135000,3,1
159,2,13618.0,-1135000,3,1
160,2,13683.0,-1135000,3,1
161,2,13747.0,-1135000,3,1
162,2,13840.0,-1135000,3,1
163,2,13871.0,-1135000,3,1
164,2,13897.0,-1135000,3,1
165,2,13929.0,-1135000,3,1
166,2,13952.0,-1135000,3,1
167,2,14108.0,-1135000,3,1
168,2,14131.0,-1135000,3,1
169,11,14606.000000000002,-1135000,3,1
0,10,14622.000000000002,-1135000,3,1
1,11,0.0,-1135000,1,8
2,4,14.0,-2193100,1,8
3,5,26.0,-2193100,1,8
4,5,38.0,-2193100,1,8
5,1,40.0,-2193100,1,8
6,1,93.0,-2193100,1,8
7,5,112.0,-2193100,1,8
8,5,113.0,-2193100,1,8
9,4,123.0,100,1,8
10,5,130.0,100,1,8
11,4,130.0,-1006500,1,8
12,5,132.0,-1006500,1,8
13,8,132.0,-1006500,1,8
14,4,133.0,-991650,1,8
15,13,134.0,-991650,1,8
16,5,139.0,-991650,1,8
17,9,172.0,-991650,1,8
0,10,203.0,-991650,1,8
1,11,0.0,-991650,8,3
2,4,46.0,-1900950,8,3
3,5,57.0,-1900950,8,3
4,5,66.0,-1900950,8,3
5,1,68.0,-1900950,8,3
6,1,95.0,-1900950,8,3
7,1,96.0,-1900950,8,3
8,5,106.0,-1900950,8,3
9,13,110.0,-1900950,8,3
10,5,127.0,-1900950,8,3
11,1,129.0,-1900950,8,3
12,4,140.0,100,8,3
13,5,142.0,100,8,3
14,4,142.0,-207550,8,3
15,5,144.0,-207550,8,3
16,8,145.0,-207550,8,3
17,4,145.0,-273900,8,3
18,5,151.0,-273900,8,3
19,9,247.00000000000003,-273900,8,3
0,10,271.0,-273900,8,3
1,11,0.0,-273900,3,6
2,4,19.0,-1199950,3,6
3,5,26.0,-1199950,3,6
4,5,27.0,-1199950,3,6
5,1,27.0,-1199950,3,6
6,5,38.0,-1199950,3,6
7,1,43.0,-1199950,3,6
8,1,90.0,-1199950,3,6
9,4,106.0,2250,3,6
10,5,107.0,2250,3,6
11,5,119.0,2250,3,6
12,4,119.0,-1150,3,6
13,4,178.0,-50,3,6
14,5,184.0,-50,3,6
15,4,184.0,-764350,3,6
16,5,185.0,-764350,3,6
17,4,185.0,-730000,3,6
18,5,187.0,-730000,3,6
19,8,188.0,-730000,3,6
20,4,188.0,-741400,3,6
21,5,194.0,-741400,3,6
22,13,211.0,-741400,3,6
23,9,241.00000000000003,-741400,3,6
0,10,265.0,-741400,3,6
1,11,0.0,-741400,6,6
2,4,47.0,-1659000,6,6
3,5,57.0,-1659000,6,6
4,5,68.0,-1659000,6,6
5,13,73.0,-1659000,6,6
6,1,98.0,-1659000,6,6
7,4,155.0,500,6,6
8,5,156.0,500,6,6
9,9,165.0,500,6,6
10,5,168.0,500,6,6
11,4,170.0,50,6,6
12,5,176.0,50,6,6
13,4,177.0,-615950,6,6
14,5,180.0,-615950,6,6
15,4,180.0,-803050,6,6
16,5,181.0,-803050,6,6
17,8,183.0,-803050,6,6
18,4,183.0,-752700,6,6
19,5,185.0,-752700,6,6
20,4,186.0,-787900,6,6
21,5,192.0,-787900,6,6
0,10,212.0,-787900,6,6
1,11,0.0,-787900,6,1
2,4,35.0,-1663000,6,1
3,1,44.0,-1663000,6,1
4,5,45.0,-1663000,6,1
5,5,54.0,-1663000,6,1
6,1,120.0,-1663000,6,1
7,1,133.0,-1663000,6,1
8,5,139.0,-1663000,6,1
9,4,161.0,150,6,1
10,5,165.0,150,6,1
11,4,170.0,-541500,6,1
12,5,174.0,-541500,6,1
13,8,177.0,-541500,6,1
14,4,178.0,-971850,6,1
15,5,183.0,-971850,6,1
16,13,190.0,-971850,6,1
17,9,219.0,-971850,6,1
0,10,248.00000000000003,-971850,6,1
1,11,0.0,-971850,1,0
2,4,2.0,-2081050,1,0
3,5,14.0,-2081050,1,0
4,5,27.0,-2081050,1,0
5,1,29.000000000000004,-2081050,1,0
6,1,31.000000000000004,-2081050,1,0
7,1,69.0,-2081050,1,0
8,1,133.0,-2081050,1,0
9,1,154.0,-2081050,1,0
10,5,168.0,-2081050,1,0
11,4,196.0,200,1,0
12,5,202.0,200,1,0
13,4,207.0,-1006650,1,0
14,5,210.0,-1006650,1,0
15,13,210.0,-1006650,1,0
16,4,211.0,-1473250,1,0
17,5,213.0,-1473250,1,0
18,8,214.0,-1473250,1,0
19,4,214.0,-1487550,1,0
20,5,220.0,-1487550,1,0
21,9,234.00000000000003,-1487550,1,0
0,10,262.0,-1487550,1,0
1,11,0.0,-1487550,0,3
2,4,58.00000000000001,-2537000,0,3
3,1,67.0,-2537000,0,3
4,5,72.0,-2537000,0,3
5,5,95.0,-2537000,0,3
6,1,139.0,-2537000,0,3
7,13,152.0,-2537000,0,3
8,1,162.0,-2537000,0,3
9,1,163.0,-2537000,0,3
10,4,185.0,250,0,3
11,5,185.0,250,0,3
12,5,196.0,250,0,3
13,5,197.0,250,0,3
14,1,200.0,250,0,3
15,4,201.0,100,0,3
16,5,203.0,100,0,3
17,4,203.0,-203400,0,3
18,5,204.0,-203400,0,3
19,4,205.0,-239300,0,3
20,5,206.0,-239300,0,3
21,8,207.0,-239300,0,3
22,4,207.0,-272750,0,3
23,5,213.0,-272750,0,3
24,9,249.00000000000003,-272750,0,3
0,10,270.0,-272750,0,3
1,11,0.0,-272750,3,1
2,4,103.0,-1145850,3,1
3,5,111.0,-1145850,3,1
4,1,117.0,-1145850,3,1
5,5,124.0,-1145850,3,1
6,5,158.0,-1145850,3,1
7,1,161.0,-1145850,3,1
8,1,173.0,-1145850,3,1
9,4,201.0,-100,3,1
10,5,204.0,-100,3,1
11,4,204.0,-279900,3,1
12,5,208.0,-279900,3,1
13,4,208.0,-661300,3,1
14,5,209.0,-661300,3,1
15,13,219.0,-661300,3,1
16,4,311.0,-629500,3,1
17,5,313.0,-629500,3,1
18,4,320.0,-785500,3,1
19,5,321.0,-785500,3,1
20,4,321.0,-792700,3,1
21,5,322.0,-792700,3,1
22,8,323.0,-792700,3,1
23,4,323.0,-792000,3,1
24,9,324.0,-792000,3,1
25,5,329.0,-792000,3,1
0,10,366.0,-792000,3,1
1,11,0.0,-792000,1,10
2,4,49.0,-1905050,1,10
3,5,59.00000000000001,-1905050,1,10
4,1,94.0,-1905050,1,10
5,1,97.0,-1905050,1,10
6,5,122.0,-1905050,1,10
7,13,180.0,-1905050,1,10
8,1,198.0,-1905050,1,10
9,5,210.0,-1905050,1,10
10,4,211.0,0,1,10
11,5,213.0,0,1,10
12,4,213.0,-141900,1,10
13,5,216.0,-141900,1,10
14,4,216.0,-436650,1,10
15,5,218.0,-436650,1,10
16,4,218.0,-297600,1,10
17,5,219.0,-297600,1,10
18,4,219.0,-297600,1,10
19,5,220.0,-297600,1,10
20,4,220.0,-302300,1,10
21,5,221.0,-302300,1,10
22,4,222.0,-370400,1,10
23,5,223.0,-370400,1,10
24,8,233.00000000000003,-370400,1,10
25,4,233.00000000000003,-378600,1,10
26,5,239.00000000000003,-378600,1,10
27,9,257.0,-378600,1,10
28,4,262.0,-1289050,1,10
29,5,263.0,-1289050,1,10
0,10,276.0,-1289050,1,10
1,11,0.0,-1289050,10,3
2,4,41.0,-1300000,10,3
3,5,42.0,-1300000,10,3
4,4,43.0,-1299300,10,3
5,5,43.0,-1299300,10,3
6,4,44.0,-1288850,10,3
7,5,52.0,-1288850,10,3
8,13,63.00000000000001,-1288850,10,3
9,5,69.0,-1288850,10,3
10,1,74.0,-1288850,10,3
11,1,104.0,-1288850,10,3
12,4,104.0,400,10,3
13,5,105.0,400,10,3
14,5,118.0,400,10,3
15,5,120.0,400,10,3
16,5,122.0,400,10,3
17,5,125.0,400,10,3
18,5,128.0,400,10,3
19,4,128.0,100,10,3
20,5,129.0,100,10,3
21,5,130.0,100,10,3
22,4,131.0,-178400,10,3
23,5,132.0,-178400,10,3
24,4,132.0,-87700,10,3
25,9,133.0,-87700,10,3
26,5,135.0,-87700,10,3
27,8,137.0,-87700,10,3
28,4,137.0,-233650,10,3
29,5,143.0,-233650,10,3
0,10,159.0,-233650,10,3
1,11,0.0,-233650,3,3
2,13,127.0,-233650,3,3
3,4,130.0,-1135050,3,3
4,5,137.0,-1135050,3,3
5,5,146.0,-1135050,3,3
6,1,153.0,-1135050,3,3
7,1,196.0,-1135050,3,3
8,4,202.0,950,3,3
9,5,203.0,950,3,3
10,5,213.0,950,3,3
11,4,235.00000000000003,150,3,3
12,5,238.00000000000003,150,3,3
13,9,240.00000000000003,150,3,3
14,4,240.00000000000003,-328650,3,3
15,5,242.00000000000003,-328650,3,3
16,4,242.00000000000003,-236200,3,3
17,5,244.00000000000003,-236200,3,3
18,4,244.00000000000003,-174700,3,3
19,5,245.00000000000003,-174700,3,3
20,4,246.00000000000003,-237350,3,3
21,5,246.00000000000003,-237350,3,3
22,4,247.00000000000003,-233400,3,3
23,5,247.00000000000003,-233400,3,3
24,5,248.00000000000003,-233400,3,3
25,4,248.00000000000003,-221350,3,3
26,5,249.00000000000003,-221350,3,3
27,4,250.00000000000003,-211600,3,3
28,5,250.00000000000003,-211600,3,3
29,4,251.00000000000003,-210900,3,3
30,5,251.00000000000003,-210900,3,3
31,8,253.00000000000003,-210900,3,3
32,4,253.00000000000003,-209100,3,3
33,5,259.0,-209100,3,3
0,10,277.0,-209100,3,3
1,11,0.0,-209100,3,3
2,4,31.000000000000004,-1107950,3,3
3,5,37.0,-1107950,3,3
4,1,39.0,-1107950,3,3
5,5,47.0,-1107950,3,3
6,13,49.0,-1107950,3,3
7,9,80.0,-1107950,3,3
8,1,99.0,-1107950,3,3
9,5,109.0,-1107950,3,3
10,4,112.0,-100,3,3
11,5,113.0,-100,3,3
12,5,114.0,-100,3,3
13,4,114.0,-109750,3,3
14,5,117.0,-109750,3,3
15,4,117.0,-361450,3,3
16,5,119.0,-361450,3,3
17,4,119.0,-248050,3,3
18,5,120.0,-248050,3,3
19,8,123.0,-248050,3,3
20,4,123.0,-281350,3,3
21,5,129.0,-281350,3,3
0,10,147.0,-281350,3,3
1,11,0.0,-281350,3,3
2,4,18.0,-1267950,3,3
3,5,26.0,-1267950,3,3
4,1,28.0,-1267950,3,3
5,5,35.0,-1267950,3,3
6,5,47.0,-1267950,3,3
7,5,68.0,-1267950,3,3
8,1,74.0,-1267950,3,3
9,4,76.0,350,3,3
10,5,79.0,350,3,3
11,4,79.0,-223700,3,3
12,5,80.0,-223700,3,3
13,4,80.0,-196600,3,3
14,5,82.0,-196600,3,3
15,8,83.0,-196600,3,3
16,4,83.0,-202600,3,3
17,5,89.0,-202600,3,3
18,13,98.0,-202600,3,3
19,9,122.0,-202600,3,3
0,10,146.0,-202600,3,3
1,11,0.0,-202600,3,3
2,4,3.0,-1127950,3,3
3,5,10.0,-1127950,3,3
4,5,11.0,-1127950,3,3
5,1,16.0,-1127950,3,3
6,5,20.0,-1127950,3,3
7,5,26.0,-1127950,3,3
8,5,61.00000000000001,-1127950,3,3
9,1,70.0,-1127950,3,3
10,1,81.0,-1127950,3,3
11,4,84.0,350,3,3
12,5,86.0,350,3,3
13,4,86.0,-267850,3,3
14,5,87.0,-267850,3,3
15,8,90.0,-267850,3,3
16,4,90.0,-265450,3,3
17,5,96.0,-265450,3,3
18,13,102.0,-265450,3,3
19,9,127.0,-265450,3,3
0,10,157.0,-265450,3,3
1,11,0.0,-265450,3,3
2,4,25.0,-1169000,3,3
3,1,31.000000000000004,-1169000,3,3
4,5,32.0,-1169000,3,3
5,1,35.0,-1169000,3,3
6,5,44.0,-1169000,3,3
7,4,97.0,250,3,3
8,5,98.0,250,3,3
9,13,101.0,250,3,3
10,5,110.0,250,3,3
11,4,111.0,-450,3,3
12,5,111.0,-450,3,3
13,1,114.0,-450,3,3
14,4,117.0,-50,3,3
15,5,120.0,-50,3,3
16,4,120.0,-219850,3,3
17,5,122.0,-219850,3,3
18,8,122.0,-219850,3,3
19,4,122.0,-241100,3,3
20,5,128.0,-241100,3,3
21,9,134.0,-241100,3,3
0,10,153.0,-241100,3,3
1,11,0.0,-241100,3,3
2,4,51.0,-1162050,3,3
3,5,58.00000000000001,-1162050,3,3
4,1,61.00000000000001,-1162050,3,3
5,5,68.0,-1162050,3,3
6,5,69.0,-1162050,3,3
7,5,76.0,-1162050,3,3
8,4,95.0,500,3,3
9,5,96.0,500,3,3
10,5,107.0,500,3,3
11,4,108.0,1050,3,3
12,5,108.0,1050,3,3
13,1,129.0,1050,3,3
14,1,140.0,1050,3,3
15,4,148.0,150,3,3
16,5,150.0,150,3,3
17,8,152.0,150,3,3
18,4,152.0,-236200,3,3
19,5,158.0,-236200,3,3
20,13,164.0,-236200,3,3
21,9,220.0,-236200,3,3
22,13,226.0,-236200,3,3
23,9,255.00000000000003,-236200,3,3
0,10,283.0,-236200,3,3
1,11,0.0,-236200,3,1
2,4,12.0,-1129000,3,1
3,5,19.0,-1129000,3,1
4,1,25.0,-1129000,3,1
5,1,29.000000000000004,-1129000,3,1
6,5,32.0,-1129000,3,1
7,1,37.0,-1129000,3,1
8,1,38.0,-1129000,3,1
9,1,77.0,-1129000,3,1
10,5,80.0,-1129000,3,1
11,4,124.0,200,3,1
12,5,130.0,200,3,1
13,4,133.0,-869350,3,1
14,5,135.0,-869350,3,1
15,4,136.0,-1129150,3,1
16,13,137.0,-1129150,3,1
17,5,138.0,-1129150,3,1
18,4,139.0,-1343250,3,1
19,5,140.0,-1343250,3,1
20,8,141.0,-1343250,3,1
21,4,141.0,-1324500,3,1
22,5,147.0,-1324500,3,1
23,9,159.0,-1324500,3,1
24,4,170.0,-2233900,3,1
25,5,171.0,-2233900,3,1
26,5,172.0,-2233900,3,1
0,10,188.0,-2233900,3,1
1,11,0.0,-2233900,1,4
2,4,21.0,-2192950,1,4
3,5,34.0,-2192950,1,4
4,1,36.0,-2192950,1,4
5,5,50.0,-2192950,1,4
6,5,68.0,-2192950,1,4
7,5,69.0,-2192950,1,4
8,1,184.0,-2192950,1,4
9,4,201.0,200,1,4
10,5,206.0,200,1,4
11,4,207.0,-624800,1,4
12,5,209.0,-624800,1,4
13,8,209.0,-624800,1,4
14,4,209.0,-586950,1,4
15,5,215.0,-586950,1,4
16,13,222.0,-586950,1,4
17,9,253.00000000000003,-586950,1,4
0,10,293.0,-586950,1,4
1,11,0.0,-586950,4,4
2,4,29.000000000000004,-1496850,4,4
3,5,38.0,-1496850,4,4
4,1,46.0,-1496850,4,4
5,5,50.0,-1496850,4,4
6,5,69.0,-1496850,4,4
7,5,80.0,-1496850,4,4
8,4,85.0,850,4,4
9,5,86.0,850,4,4
10,5,98.0,850,4,4
11,1,101.0,850,4,4
12,13,121.0,850,4,4
13,4,139.0,50,4,4
14,5,139.0,50,4,4
15,5,146.0,50,4,4
16,4,146.0,-1129900,4,4
17,9,147.0,-1129900,4,4
18,5,148.0,-1129900,4,4
19,4,149.0,-1348550,4,4
20,5,150.0,-1348550,4,4
21,4,150.0,-1282750,4,4
22,5,151.0,-1282750,4,4
23,8,152.0,-1282750,4,4
24,4,152.0,-1265200,4,4
25,5,158.0,-1265200,4,4
0,10,179.0,-1265200,4,4
1,11,0.0,-1265200,4,1
2,4,12.0,-2174950,4,1
3,5,24.0,-2174950,4,1
4,5,55.0,-2174950,4,1
5,5,78.0,-2174950,4,1
6,4,101.0,50,4,1
7,5,108.0,50,4,1
8,4,109.0,-1129950,4,1
9,5,109.0,-1129950,4,1
10,4,110.0,-1129950,4,1
11,5,113.0,-1129950,4,1
12,4,113.0,-1287950,4,1
13,5,114.0,-1287950,4,1
14,8,115.0,-1287950,4,1
15,4,115.0,-1345650,4,1
16,5,121.0,-1345650,4,1
17,13,127.0,-1345650,4,1
18,9,156.0,-1345650,4,1
19,4,163.0,-2256000,4,1
20,5,165.0,-2256000,4,1
0,10,180.0,-2256000,4,1
1,11,0.0,-2256000,1,4
0,10,3.0,-2256000,1,4
1,11,0.0,-2256000,4,1
2,4,17.0,-1536900,4,1
3,5,26.0,-1536900,4,1
4,5,34.0,-1536900,4,1
5,1,40.0,-1536900,4,1
6,5,43.0,-1536900,4,1
7,5,81.0,-1536900,4,1
8,4,109.0,600,4,1
9,5,110.0,600,4,1
10,5,122.0,600,4,1
11,4,123.0,-1650,4,1
12,5,123.0,-1650,4,1
13,5,124.0,-1650,4,1
14,1,134.0,-1650,4,1
15,4,154.0,50,4,1
16,5,158.0,50,4,1
17,1,158.0,50,4,1
18,1,165.0,50,4,1
19,4,166.0,-484500,4,1
20,5,171.0,-484500,4,1
21,4,172.0,-1130000,4,1
22,5,174.0,-1130000,4,1
23,8,176.0,-1130000,4,1
24,4,176.0,-1302500,4,1
25,5,182.0,-1302500,4,1
26,13,200.0,-1302500,4,1
27,9,226.0,-1302500,4,1
28,4,255.00000000000003,-2213000,4,1
29,5,257.0,-2213000,4,1
0,10,272.0,-2213000,4,1
1,11,0.0,-2213000,1,3
2,13,4.0,-2213000,1,3
3,4,73.0,-2190150,1,3
4,5,85.0,-2190150,1,3
5,5,100.0,-2190150,1,3
6,1,106.0,-2190150,1,3
7,1,134.0,-2190150,1,3
8,1,135.0,-2190150,1,3
9,1,206.0,-2190150,1,3
10,4,207.0,1000,1,3
11,5,208.0,1000,1,3
12,5,217.0,1000,1,3
13,4,249.00000000000003,50,1,3
14,5,251.00000000000003,50,1,3
15,4,251.00000000000003,-105000,1,3
16,9,252.00000000000003,-105000,1,3
17,5,252.00000000000003,-105000,1,3
18,4,252.00000000000003,-119000,1,3
19,5,254.00000000000003,-119000,1,3
20,4,254.00000000000003,-238600,1,3
21,5,255.00000000000003,-238600,1,3
22,4,255.00000000000003,-240100,1,3
23,5,257.0,-240100,1,3
24,4,257.0,-305650,1,3
25,5,258.0,-305650,1,3
26,8,259.0,-305650,1,3
27,4,259.0,-294650,1,3
28,5,265.0,-294650,1,3
0,10,293.0,-294650,1,3
1,11,0.0,-294650,3,1
2,4,12.0,-1570000,3,1
3,13,16.0,-1570000,3,1
4,5,22.0,-1570000,3,1
5,5,31.000000000000004,-1570000,3,1
6,1,41.0,-1570000,3,1
7,1,110.0,-1570000,3,1
8,5,134.0,-1570000,3,1
9,4,139.0,150,3,1
10,5,142.0,150,3,1
11,4,143.0,-372850,3,1
12,5,149.0,-372850,3,1
13,4,150.0,-1130000,3,1
14,5,152.0,-1130000,3,1
15,4,155.0,-1149450,3,1
16,5,158.0,-1149450,3,1
17,4,158.0,-1423200,3,1
18,5,160.0,-1423200,3,1
19,4,160.0,-1371500,3,1
20,5,162.0,-1371500,3,1
21,4,162.0,-1394250,3,1
22,8,210.0,-1394250,3,1
23,4,210.0,-1398900,3,1
24,5,216.0,-1398900,3,1
25,9,224.0,-1398900,3,1
26,4,232.00000000000003,-2309050,3,1
27,5,234.00000000000003,-2309050,3,1
0,10,250.00000000000003,-2309050,3,1
1,11,0.0,-2309050,1,1
2,4,51.0,-2224050,1,1
3,5,64.0,-2224050,1,1
4,5,67.0,-2224050,1,1
5,5,76.0,-2224050,1,1
6,5,160.0,-2224050,1,1
7,5,161.0,-2224050,1,1
8,4,161.0,-150,1,1
9,5,168.0,-150,1,1
10,4,168.0,-1128800,1,1
11,5,169.0,-1128800,1,1
12,4,170.0,-1129950,1,1
13,5,174.0,-1129950,1,1
14,8,174.0,-1129950,1,1
15,4,175.0,-1276200,1,1
16,5,180.0,-1276200,1,1
17,13,191.0,-1276200,1,1
18,9,226.0,-1276200,1,1
19,4,230.00000000000003,-2186050,1,1
20,5,232.00000000000003,-2186050,1,1
0,10,248.00000000000003,-2186050,1,1
1,11,0.0,-2186050,1,3
2,4,40.0,-2160950,1,3
3,5,52.0,-2160950,1,3
4,5,60.00000000000001,-2160950,1,3
5,5,70.0,-2160950,1,3
6,5,79.0,-2160950,1,3
7,4,185.0,250,1,3
8,5,186.0,250,1,3
9,5,197.0,250,1,3
10,13,227.0,250,1,3
11,9,273.0,250,1,3
12,4,289.0,-400,1,3
13,5,292.0,-400,1,3
14,4,292.0,-256350,1,3
15,5,296.0,-256350,1,3
16,8,303.0,-256350,1,3
17,4,304.0,-216650,1,3
18,5,309.0,-216650,1,3
19,4,387.0,-1126850,1,3
20,5,394.0,-1126850,1,3
21,5,395.0,-1126850,1,3
22,1,395.0,-1126850,1,3
23,4,410.0,-250,1,3
24,5,414.0,-250,1,3
25,4,414.0,-252750,1,3
26,5,416.0,-252750,1,3
27,8,417.0,-252750,1,3
28,4,417.0,-219150,1,3
29,5,423.0,-219150,1,3
0,10,447.0,-219150,1,3
1,11,0.0,-219150,1,1
2,4,4.0,-2056850,1,1
3,5,16.0,-2056850,1,1
4,5,27.0,-2056850,1,1
5,5,43.0,-2056850,1,1
6,4,80.0,400,1,1
7,5,81.0,400,1,1
8,5,92.0,400,1,1
9,4,93.0,100,1,1
10,5,97.0,100,1,1
11,4,97.0,-479450,1,1
12,13,99.0,-479450,1,1
13,5,102.0,-479450,1,1
14,4,118.0,-1089050,1,1
15,5,120.0,-1089050,1,1
16,4,120.0,-1130000,1,1
17,5,123.0,-1130000,1,1
18,4,123.0,-1230500,1,1
19,9,123.0,-1230500,1,1
20,5,124.0,-1230500,1,1
21,8,125.0,-1230500,1,1
22,4,125.0,-1238450,1,1
23,5,131.0,-1238450,1,1
24,4,134.0,-2148050,1,1
25,5,136.0,-2148050,1,1
0,10,151.0,-2148050,1,1
1,11,0.0,-2148050,1,3
2,4,4.0,-2094000,1,3
3,5,16.0,-2094000,1,3
4,5,17.0,-2094000,1,3
5,5,18.0,-2094000,1,3
6,1,24.0,-2094000,1,3
7,5,28.0,-2094000,1,3
8,13,45.0,-2094000,1,3
9,1,52.0,-2094000,1,3
10,1,53.0,-2094000,1,3
11,4,66.0,700,1,3
12,5,67.0,700,1,3
13,9,73.0,700,1,3
14,5,78.0,700,1,3
15,4,78.0,-750,1,3
16,5,79.0,-750,1,3
17,1,83.0,-750,1,3
18,4,95.0,200,1,3
19,5,97.0,200,1,3
20,8,98.0,200,1,3
21,4,98.0,-227050,1,3
22,5,104.0,-227050,1,3
0,10,121.0,-227050,1,3
1,11,0.0,-227050,3,0
2,4,4.0,-1154000,3,0
3,5,11.0,-1154000,3,0
4,1,16.0,-1154000,3,0
5,5,21.0,-1154000,3,0
6,1,58.00000000000001,-1154000,3,0
7,1,83.0,-1154000,3,0
8,4,83.0,250,3,0
9,5,84.0,250,3,0
10,5,93.0,250,3,0
11,5,95.0,250,3,0
12,5,96.0,250,3,0
13,5,97.0,250,3,0
14,4,97.0,-50,3,0
15,13,98.0,-50,3,0
16,5,102.0,-50,3,0
17,4,102.0,-649350,3,0
18,5,104.0,-649350,3,0
19,4,104.0,-537150,3,0
20,5,105.0,-537150,3,0
21,4,105.0,-538100,3,0
22,8,106.0,-538100,3,0
23,4,107.0,-538100,3,0
24,5,112.0,-538100,3,0
25,9,132.0,-538100,3,0
26,4,140.0,-1448000,3,0
27,5,143.0,-1448000,3,0
0,10,160.0,-1448000,3,0
1,11,0.0,-1448000,0,3
2,4,23.0,-1538000,0,3
3,5,32.0,-1538000,0,3
4,5,53.0,-1538000,0,3
5,1,55.0,-1538000,0,3
6,1,62.00000000000001,-1538000,0,3
7,13,65.0,-1538000,0,3
8,5,88.0,-1538000,0,3
9,4,88.0,-250,0,3
10,1,90.0,-250,0,3
11,4,94.0,1200,0,3
12,5,96.0,1200,0,3
13,8,97.0,1200,0,3
14,4,97.0,-246950,0,3
15,5,103.0,-246950,0,3
16,9,151.0,-246950,0,3
0,10,179.0,-246950,0,3
1,11,0.0,-246950,3,3
2,4,26.0,-1157050,3,3
3,5,33.0,-1157050,3,3
4,1,53.0,-1157050,3,3
5,5,61.00000000000001,-1157050,3,3
6,5,109.0,-1157050,3,3
7,5,112.0,-1157050,3,3
8,5,117.0,-1157050,3,3
9,4,170.0,250,3,3
10,5,171.0,250,3,3
11,1,174.0,250,3,3
12,13,179.0,250,3,3
13,5,181.0,250,3,3
14,4,181.0,200,3,3
15,5,184.0,200,3,3
16,4,184.0,-240000,3,3
17,5,185.0,-240000,3,3
18,8,186.0,-240000,3,3
19,4,187.0,-231600,3,3
20,5,192.0,-231600,3,3
21,9,203.0,-231600,3,3
0,10,227.0,-231600,3,3
1,11,0.0,-231600,3,3
2,1,1.0,-231600,3,3
3,4,3.0,-44600,3,3
4,5,4.0,-44600,3,3
5,4,4.0,-26200,3,3
6,5,5.0,-26200,3,3
7,5,14.0,-26200,3,3
8,1,55.0,-26200,3,3
9,13,60.00000000000001,-26200,3,3
10,5,75.0,-26200,3,3
11,4,75.0,250,3,3
12,5,76.0,250,3,3
13,5,78.0,250,3,3
14,4,78.0,-328100,3,3
15,5,79.0,-328100,3,3
16,4,79.0,-318200,3,3
17,5,80.0,-318200,3,3
18,8,84.0,-318200,3,3
19,4,84.0,-307250,3,3
20,5,90.0,-307250,3,3
21,9,115.0,-307250,3,3
22,2,137.0,-307250,3,3
0,10,137.0,-307250,3,3
1,11,0.0,-307250,3,1
2,4,17.0,-1210900,3,1
3,5,24.0,-1210900,3,1
4,1,29.000000000000004,-1210900,3,1
5,5,35.0,-1210900,3,1
6,1,48.0,-1210900,3,1
7,1,49.0,-1210900,3,1
8,1,59.00000000000001,-1210900,3,1
9,1,60.00000000000001,-1210900,3,1
10,1,62.00000000000001,-1210900,3,1
11,1,65.0,-1210900,3,1
12,1,67.0,-1210900,3,1
13,13,70.0,-1210900,3,1
14,5,89.0,-1210900,3,1
15,4,108.0,-150,3,1
16,5,114.0,-150,3,1
17,4,115.0,-913700,3,1
18,5,116.0,-913700,3,1
19,4,116.0,-953750,3,1
20,5,117.0,-953750,3,1
21,8,118.0,-953750,3,1
22,4,118.0,-939850,3,1
23,9,123.0,-939850,3,1
24,5,124.0,-939850,3,1
0,10,154.0,-939850,3,1
1,11,0.0,-939850,1,3
2,4,18.0,-1808950,1,3
3,5,28.0,-1808950,1,3
4,1,29.000000000000004,-1808950,1,3
5,5,37.0,-1808950,1,3
6,1,86.0,-1808950,1,3
7,4,86.0,350,1,3
8,5,87.0,350,1,3
9,1,94.0,350,1,3
10,1,96.0,350,1,3
11,5,97.0,350,1,3
12,4,99.0,200,1,3
13,5,103.0,200,1,3
14,13,116.0,200,1,3
15,8,125.0,200,1,3
16,4,125.0,-311500,1,3
17,5,131.0,-311500,1,3
18,9,134.0,-311500,1,3
0,10,156.0,-311500,1,3
1,11,0.0,-311500,3,1
2,1,0.0,-311500,3,1
3,4,42.0,350,3,1
4,5,43.0,350,3,1
5,5,53.0,350,3,1
6,1,54.0,350,3,1
7,4,75.0,100,3,1
8,5,82.0,100,3,1
9,4,82.0,-1129950,3,1
10,5,84.0,-1129950,3,1
11,4,85.0,-1266350,3,1
12,5,86.0,-1266350,3,1
13,8,87.0,-1266350,3,1
14,4,87.0,-1250850,3,1
15,5,93.0,-1250850,3,1
16,13,101.0,-1250850,3,1
17,9,128.0,-1250850,3,1
18,4,135.0,-2160900,3,1
19,5,137.0,-2160900,3,1
0,10,152.0,-2160900,3,1
1,11,0.0,-2160900,1,10
2,4,35.0,-2164050,1,10
3,5,47.0,-2164050,1,10
4,5,48.0,-2164050,1,10
5,5,64.0,-2164050,1,10
6,1,71.0,-2164050,1,10
7,1,93.0,-2164050,1,10
8,1,97.0,-2164050,1,10
9,4,115.0,1500,1,10
10,5,116.0,1500,1,10
11,5,129.0,1500,1,10
12,1,132.0,1500,1,10
13,4,143.0,50,1,10
14,5,146.0,50,1,10
15,4,146.0,-256350,1,10
16,5,148.0,-256350,1,10
17,8,149.0,-256350,1,10
18,4,149.0,-330200,1,10
19,5,155.0,-330200,1,10
20,13,168.0,-330200,1,10
21,9,204.0,-330200,1,10
22,4,208.0,-1240000,1,10
23,5,209.0,-1240000,1,10
0,10,222.0,-1240000,1,10
1,11,0.0,-1240000,10,10
2,4,9.0,-1282100,10,10
3,13,12.0,-1282100,10,10
4,5,17.0,-1282100,10,10
5,5,18.0,-1282100,10,10
6,1,40.0,-1282100,10,10
7,5,43.0,-1282100,10,10
8,1,85.0,-1282100,10,10
9,4,85.0,1050,10,10
10,5,86.0,1050,10,10
11,5,96.0,1050,10,10
12,4,96.0,50,10,10
13,5,100.0,50,10,10
14,4,101.0,-280800,10,10
15,5,102.0,-280800,10,10
16,8,102.0,-280800,10,10
17,4,103.0,-296350,10,10
18,5,109.0,-296350,10,10
19,9,120.0,-296350,10,10
20,4,165.0,-1206000,10,10
21,5,167.0,-1206000,10,10
22,2,180.0,-1206000,10,10
0,10,180.0,-1206000,10,10
1,11,0.0,-1206000,10,3
2,4,31.000000000000004,-1259950,10,3
3,5,39.0,-1259950,10,3
4,5,57.0,-1259950,10,3
5,1,59.00000000000001,-1259950,10,3
6,1,97.0,-1259950,10,3
7,4,97.0,700,10,3
8,5,98.0,700,10,3
9,5,109.0,700,10,3
10,5,110.0,700,10,3
11,4,110.0,150,10,3
12,5,115.0,150,10,3
13,8,115.0,150,10,3
14,4,116.0,-257050,10,3
15,5,121.0,-257050,10,3
16,13,127.0,-257050,10,3
17,9,159.0,-257050,10,3
0,10,177.0,-257050,10,3
1,11,0.0,-257050,3,3
2,4,3.0,-1143900,3,3
3,5,11.0,-1143900,3,3
4,5,35.0,-1143900,3,3
5,1,37.0,-1143900,3,3
6,1,90.0,-1143900,3,3
7,5,102.0,-1143900,3,3
8,4,103.0,-200,3,3
9,5,105.0,-200,3,3
10,4,106.0,-242100,3,3
11,5,107.0,-242100,3,3
12,8,107.0,-242100,3,3
13,4,108.0,-227800,3,3
14,5,114.0,-227800,3,3
15,13,124.0,-227800,3,3
16,9,152.0,-227800,3,3
17,2,171.0,-227800,3,3
0,10,171.0,-227800,3,3
1,11,0.0,-227800,3,3
2,4,5.0,-1278100,3,3
3,13,9.0,-1278100,3,3
4,5,12.0,-1278100,3,3
5,1,16.0,-1278100,3,3
6,5,23.0,-1278100,3,3
7,9,60.00000000000001,-1278100,3,3
8,4,60.00000000000001,-350,3,3
9,5,61.00000000000001,-350,3,3
10,1,70.0,-350,3,3
11,5,73.0,-350,3,3
12,4,73.0,750,3,3
13,5,74.0,750,3,3
14,4,74.0,100,3,3
15,5,77.0,100,3,3
16,4,77.0,-256400,3,3
17,5,78.0,-256400,3,3
18,4,78.0,-220200,3,3
19,5,79.0,-220200,3,3
20,4,79.0,-220300,3,3
21,5,80.0,-220300,3,3
22,4,80.0,-230350,3,3
23,5,81.0,-230350,3,3
24,4,83.0,-234150,3,3
25,5,84.0,-234150,3,3
26,8,85.0,-234150,3,3
27,4,85.0,-247000,3,3
28,5,91.0,-247000,3,3
0,10,111.0,-247000,3,3
1,11,0.0,-247000,3,3
2,4,9.0,-1157950,3,3
3,5,17.0,-1157950,3,3
4,1,23.0,-1157950,3,3
5,5,29.000000000000004,-1157950,3,3
6,13,83.0,-1157950,3,3
7,1,133.0,-1157950,3,3
8,4,134.0,1100,3,3
9,5,134.0,1100,3,3
10,5,144.0,1100,3,3
11,4,153.0,50,3,3
12,5,155.0,50,3,3
13,8,156.0,50,3,3
14,4,156.0,-226750,3,3
15,5,162.0,-226750,3,3
16,9,163.0,-226750,3,3
0,10,194.0,-226750,3,3
1,11,0.0,-226750,3,3
2,13,10.0,-226750,3,3
3,4,10.0,-1147900,3,3
4,5,18.0,-1147900,3,3
5,1,23.0,-1147900,3,3
6,5,37.0,-1147900,3,3
7,9,46.0,-1147900,3,3
8,5,83.0,-1147900,3,3
9,5,84.0,-1147900,3,3
10,4,84.0,350,3,3
11,1,84.0,350,3,3
12,5,85.0,350,3,3
13,4,87.0,100,3,3
14,5,89.0,100,3,3
15,4,89.0,-105100,3,3
16,5,91.0,-105100,3,3
17,4,91.0,-272450,3,3
18,5,93.0,-272450,3,3
19,4,93.0,-222650,3,3
20,5,94.0,-222650,3,3
21,8,96.0,-222650,3,3
22,4,96.0,-230150,3,3
23,5,102.0,-230150,3,3
0,10,121.0,-230150,3,3
1,11,0.0,-230150,3,3
2,4,4.0,-1140000,3,3
3,5,11.0,-1140000,3,3
4,5,26.0,-1140000,3,3
5,1,28.0,-1140000,3,3
6,1,63.00000000000001,-1140000,3,3
7,5,74.0,-1140000,3,3
8,4,75.0,-100,3,3
9,5,78.0,-100,3,3
10,4,78.0,-219550,3,3
11,5,80.0,-219550,3,3
12,8,81.0,-219550,3,3
13,4,81.0,-234200,3,3
14,5,87.0,-234200,3,3
15,13,95.0,-234200,3,3
16,9,119.0,-234200,3,3
17,2,137.0,-234200,3,3
0,10,137.0,-234200,3,3
1,11,0.0,-234200,3,3
2,4,19.0,-1141000,3,3
3,5,26.0,-1141000,3,3
4,5,36.0,-1141000,3,3
5,1,38.0,-1141000,3,3
6,4,61.00000000000001,1100,3,3
7,5,61.00000000000001,1100,3,3
8,1,71.0,1100,3,3
9,5,72.0,1100,3,3
10,5,77.0,1100,3,3
11,4,78.0,50,3,3
12,5,81.0,50,3,3
13,4,82.0,-214750,3,3
14,5,84.0,-214750,3,3
15,4,85.0,-300350,3,3
16,5,86.0,-300350,3,3
17,8,87.0,-300350,3,3
18,4,87.0,-315400,3,3
19,5,93.0,-315400,3,3
20,13,158.0,-315400,3,3
21,9,187.0,-315400,3,3
22,2,208.0,-315400,3,3
0,10,208.0,-315400,3,3
1,11,0.0,-315400,3,1
2,1,0.0,-315400,3,1
3,4,26.0,1900,3,1
4,5,27.0,1900,3,1
5,5,39.0,1900,3,1
6,1,39.0,1900,3,1
7,4,39.0,500,3,1
8,5,40.0,500,3,1
9,4,112.0,50,3,1
10,5,119.0,50,3,1
11,4,120.0,-1129000,3,1
12,5,122.0,-1129000,3,1
13,4,123.0,-1258350,3,1
14,5,123.0,-1258350,3,1
15,8,124.0,-1258350,3,1
16,4,124.0,-1258400,3,1
17,5,130.0,-1258400,3,1
18,13,391.0,-1258400,3,1
19,9,440.0,-1258400,3,1
20,4,446.0,-2168000,3,1
21,5,448.0,-2168000,3,1
22,2,464.00000000000006,-2168000,3,1
0,10,464.00000000000006,-2168000,3,1
