SeqOrder,Step,sourceID,timediff,step_duration,true_proportion,predicted_proportion,predicted_total_time
0,0,11,0,0.0,0.0,0.0389896668493747,
0,1,4,4,4.0,0.0117994100294637,0.0389886461198329,
0,2,5,13,9.0,0.0265486725662933,0.038988709449768,
0,3,5,14,1.0,0.0029498525073659,0.0389887019991874,
0,4,5,28,14.0,0.041297935103123,0.0389887019991874,
0,5,0,28,0.0,0.0,0.0389884412288665,
0,6,1,36,8.0,0.0235988200589274,0.0389884784817695,
0,7,1,45,9.0,0.0265486725662933,0.0389884859323501,
0,8,1,106,61.0,0.1799410029493217,0.0389885157346725,
0,9,5,140,34.0,0.1002949852504416,0.0389887206256389,
0,10,1,195,55.0,0.1622418879051261,0.0389885157346725,
0,11,4,269,74.0,0.2182890855450788,0.0402609929442405,
0,12,5,270,1.0,0.0029498525073659,0.0408936254680156,
0,13,5,276,6.0,0.0176991150441955,0.0412598997354507,
0,14,4,276,0.0,0.0,0.0389888063073158,
0,15,5,278,2.0,0.0058997050147318,0.0389889441430568,
0,16,0,279,1.0,0.0029498525073659,0.0389885604381561,
0,17,8,279,0.0,0.0,0.0389891862869262,
0,18,4,279,0.0,0.0,0.038988821208477,
0,19,5,285,6.0,0.0176991150441955,0.0389888882637023,
0,20,0,315,30.0,0.0884955752209779,0.0389884710311889,
0,21,0,315,0.0,0.0,0.038988459855318,
0,22,9,315,0.0,0.0,0.0389891304075717,
0,23,0,321,6.0,0.0176991150441955,0.0389883778989315,
0,24,10,339,18.0,0.0530973451325867,0.0389891378581523,4.021032333374023
1,0,11,0,0.0,0.0,0.0604264102876186,
1,1,4,34,34.0,0.0988372093020382,0.060425154864788,
1,2,5,45,11.0,0.0319767441859535,0.0604252405464649,
1,3,5,56,11.0,0.0319767441859535,0.0604252405464649,
1,4,0,56,0.0,0.0,0.0604249238967895,
1,5,1,69,13.0,0.0377906976743087,0.0604249238967895,
1,6,1,71,2.0,0.0058139534883551,0.0604249536991119,
1,7,5,190,119.0,0.3459302325571339,0.0604252144694328,
1,8,1,204,14.0,0.0406976744184863,0.0604249835014343,
1,9,4,277,73.0,0.2122093023249645,0.0004120839294046,
1,10,5,283,6.0,0.0174418604650655,0.0004120839294046,
1,11,0,285,2.0,0.0058139534883551,0.0006495981942862,
1,12,8,285,0.0,0.0,0.0004120823577977,
1,13,4,285,0.0,0.0,0.060425616800785,
1,14,5,291,6.0,0.0174418604650655,0.0604258328676223,
1,15,0,322,31.0,0.0901162790695054,0.0604253001511096,
1,16,0,323,1.0,0.0029069767441775,0.060425329953432,
1,17,9,323,0.0,0.0,0.0604264363646507,
1,18,0,326,3.0,0.0087209302325327,0.0604252703487873,
1,19,10,344,18.0,0.0523255813951967,0.0604264810681343,4.020948886871338
2,0,11,0,0.0,0.0,0.0332300066947937,
2,1,4,7,7.0,0.0101156069364015,0.0332395620644092,
2,2,5,18,11.0,0.0158959537572024,0.0332395955920219,
2,3,5,30,12.0,0.0173410404624026,0.0332396030426025,
2,4,0,30,0.0,0.0,0.0332394354045391,
2,5,1,39,9.0,0.013005780346802,0.0332394503057003,
2,6,1,44,5.0,0.0072254335260011,0.0332394428551197,
2,7,1,366,322.0,0.465317919074472,0.0332394503057003,
2,8,5,445,79.0,0.1141618497108176,0.0332396179437637,
2,9,5,446,1.0,0.0014450867052002,0.0332396179437637,
2,10,1,556,110.0,0.1589595375720246,0.0332394689321517,
2,11,4,578,22.0,0.0317919075144049,0.0112807229161262,
2,12,5,581,3.0,0.0043352601156006,0.0112807331606745,
2,13,4,605,24.0,0.0346820809248053,0.0328574180603027,
2,14,5,609,4.0,0.0057803468208008,0.0328596420586109,
2,15,4,609,0.0,0.0,0.0332186482846736,
2,16,5,611,2.0,0.0028901734104004,0.0332187749445438,
2,17,4,611,0.0,0.0,0.0332243181765079,
2,18,5,613,2.0,0.0028901734104004,0.0332243666052818,
2,19,4,613,0.0,0.0,0.0332214757800102,
2,20,5,616,3.0,0.0043352601156006,0.0332215465605258,
2,21,0,624,8.0,0.0115606936416017,0.0332210473716259,
2,22,8,624,0.0,0.0,0.0332217812538147,
2,23,4,624,0.0,0.0,0.0332225263118743,
2,24,5,630,6.0,0.0086705202312013,0.0332225747406482,
2,25,0,668,38.0,0.0549132947976085,0.0332221314311027,
2,26,0,669,1.0,0.0014450867052002,0.0332221947610378,
2,27,9,669,0.0,0.0,0.0332231149077415,
2,28,0,673,4.0,0.0057803468208008,0.0332223549485206,
2,29,2,692,19.0,0.0274566473988042,0.0332225449383258,
2,30,10,692,0.0,0.0,0.0332232788205146,4.021052360534668
3,0,11,0,0.0,0.0,0.0423351228237152,
3,1,4,22,22.0,0.0698412698410481,0.0423340499401092,
3,2,5,31,9.0,0.0285714285713378,0.0423340909183025,
3,3,5,58,27.0,0.0857142857140136,0.0423341132700443,
3,4,0,58,0.0,0.0,0.0423338077962398,
3,5,1,63,5.0,0.0158730158729654,0.042333859950304,
3,6,5,233,170.0,0.5396825396808265,0.0423340797424316,
3,7,1,245,12.0,0.0380952380951171,0.0423338897526264,
3,8,0,245,0.0,0.0,0.0423338189721107,
3,9,4,246,1.0,0.003174603174593,0.0438477024435997,
3,10,5,249,3.0,0.0095238095237792,0.043353084474802,
3,11,0,250,1.0,0.003174603174593,0.0400754921138286,
3,12,8,250,0.0,0.0,0.046581607311964,
3,13,4,250,0.0,0.0,0.0423354059457778,
3,14,5,256,6.0,0.0190476190475585,0.0423360802233219,
3,15,0,294,38.0,0.1206349206345376,0.0423344448208808,
3,16,0,294,0.0,0.0,0.0423345491290092,
3,17,0,295,1.0,0.003174603174593,0.0423345044255256,
3,18,9,295,0.0,0.0,0.0423377864062786,
3,19,0,299,4.0,0.0126984126983723,0.0423342436552047,
3,20,4,300,1.0,0.003174603174593,0.0423342138528823,
3,21,5,301,1.0,0.003174603174593,0.0423342734575271,
3,22,10,315,14.0,0.0444444444443033,0.0423346161842346,4.021011829376221
4,0,11,0,0.0,0.0,0.0338257551193237,
4,1,4,4,4.0,0.0143884892085813,0.0338252857327461,
4,2,5,12,8.0,0.0287769784171626,0.0338253490626812,
4,3,1,23,11.0,0.0395683453235986,0.0338251255452632,
4,4,5,30,7.0,0.0251798561150173,0.0338253565132617,
4,5,0,30,0.0,0.0,0.0338250435888767,
4,6,5,149,119.0,0.4280575539552947,0.03382533416152,
4,7,4,150,1.0,0.0035971223021453,0.0344593115150928,
4,8,5,150,0.0,0.0,0.0347395278513431,
4,9,1,170,20.0,0.0719424460429066,0.0339390896260738,
4,10,0,170,0.0,0.0,0.0336939208209514,
4,11,4,171,1.0,0.0035971223021453,0.034680213779211,
4,12,5,174,3.0,0.010791366906436,0.0349542833864688,
4,13,4,174,0.0,0.0,0.0338259488344192,
4,14,5,176,2.0,0.0071942446042906,0.0338263660669326,
4,15,4,181,5.0,0.0179856115107266,0.0338263101875782,
4,16,5,183,2.0,0.0071942446042906,0.0338266566395759,
4,17,0,184,1.0,0.0035971223021453,0.0338253118097782,
4,18,8,184,0.0,0.0,0.0338273011147975,
4,19,4,184,0.0,0.0,0.0338262543082237,
4,20,5,190,6.0,0.021582733812872,0.0338265039026737,
4,21,0,252,62.0,0.2230215827330107,0.0338250212371349,
4,22,0,252,0.0,0.0,0.033824898302555,
4,23,0,253,1.0,0.0035971223021453,0.0338247306644916,
4,24,9,253,0.0,0.0,0.0338271483778953,
4,25,0,263,10.0,0.0359712230214533,0.0338246412575244,
4,26,4,264,1.0,0.0035971223021453,0.0338253192603588,
4,27,5,266,2.0,0.0071942446042906,0.0338254310190677,
4,28,10,278,12.0,0.043165467625744,0.0338257700204849,4.0210490226745605
5,0,11,0,0.0,0.0,0.0587438717484474,
5,1,4,8,8.0,0.0299625468163671,0.0587432570755481,
5,2,5,15,7.0,0.0262172284643212,0.058743380010128,
5,3,1,37,22.0,0.0823970037450097,0.0587429478764534,
5,4,5,44,7.0,0.0262172284643212,0.0587433539330959,
5,5,0,44,0.0,0.0,0.0587428212165832,
5,6,0,160,116.0,0.4344569288373242,0.0587427951395511,
5,7,0,161,1.0,0.0037453183520458,0.058742806315422,
5,8,9,161,0.0,0.0,0.0587437860667705,
5,9,4,220,59.0,0.2209737827707079,0.0199283082038164,
5,10,5,221,1.0,0.0037453183520458,0.0199283082038164,
5,11,5,232,11.0,0.0411985018725048,0.0199282616376876,
5,12,4,232,0.0,0.0,0.0314275808632373,
5,13,5,233,1.0,0.0037453183520458,0.031733114272356,
5,14,4,233,0.0,0.0,0.023321034386754,
5,15,5,239,6.0,0.0224719101122753,0.0216762367635965,
5,16,0,240,1.0,0.0037453183520458,0.0211444329470396,
5,17,8,240,0.0,0.0,0.0171569492667913,
5,18,4,240,0.0,0.0,0.0587366297841072,
5,19,5,246,6.0,0.0224719101122753,0.0587367564439773,
5,20,0,253,7.0,0.0262172284643212,0.058735903352499,
5,21,10,267,14.0,0.0524344569286425,0.0587374977767467,4.020999908447266
6,0,11,0,0.0,0.0,0.0471942350268363,
6,1,4,7,7.0,0.0331753554500797,0.047195516526699,
6,2,5,17,10.0,0.0473933649286853,0.0471955835819244,
6,3,5,39,22.0,0.1042654028431077,0.0471955724060535,
6,4,0,39,0.0,0.0,0.0471952781081199,
6,5,5,123,84.0,0.3981042654009569,0.0471955388784408,
6,6,1,133,10.0,0.0473933649286853,0.0471953004598617,
6,7,0,134,1.0,0.0047393364928685,0.0471952892839908,
6,8,4,137,3.0,0.0142180094786056,0.0159848555922508,
6,9,5,139,2.0,0.009478672985737,0.0159848872572183,
6,10,4,145,6.0,0.0284360189572112,0.0471830740571022,
6,11,5,146,1.0,0.0047393364928685,0.0471834018826484,
6,12,0,147,1.0,0.0047393364928685,0.0471809469163417,
6,13,8,147,0.0,0.0,0.0471850410103797,
6,14,4,147,0.0,0.0,0.0471854098141193,
6,15,5,153,6.0,0.0284360189572112,0.0471860989928245,
6,16,0,191,38.0,0.1800947867290043,0.0471841283142566,
6,17,0,191,0.0,0.0,0.0471840649843215,
6,18,9,191,0.0,0.0,0.0471876859664917,
6,19,0,195,4.0,0.0189573459714741,0.0471838153898716,
6,20,2,211,16.0,0.0758293838858965,0.0471845678985118,
6,21,10,211,0.0,0.0,0.0471878089010715,4.020997524261475
7,0,11,0,0.0,0.0,0.0292615666985511,
7,1,4,4,4.0,0.0229885057469943,0.0292581394314765,
7,2,5,11,7.0,0.04022988505724,0.029258182272315,
7,3,1,21,10.0,0.0574712643674858,0.0292579866945743,
7,4,5,28,7.0,0.04022988505724,0.029258182272315,
7,5,0,28,0.0,0.0,0.0292579159140586,
7,6,4,69,41.0,0.2356321839066917,0.0306892767548561,
7,7,5,70,1.0,0.0057471264367485,0.0309736691415309,
7,8,5,80,10.0,0.0574712643674858,0.0309901423752307,
7,9,5,81,1.0,0.0057471264367485,0.0308241806924343,
7,10,1,100,19.0,0.109195402298223,0.0299370847642421,
7,11,0,100,0.0,0.0,0.0297385491430759,
7,12,4,101,1.0,0.0057471264367485,0.0198680087924003,
7,13,5,106,5.0,0.0287356321837429,0.0236252564936876,
7,14,4,106,0.0,0.0,0.0292589291930198,
7,15,5,108,2.0,0.0114942528734971,0.0292591638863086,
7,16,0,109,1.0,0.0057471264367485,0.0292585082352161,
7,17,8,109,0.0,0.0,0.0292595773935318,
7,18,4,109,0.0,0.0,0.029259018599987,
7,19,5,115,6.0,0.0344827586204914,0.0292591322213411,
7,20,0,139,24.0,0.1379310344819659,0.0292583908885717,
7,21,0,139,0.0,0.0,0.0292583629488945,
7,22,0,140,1.0,0.0057471264367485,0.0292582921683788,
7,23,9,140,0.0,0.0,0.0292594786733388,
7,24,0,144,4.0,0.0229885057469943,0.0292581617832183,
7,25,4,146,2.0,0.0114942528734971,0.0292580556124448,
7,26,0,148,2.0,0.0114942528734971,0.0292579028755426,
7,27,5,148,0.0,0.0,0.0292581673711538,
7,28,4,153,5.0,0.0287356321837429,0.0292582381516695,
7,29,5,155,2.0,0.0114942528734971,0.02925830706954,
7,30,0,156,1.0,0.0057471264367485,0.0292580481618642,
7,31,0,160,4.0,0.0229885057469943,0.0292580407112836,
7,32,2,174,14.0,0.0804597701144801,0.0292581617832183,
7,33,10,174,0.0,0.0,0.0292586144059896,4.021053791046143
8,0,11,0,0.0,0.0,0.0361949428915977,
8,1,4,7,7.0,0.0296610169490268,0.0361944511532783,
8,2,5,15,8.0,0.0338983050846021,0.036194521933794,
8,3,1,19,4.0,0.016949152542301,0.0361942797899246,
8,4,5,27,8.0,0.0338983050846021,0.0361945107579231,
8,5,0,27,0.0,0.0,0.0361942015588283,
8,6,1,54,27.0,0.1144067796605321,0.0361942462623119,
8,7,0,54,0.0,0.0,0.0361942015588283,
8,8,4,124,70.0,0.2966101694902686,0.0370232239365577,
8,9,5,125,1.0,0.0042372881355752,0.0373773165047168,
8,10,5,136,11.0,0.0466101694913279,0.0373082719743251,
8,11,1,138,2.0,0.0084745762711505,0.0359533838927745,
8,12,0,138,0.0,0.0,0.0356279462575912,
8,13,4,157,19.0,0.08050847457593,0.0371782854199409,
8,14,5,162,5.0,0.0211864406778763,0.0378961972892284,
8,15,4,176,14.0,0.0593220338980537,0.0361947454512119,
8,16,5,178,2.0,0.0084745762711505,0.0361948572099208,
8,17,0,179,1.0,0.0042372881355752,0.0361943207681179,
8,18,8,179,0.0,0.0,0.0361951068043708,
8,19,4,179,0.0,0.0,0.0361946858465671,
8,20,5,185,6.0,0.0254237288134515,0.036194771528244,
8,21,0,218,33.0,0.1398305084739838,0.0361942164599895,
8,22,0,218,0.0,0.0,0.0361941494047641,
8,23,9,218,0.0,0.0,0.0361950546503067,
8,24,0,221,3.0,0.0127118644067257,0.0361940786242485,
8,25,2,236,15.0,0.0635593220336289,0.0361942686140537,
8,26,10,236,0.0,0.0,0.0361951924860477,4.021042823791504
9,0,11,0,0.0,0.0,0.0457535348832607,
9,1,4,5,5.0,0.0201612903224993,0.0457535460591316,
9,2,5,15,10.0,0.0403225806449987,0.0457536019384861,
9,3,5,30,15.0,0.060483870967498,0.0457536019384861,
9,4,0,30,0.0,0.0,0.0457533299922943,
9,5,1,39,9.0,0.0362903225804988,0.0457533597946167,
9,6,0,39,0.0,0.0,0.0457532964646816,
9,7,1,47,8.0,0.0322580645159989,0.0457533709704875,
9,8,5,175,128.0,0.5161290322559834,0.0457536242902278,
9,9,1,189,14.0,0.0564516129029981,0.0457534156739711,
9,10,0,189,0.0,0.0,0.0457533299922943,
9,11,4,189,0.0,0.0,0.0154760144650936,
9,12,5,193,4.0,0.0161290322579994,0.0154760349541902,
9,13,0,194,1.0,0.0040322580644998,0.0154759055003523,
9,14,8,194,0.0,0.0,0.0154761373996734,
9,15,4,194,0.0,0.0,0.0457499362528324,
9,16,5,200,6.0,0.0241935483869992,0.0457504168152809,
9,17,0,228,28.0,0.1129032258059963,0.0457484722137451,
9,18,0,229,1.0,0.0040322580644998,0.0457483194768428,
9,19,9,229,0.0,0.0,0.0457516498863697,
9,20,0,233,4.0,0.0161290322579994,0.0457481667399406,
9,21,4,234,1.0,0.0040322580644998,0.0457532964646816,
9,22,5,235,1.0,0.0040322580644998,0.0457533374428749,
9,23,10,248,13.0,0.0524193548384983,0.0457537099719047,4.021024227142334
10,0,11,0,0.0,0.0,0.0361286029219627,
10,1,4,2,2.0,0.0092165898617086,0.0361281223595142,
10,2,5,9,7.0,0.0322580645159803,0.0361281782388687,
10,3,5,10,1.0,0.0046082949308543,0.0361281968653202,
10,4,1,18,8.0,0.0368663594468347,0.036127932369709,
10,5,5,25,7.0,0.0322580645159803,0.0361281558871269,
10,6,0,25,0.0,0.0,0.0361278802156448,
10,7,4,106,81.0,0.3732718893992015,0.0366585366427898,
10,8,5,106,0.0,0.0,0.0368898957967758,
10,9,5,117,11.0,0.0506912442393977,0.0369109325110912,
10,10,4,117,0.0,0.0,0.0369763039052486,
10,11,5,118,1.0,0.0046082949308543,0.0371527150273323,
10,12,1,120,2.0,0.0092165898617086,0.0361052751541137,
10,13,0,121,1.0,0.0046082949308543,0.0359550677239894,
10,14,4,122,1.0,0.0046082949308543,0.037368256598711,
10,15,5,125,3.0,0.013824884792563,0.0379527024924755,
10,16,4,125,0.0,0.0,0.0361296869814395,
10,17,5,127,2.0,0.0092165898617086,0.0361300148069858,
10,18,0,128,1.0,0.0046082949308543,0.0361280851066112,
10,19,8,128,0.0,0.0,0.0361308939754962,
10,20,4,128,0.0,0.0,0.0361292399466037,
10,21,5,134,6.0,0.027649769585126,0.0361294969916343,
10,22,0,197,63.0,0.2903225806438234,0.0361276902258396,
10,23,0,198,1.0,0.0046082949308543,0.0361274667084217,
10,24,9,198,0.0,0.0,0.0361303426325321,
10,25,0,202,4.0,0.0184331797234173,0.0361273773014545,
10,26,10,217,15.0,0.0691244239628151,0.0361309275031089,4.021042823791504
11,0,11,0,0.0,0.0,0.0431111343204975,
11,1,4,4,4.0,0.0132450331125389,0.0431307516992092,
11,2,5,12,8.0,0.0264900662250778,0.043130800127983,
11,3,5,13,1.0,0.0033112582781347,0.0431308336555957,
11,4,1,25,12.0,0.0397350993376167,0.0431305356323719,
11,5,5,34,9.0,0.0298013245032125,0.0431307926774024,
11,6,0,34,0.0,0.0,0.0431304313242435,
11,7,1,74,40.0,0.1324503311253892,0.0431305430829525,
11,8,0,74,0.0,0.0,0.0431304834783077,
11,9,5,168,94.0,0.3112582781446647,0.0431308634579181,
11,10,4,168,0.0,0.0,0.0145864533260464,
11,11,1,178,10.0,0.0331125827813473,0.0145863108336925,
11,12,0,178,0.0,0.0,0.0145862540230154,
11,13,4,219,41.0,0.1357615894035239,0.0145844221115112,
11,14,5,224,5.0,0.0165562913906736,0.014584494754672,
11,15,4,224,0.0,0.0,0.0431274287402629,
11,16,5,227,3.0,0.0099337748344041,0.0431275926530361,
11,17,0,228,1.0,0.0033112582781347,0.043126955628395,
11,18,8,228,0.0,0.0,0.0431278795003891,
11,19,4,228,0.0,0.0,0.0431271828711032,
11,20,5,234,6.0,0.0198675496688083,0.0431272946298122,
11,21,0,282,48.0,0.158940397350467,0.0431266352534294,
11,22,0,283,1.0,0.0033112582781347,0.0431265868246555,
11,23,9,283,0.0,0.0,0.0431276150047779,
11,24,0,288,5.0,0.0165562913906736,0.0431264415383338,
11,25,10,302,14.0,0.0463576158938862,0.0431276857852935,4.0210394859313965
12,0,11,0,0.0,0.0,0.0448671206831932,
12,1,4,12,12.0,0.0188976377952458,0.0448765382170677,
12,2,5,22,10.0,0.0157480314960381,0.0448766015470027,
12,3,5,31,9.0,0.0141732283464343,0.0448766015470027,
12,4,0,31,0.0,0.0,0.0448763035237789,
12,5,1,61,30.0,0.0472440944881145,0.044876355677843,
12,6,0,61,0.0,0.0,0.0448763109743595,
12,7,1,69,8.0,0.0125984251968305,0.0448763780295848,
12,8,4,568,499.0,0.7858267716523057,0.0151986116543412,
12,9,5,569,1.0,0.0015748031496038,0.0151986442506313,
12,10,5,579,10.0,0.0157480314960381,0.0151986135169863,
12,11,1,582,3.0,0.0047244094488114,0.0151984663680195,
12,12,0,583,1.0,0.0015748031496038,0.0151984328404068,
12,13,4,583,0.0,0.0,0.0124737424775958,
12,14,5,586,3.0,0.0047244094488114,0.0128421885892748,
12,15,0,587,1.0,0.0015748031496038,0.0120212268084287,
12,16,8,587,0.0,0.0,0.0134493550285696,
12,17,4,587,0.0,0.0,0.0448341965675354,
12,18,5,593,6.0,0.0094488188976229,0.0448344424366951,
12,19,0,614,21.0,0.0330708661416802,0.0448325723409652,
12,20,0,614,0.0,0.0,0.0448324978351593,
12,21,0,615,1.0,0.0015748031496038,0.0448324121534824,
12,22,9,615,0.0,0.0,0.0448354706168174,
12,23,0,619,4.0,0.0062992125984152,0.0448320284485816,
12,24,4,620,1.0,0.0015748031496038,0.0448732115328311,
12,25,5,622,2.0,0.0031496062992076,0.044873297214508,
12,26,2,635,13.0,0.0204724409448496,0.0448731146752834,
12,27,10,635,0.0,0.0,0.0448738299310207,4.021048545837402
13,0,11,0,0.0,0.0,0.0382822789251804,
13,1,4,10,10.0,0.0303030303029384,0.0382818505167961,
13,2,5,18,8.0,0.0242424242423507,0.0382819212973117,
13,3,1,18,0.0,0.0,0.0382816493511199,
13,4,5,28,10.0,0.0303030303029384,0.0382819138467311,
13,5,0,28,0.0,0.0,0.0382815562188625,
13,6,4,123,95.0,0.2878787878779155,0.028401831164956,
13,7,5,124,1.0,0.0030303030302938,0.0286273192614316,
13,8,5,134,10.0,0.0303030303029384,0.0286974869668483,
13,9,1,218,84.0,0.2545454545446832,0.028098240494728,
13,10,4,248,30.0,0.0909090909088154,0.0129848476499319,
13,11,5,250,2.0,0.0060606060605876,0.0129848401993513,
13,12,4,258,8.0,0.0242424242423507,0.0382657982409,
13,13,5,264,6.0,0.018181818181763,0.0382663160562515,
13,14,4,264,0.0,0.0,0.0382814668118953,
13,15,5,265,1.0,0.0030303030302938,0.0382815860211849,
13,16,4,265,0.0,0.0,0.0382812842726707,
13,17,5,267,2.0,0.0060606060605876,0.0382813401520252,
13,18,0,268,1.0,0.0030303030302938,0.03828090056777,
13,19,8,268,0.0,0.0,0.0382815413177013,
13,20,4,268,0.0,0.0,0.0382812656462192,
13,21,5,274,6.0,0.018181818181763,0.0382813028991222,
13,22,0,306,32.0,0.0969696969694031,0.0382808931171894,
13,23,0,307,1.0,0.0030303030302938,0.038280826061964,
13,24,9,307,0.0,0.0,0.0382815115153789,
13,25,0,310,3.0,0.0090909090908815,0.0382808111608028,
13,26,2,330,20.0,0.0606060606058769,0.0382810086011886,
13,27,10,330,0.0,0.0,0.0382817387580871,4.021047115325928
14,0,11,0,0.0,0.0,0.0348264798521995,
14,1,4,114,114.0,0.385135135133834,0.0348259098827838,
14,2,5,125,11.0,0.0371621621620366,0.0348259508609771,
14,3,5,133,8.0,0.0270270270269357,0.034825962036848,
14,4,5,144,11.0,0.0371621621620366,0.0348259508609771,
14,5,0,144,0.0,0.0,0.034825749695301,
14,6,1,148,4.0,0.0135135135134678,0.0348257832229137,
14,7,4,208,60.0,0.2027027027020179,0.0351937748491764,
14,8,5,209,1.0,0.0033783783783669,0.0354168452322483,
14,9,5,220,11.0,0.0371621621620366,0.0354371666908264,
14,10,4,221,1.0,0.0033783783783669,0.0349648296833038,
14,11,5,221,0.0,0.0,0.0350030586123466,
14,12,1,230,9.0,0.0304054054053026,0.0347735732793808,
14,13,0,230,0.0,0.0,0.0347401425242424,
14,14,4,231,1.0,0.0033783783783669,0.0360379330813884,
14,15,5,235,4.0,0.0135135135134678,0.0368123650550842,
14,16,0,236,1.0,0.0033783783783669,0.0348494239151477,
14,17,8,236,0.0,0.0,0.0381921008229255,
14,18,4,237,1.0,0.0033783783783669,0.0348268337547779,
14,19,5,242,5.0,0.0168918918918348,0.0348270311951637,
14,20,0,275,33.0,0.1114864864861098,0.0348255448043346,
14,21,0,275,0.0,0.0,0.0348254702985286,
14,22,0,276,1.0,0.0033783783783669,0.0348253361880779,
14,23,9,276,0.0,0.0,0.034827746450901,
14,24,0,281,5.0,0.0168918918918348,0.0348250456154346,
14,25,4,282,1.0,0.0033783783783669,0.0348259173333644,
14,26,5,284,2.0,0.0067567567567339,0.0348260179162025,
14,27,10,296,12.0,0.0405405405404035,0.0348263904452323,4.021046161651611
15,0,11,0,0.0,0.0,0.0738840103149414,
15,1,4,18,18.0,0.0068415051311262,0.0738838165998458,
15,2,5,25,7.0,0.0026605853287713,0.073883943259716,
15,3,5,26,1.0,0.0003800836183959,0.0738839730620384,
15,4,1,31,5.0,0.0019004180919795,0.0738833770155906,
15,5,5,38,7.0,0.0026605853287713,0.073883906006813,
15,6,0,38,0.0,0.0,0.0738832503557205,
15,7,0,164,126.0,0.0478905359178837,0.0738832727074623,
15,8,1,2572,2408.0,0.9152413530973336,0.073883444070816,
15,9,4,2572,0.0,0.0,0.0248730313032865,
15,10,0,2572,0.0,0.0,0.0248726978898048,
15,11,5,2572,0.0,0.0,0.0248729493468999,
15,12,5,2584,12.0,0.0045610034207508,0.0248729102313518,
15,13,4,2584,0.0,0.0,0.0248497631400823,
15,14,4,2585,1.0,0.0003800836183959,0.0248474292457103,
15,15,5,2593,8.0,0.0030406689471672,0.0248475540429353,
15,16,0,2612,19.0,0.0072215887495221,0.02484723739326,
15,17,9,2612,0.0,0.0,0.024847762659192,
15,18,0,2616,4.0,0.0015203344735836,0.0248471871018409,
15,19,2,2631,15.0,0.0057012542759385,0.0248473398387432,
15,20,10,2631,0.0,0.0,0.0248478725552558,4.020972728729248
16,0,11,0,0.0,0.0,0.0268148519098758,
16,1,4,16,16.0,0.0780487804874241,0.0797831714153289,
16,2,5,27,11.0,0.0536585365851041,0.0797833055257797,
16,3,5,36,9.0,0.043902439024176,0.0797832831740379,
16,4,0,36,0.0,0.0,0.0797827914357185,
16,5,1,87,51.0,0.2487804878036645,0.0797829031944274,
16,6,0,87,0.0,0.0,0.0797828137874603,
16,7,1,132,45.0,0.2195121951208804,0.0797829031944274,
16,8,0,132,0.0,0.0,0.0797828137874603,
16,9,4,137,5.0,0.02439024390232,0.0268214233219623,
16,10,5,138,1.0,0.004878048780464,0.0268214233219623,
16,11,5,149,11.0,0.0536585365851041,0.0268213599920272,
16,12,4,151,2.0,0.009756097560928,0.0268144961446523,
16,13,5,160,9.0,0.043902439024176,0.0268145725131034,
16,14,0,188,28.0,0.1365853658529922,0.0268143992871046,
16,15,0,188,0.0,0.0,0.0268144477158784,
16,16,0,189,1.0,0.004878048780464,0.0268144514411687,
16,17,9,189,0.0,0.0,0.0268147848546504,
16,18,0,192,3.0,0.014634146341392,0.02681440487504,
16,19,10,205,13.0,0.0634146341460321,0.0268148258328437,4.020941734313965
17,0,11,0,0.0,0.0,0.0308986492455005,
17,1,4,33,33.0,0.1746031746022507,0.0920132398605346,
17,2,5,43,10.0,0.0529100529097729,0.0920133739709854,
17,3,5,54,11.0,0.0582010582007502,0.0920133963227272,
17,4,0,54,0.0,0.0,0.0920127853751182,
17,5,1,125,71.0,0.375661375659388,0.0920128896832466,
17,6,0,125,0.0,0.0,0.0920127853751182,
17,7,4,126,1.0,0.0052910052909772,0.0309036429971456,
17,8,5,127,1.0,0.0052910052909772,0.0309037771075963,
17,9,5,139,12.0,0.0634920634917275,0.0309037882834672,
17,10,5,140,1.0,0.0052910052909772,0.0309037324041128,
17,11,4,140,0.0,0.0,0.0308992527425289,
17,12,5,150,10.0,0.0529100529097729,0.030899278819561,
17,13,0,170,20.0,0.1058201058195459,0.0308990404009819,
17,14,0,171,1.0,0.0052910052909772,0.0308991093188524,
17,15,9,171,0.0,0.0,0.0308997016400098,
17,16,0,175,4.0,0.0211640211639091,0.0308991558849811,
17,17,2,189,14.0,0.0740740740736821,0.0308992527425289,
17,18,10,189,0.0,0.0,0.0308996997773647,4.020901679992676
18,0,11,0,0.0,0.0,0.0318291410803794,
18,1,4,12,12.0,0.0558139534881124,0.0946842581033706,
18,2,5,23,11.0,0.0511627906974364,0.0946843922138214,
18,3,5,33,10.0,0.0465116279067604,0.0946843922138214,
18,4,0,33,0.0,0.0,0.0946838036179542,
18,5,1,161,128.0,0.5953488372065333,0.0946838930249214,
18,6,0,161,0.0,0.0,0.0946837812662124,
18,7,5,173,12.0,0.0558139534881124,0.0946843698620796,
18,8,5,175,2.0,0.009302325581352,0.0946843922138214,
18,9,5,176,1.0,0.004651162790676,0.0946844369173049,
18,10,4,176,0.0,0.0,0.0006249842699617,
18,11,5,183,7.0,0.0325581395347322,0.0006249872385524,
18,12,0,196,13.0,0.0604651162787885,0.000997265568003,
18,13,0,197,1.0,0.004651162790676,0.0623001530766487,
18,14,9,197,0.0,0.0,0.0006249696598388,
18,15,0,201,4.0,0.0186046511627041,0.0009972607949748,
18,16,10,215,14.0,0.0651162790694645,0.0006249568541534,4.020751953125
19,0,11,0,0.0,0.0,0.000345756066963,
19,1,4,18,18.0,0.1005586592173153,0.0501970089972019,
19,2,5,25,7.0,0.0391061452511781,0.0501971058547496,
19,3,1,26,1.0,0.0055865921787397,0.050196748226881,
19,4,5,37,11.0,0.0614525139661371,0.0501971058547496,
19,5,0,37,0.0,0.0,0.0501966029405593,
19,6,1,122,85.0,0.4748603351928779,0.0501967146992683,
19,7,0,122,0.0,0.0,0.0501966550946235,
19,8,4,122,0.0,0.0,0.0515056699514389,
19,9,5,123,1.0,0.0055865921787397,0.0519574992358684,
19,10,5,135,12.0,0.0670391061448768,0.0518406070768833,
19,11,4,137,2.0,0.0111731843574794,0.0514538250863552,
19,12,5,144,7.0,0.0391061452511781,0.0520029589533805,
19,13,0,159,15.0,0.0837988826810961,0.049605693668127,
19,14,0,159,0.0,0.0,0.0499912053346633,
19,15,0,160,1.0,0.0055865921787397,0.0503182262182235,
19,16,9,160,0.0,0.0,0.0558457784354686,
19,17,0,164,4.0,0.0223463687149589,0.050343245267868,
19,18,2,179,15.0,0.0837988826810961,0.0512406900525093,
19,19,10,179,0.0,0.0,0.055968303233385,4.020945072174072
20,0,11,0,0.0,0.0,0.0076649608090519,
20,1,4,20,20.0,0.1030927835046232,0.0588689893484115,
20,2,5,27,7.0,0.0360824742266181,0.0588690899312496,
20,3,1,29,2.0,0.0103092783504623,0.0588686950504779,
20,4,5,35,6.0,0.0309278350513869,0.0588690899312496,
20,5,0,35,0.0,0.0,0.0588685534894466,
20,6,5,81,46.0,0.2371134020606334,0.0588690601289272,
20,7,1,92,11.0,0.0567010309275427,0.0588686801493167,
20,8,1,111,19.0,0.097938144329392,0.0588687360286712,
20,9,1,113,2.0,0.0103092783504623,0.0588687248528003,
20,10,4,130,17.0,0.0876288659789297,0.0198204237967729,
20,11,0,131,1.0,0.0051546391752311,0.0198202542960643,
20,12,5,131,0.0,0.0,0.0198204033076763,
20,13,5,142,11.0,0.0567010309275427,0.0198204237967729,
20,14,5,144,2.0,0.0103092783504623,0.0198204722255468,
20,15,5,145,1.0,0.0051546391752311,0.0198205132037401,
20,16,4,145,0.0,0.0,0.0198031365871429,
20,17,5,156,11.0,0.0567010309275427,0.0198031347244977,
20,18,0,168,12.0,0.0618556701027739,0.0198030248284339,
20,19,0,168,0.0,0.0,0.0198030453175306,
20,20,9,168,0.0,0.0,0.0198032651096582,
20,21,0,169,1.0,0.0051546391752311,0.0198030807077884,
20,22,0,172,3.0,0.0154639175256934,0.0198030415922403,
20,23,4,175,3.0,0.0154639175256934,0.0588852316141128,
20,24,5,178,3.0,0.0154639175256934,0.0588852427899837,
20,25,10,194,16.0,0.0824742268036985,0.0588855668902397,4.021042346954346
21,0,11,0,0.0,0.0,0.0328729338943958,
21,1,4,26,26.0,0.1111111111106362,0.0328726693987846,
21,2,5,37,11.0,0.0470085470083461,0.0328727141022682,
21,3,5,38,1.0,0.004273504273486,0.0328727141022682,
21,4,1,40,2.0,0.008547008546972,0.0328725725412368,
21,5,5,52,12.0,0.0512820512818321,0.0328727066516876,
21,6,0,52,0.0,0.0,0.0328725278377532,
21,7,1,125,73.0,0.3119658119644788,0.0328725576400756,
21,8,1,126,1.0,0.004273504273486,0.0328725911676883,
21,9,1,133,7.0,0.029914529914402,0.0328725725412368,
21,10,1,135,2.0,0.008547008546972,0.0328725911676883,
21,11,1,137,2.0,0.008547008546972,0.0328725576400756,
21,12,1,139,2.0,0.008547008546972,0.0328725576400756,
21,13,1,141,2.0,0.008547008546972,0.0328725650906562,
21,14,1,155,14.0,0.0598290598288041,0.0328726060688495,
21,15,1,157,2.0,0.008547008546972,0.0328726284205913,
21,16,4,172,15.0,0.0641025641022901,0.0339715294539928,
21,17,5,173,1.0,0.004273504273486,0.0341260768473148,
21,18,0,177,4.0,0.017094017093944,0.0331738032400608,
21,19,5,183,6.0,0.025641025640916,0.0340145081281662,
21,20,5,184,1.0,0.004273504273486,0.0339825376868248,
21,21,4,185,1.0,0.004273504273486,0.0344872511923313,
21,22,5,195,10.0,0.0427350427348601,0.0343566723167896,
21,23,0,210,15.0,0.0641025641022901,0.0217006597667932,
21,24,0,210,0.0,0.0,0.0217006970196962,
21,25,0,211,1.0,0.004273504273486,0.0217007417231798,
21,26,9,211,0.0,0.0,0.0363485589623451,
21,27,0,214,3.0,0.012820512820458,0.0217008516192436,
21,28,4,217,3.0,0.012820512820458,0.0328727476298809,
21,29,5,219,2.0,0.008547008546972,0.032872799783945,
21,30,10,234,15.0,0.0641025641022901,0.0328729785978794,4.02105188369751
22,0,11,0,0.0,0.0,0.0535175949335098,
22,1,4,24,24.0,0.1304347826079867,0.0535171627998352,
22,2,5,35,11.0,0.0597826086953272,0.0535172000527381,
22,3,1,36,1.0,0.0054347826086661,0.0535170100629329,
22,4,5,44,8.0,0.0434782608693289,0.053517211228609,
22,5,0,44,0.0,0.0,0.0535169057548046,
22,6,1,124,80.0,0.4347826086932893,0.0535169541835784,
22,7,0,124,0.0,0.0,0.0535169318318367,
22,8,5,134,10.0,0.0543478260866611,0.0535172633826732,
22,9,5,135,1.0,0.0054347826086661,0.0535172373056411,
22,10,4,136,1.0,0.0054347826086661,0.0540934242308139,
22,11,5,143,7.0,0.0380434782606628,0.0544817186892032,
22,12,0,160,17.0,0.0923913043473239,0.0516198202967643,
22,13,0,160,0.0,0.0,0.0518497377634048,
22,14,9,160,0.0,0.0,0.0582489818334579,
22,15,0,169,9.0,0.048913043477995,0.0526447594165802,
22,16,2,184,15.0,0.0815217391299917,0.0540516674518585,
22,17,10,184,0.0,0.0,0.0595006421208381,4.020845413208008
23,0,11,0,0.0,0.0,0.0142452139407396,
23,1,4,21,21.0,0.0830039525688418,0.0694159045815467,
23,2,5,28,7.0,0.0276679841896139,0.0694160535931587,
23,3,5,29,1.0,0.0039525691699448,0.0694160833954811,
23,4,1,31,2.0,0.0079051383398897,0.0694155395030975,
23,5,5,40,9.0,0.0355731225295036,0.0694160163402557,
23,6,0,40,0.0,0.0,0.0694154053926467,
23,7,5,51,11.0,0.0434782608693933,0.0694160535931587,
23,8,4,189,138.0,0.5454545454523896,0.0233803503215312,
23,9,0,189,0.0,0.0,0.0233801789581775,
23,10,5,189,0.0,0.0,0.0233803633600473,
23,11,5,203,14.0,0.0553359683792279,0.023380309343338,
23,12,4,205,2.0,0.0079051383398897,0.0233682803809642,
23,13,5,215,10.0,0.0395256916994485,0.0233683362603187,
23,14,0,235,20.0,0.079051383398897,0.0233682245016098,
23,15,0,235,0.0,0.0,0.0233682636171579,
23,16,0,236,1.0,0.0039525691699448,0.0233682729303836,
23,17,9,236,0.0,0.0,0.0233685132116079,
23,18,0,239,3.0,0.0118577075098345,0.0233682300895452,
23,19,4,239,0.0,0.0,0.0694258213043212,
23,20,5,241,2.0,0.0079051383398897,0.069425880908966,
23,21,10,253,12.0,0.0474308300393382,0.0694262981414794,4.021002292633057
24,0,11,0,0.0,0.0,0.0757052153348922,
24,1,4,16,16.0,0.0772946859899647,0.0757045820355415,
24,2,5,26,10.0,0.0483091787437279,0.0757046937942504,
24,3,5,37,11.0,0.0531400966181007,0.0757047086954116,
24,4,0,37,0.0,0.0,0.075704239308834,
24,5,5,45,8.0,0.0386473429949823,0.0757046714425087,
24,6,1,149,104.0,0.502415458934771,0.0757042914628982,
24,7,0,149,0.0,0.0,0.075704239308834,
24,8,5,162,13.0,0.0628019323668463,0.0757047086954116,
24,9,5,163,1.0,0.0048309178743727,0.0757047310471534,
24,10,4,164,1.0,0.0048309178743727,0.0255066640675067,
24,11,5,171,7.0,0.0338164251206095,0.0255066566169261,
24,12,0,187,16.0,0.0772946859899647,0.0255063977092504,
24,13,0,187,0.0,0.0,0.0255064405500888,
24,14,0,188,1.0,0.0048309178743727,0.0255065076053142,
24,15,9,188,0.0,0.0,0.0255069471895694,
24,16,0,193,5.0,0.0241545893718639,0.0255065355449914,
24,17,10,207,14.0,0.0676328502412191,0.0255069825798273,4.020843505859375
25,0,11,0,0.0,0.0,0.021558292210102,
25,1,4,21,21.0,0.0817120622564914,0.064061015844345,
25,2,5,28,7.0,0.0272373540854971,0.0640611574053764,
25,3,1,30,2.0,0.0077821011672848,0.0640606954693794,
25,4,5,39,9.0,0.035019455252782,0.0640611425042152,
25,5,0,39,0.0,0.0,0.0640605464577674,
25,6,0,169,130.0,0.5058365758735182,0.0640605315566062,
25,7,5,181,12.0,0.0466926070037093,0.0640611574053764,
25,8,5,206,25.0,0.0972762645910611,0.0640612170100212,
25,9,4,206,0.0,0.0,0.0249343216419219,
25,10,5,216,10.0,0.0389105058364244,0.0215842947363853,
25,11,0,239,23.0,0.0894941634237763,0.0421286635100841,
25,12,0,239,0.0,0.0,0.0421312637627124,
25,13,0,240,1.0,0.0038910505836424,0.0421330668032169,
25,14,9,240,0.0,0.0,0.0258493777364492,
25,15,0,243,3.0,0.0116731517509273,0.0421301908791065,
25,16,4,243,0.0,0.0,0.0640625730156898,
25,17,5,244,1.0,0.0038910505836424,0.0640626400709152,
25,18,10,257,13.0,0.0505836575873518,0.064063049852848,4.020906448364258
26,0,11,0,0.0,0.0,0.0568665415048599,
26,1,4,22,22.0,0.1067961165043359,0.0568660497665405,
26,2,5,32,10.0,0.0485436893201527,0.0568660907447338,
26,3,5,43,11.0,0.0533980582521679,0.056866105645895,
26,4,0,43,0.0,0.0,0.056865781545639,
26,5,1,144,101.0,0.4902912621335423,0.0568657964468002,
26,6,0,145,1.0,0.0048543689320152,0.0568657405674457,
26,7,5,156,11.0,0.0533980582521679,0.056866105645895,
26,8,5,157,1.0,0.0048543689320152,0.0568661168217659,
26,9,4,158,1.0,0.0048543689320152,0.057143785059452,
26,10,5,165,7.0,0.0339805825241068,0.0576639100909233,
26,11,0,186,21.0,0.1019417475723206,0.0543598681688308,
26,12,0,186,0.0,0.0,0.0543222203850746,
26,13,0,187,1.0,0.0048543689320152,0.0545676983892917,
26,14,9,187,0.0,0.0,0.0614502690732479,
26,15,0,192,5.0,0.0242718446600763,0.0554434172809124,
26,16,10,206,14.0,0.0679611650482137,0.062975637614727,4.0207600593566895
27,0,11,0,0.0,0.0,0.045058824121952,
27,1,4,32,32.0,0.0999999999996875,0.0400690734386444,
27,2,5,40,8.0,0.0249999999999218,0.0400691591203212,
27,3,1,42,2.0,0.0062499999999804,0.0400688834488391,
27,4,5,51,9.0,0.0281249999999121,0.0400691591203212,
27,5,0,51,0.0,0.0,0.0400688163936138,
27,6,5,73,22.0,0.0687499999997851,0.0400691404938697,
27,7,1,182,109.0,0.3406249999989356,0.0400688834488391,
27,8,1,189,7.0,0.0218749999999316,0.0400689020752906,
27,9,1,190,1.0,0.0031249999999902,0.0400689132511615,
27,10,4,214,24.0,0.0749999999997656,0.041376493871212,
27,11,5,215,1.0,0.0031249999999902,0.0415719673037529,
27,12,5,229,14.0,0.0437499999998632,0.0415542870759964,
27,13,0,235,6.0,0.0187499999999414,0.0402424782514572,
27,14,4,236,1.0,0.0031249999999902,0.0423286370933055,
27,15,5,247,11.0,0.0343749999998925,0.0424745827913284,
27,16,0,291,44.0,0.1374999999995703,0.0399972051382064,
27,17,0,291,0.0,0.0,0.0398562029004097,
27,18,0,292,1.0,0.0031249999999902,0.0401426926255226,
27,19,9,292,0.0,0.0,0.0440145768225193,
27,20,0,297,5.0,0.0156249999999511,0.0400566011667251,
27,21,4,299,2.0,0.0062499999999804,0.0400690361857414,
27,22,5,302,3.0,0.0093749999999707,0.0400690548121929,
27,23,10,320,18.0,0.0562499999998242,0.0400692671537399,4.021023750305176
28,0,11,0,0.0,0.0,0.0798318684101104,
28,1,4,54,54.0,0.2249999999990625,0.0798311829566955,
28,2,5,65,11.0,0.0458333333331423,0.0798312947154045,
28,3,5,66,1.0,0.0041666666666493,0.0798312947154045,
28,4,1,68,2.0,0.0083333333332986,0.0798309370875358,
28,5,5,80,12.0,0.0499999999997916,0.0798312947154045,
28,6,0,80,0.0,0.0,0.0798308029770851,
28,7,1,173,93.0,0.3874999999983854,0.079830951988697,
28,8,0,174,1.0,0.0041666666666493,0.079830877482891,
28,9,5,186,12.0,0.0499999999997916,0.0798312947154045,
28,10,4,187,1.0,0.0041666666666493,0.0005251683178357,
28,11,5,194,7.0,0.0291666666665451,0.0005251708207651,
28,12,0,219,25.0,0.1041666666662326,0.0524202026426792,
28,13,0,219,0.0,0.0,0.0524203516542911,
28,14,0,220,1.0,0.0041666666666493,0.0524203702807426,
28,15,9,220,0.0,0.0,0.0005251533002592,
28,16,0,226,6.0,0.0249999999998958,0.0008365142857655,
28,17,2,240,14.0,0.0583333333330902,0.0008365155663341,
28,18,10,240,0.0,0.0,0.0005251553375273,4.020897388458252
29,0,11,0,0.0,0.0,0.0452724695205688,
29,1,4,25,25.0,0.0976562499996185,0.0403100438416004,
29,2,5,32,7.0,0.0273437499998931,0.0403101220726966,
29,3,1,34,2.0,0.0078124999999694,0.0403098315000534,
29,4,5,45,11.0,0.0429687499998321,0.0403101220726966,
29,5,0,45,0.0,0.0,0.0403097346425056,
29,6,1,117,72.0,0.2812499999989014,0.040309801697731,
29,7,4,117,0.0,0.0,0.0408737324178218,
29,8,5,117,0.0,0.0,0.0413793586194515,
29,9,1,119,2.0,0.0078124999999694,0.0399873368442058,
29,10,1,120,1.0,0.0039062499999847,0.0399120524525642,
29,11,1,121,1.0,0.0039062499999847,0.0398020893335342,
29,12,1,123,2.0,0.0078124999999694,0.039782989770174,
29,13,5,131,8.0,0.0312499999998779,0.0413812212646007,
29,14,0,158,27.0,0.105468749999588,0.0398376993834972,
29,15,4,184,26.0,0.1015624999996032,0.0419745557010173,
29,16,5,193,9.0,0.0351562499998626,0.042608305811882,
29,17,0,232,39.0,0.1523437499994049,0.040009755641222,
29,18,0,233,1.0,0.0039062499999847,0.0398699566721916,
29,19,9,233,0.0,0.0,0.0442398376762867,
29,20,0,237,4.0,0.0156249999999389,0.0396832562983036,
29,21,4,238,1.0,0.0039062499999847,0.0403100550174713,
29,22,5,240,2.0,0.0078124999999694,0.0403100922703743,
29,23,10,256,16.0,0.0624999999997558,0.0403103306889534,4.021023750305176
30,0,11,0,0.0,0.0,0.0736186355352401,
30,1,4,34,34.0,0.1691542288548798,0.0736179873347282,
30,2,5,43,9.0,0.0447761194027623,0.0736180916428566,
30,3,5,52,9.0,0.0447761194027623,0.0736180767416954,
30,4,0,52,0.0,0.0,0.0736175626516342,
30,5,1,57,5.0,0.0248756218904235,0.0736176669597625,
30,6,5,75,18.0,0.0895522388055246,0.0736180543899536,
30,7,0,132,57.0,0.283582089550828,0.0736175626516342,
30,8,5,146,14.0,0.0696517412931858,0.0736181065440177,
30,9,4,147,1.0,0.0049751243780847,0.0007844612118788,
30,10,5,156,9.0,0.0447761194027623,0.0007844608044251,
30,11,0,182,26.0,0.1293532338302022,0.00078445894178,
30,12,0,182,0.0,0.0,0.0007844604551792,
30,13,0,183,1.0,0.0049751243780847,0.0007844619685783,
30,14,9,183,0.0,0.0,0.0004942478262819,
30,15,0,186,3.0,0.0149253731342541,0.0007844592910259,
30,16,4,186,0.0,0.0,0.0736180245876312,
30,17,5,187,1.0,0.0049751243780847,0.0736181288957595,
30,18,2,201,14.0,0.0696517412931858,0.0736177787184715,
30,19,10,201,0.0,0.0,0.073618583381176,4.020953178405762
31,0,11,0,0.0,0.0,0.0738574266433715,
31,1,4,40,40.0,0.1652892561976641,0.0738565623760223,
31,2,5,48,8.0,0.0330578512395328,0.0738567039370536,
31,3,5,60,12.0,0.0495867768592992,0.0738566890358924,
31,4,0,60,0.0,0.0,0.0738561600446701,
31,5,1,179,119.0,0.4917355371880507,0.0738562494516372,
31,6,0,179,0.0,0.0,0.0738561227917671,
31,7,0,180,1.0,0.0041322314049416,0.0738561376929283,
31,8,5,191,11.0,0.0454545454543576,0.0738567188382148,
31,9,5,193,2.0,0.0082644628098832,0.0738567560911178,
31,10,4,193,0.0,0.0,0.024871427565813,
31,11,5,200,7.0,0.0289256198345912,0.024871414527297,
31,12,0,219,19.0,0.0785123966938904,0.0248711388558149,
31,13,0,219,0.0,0.0,0.024871164932847,
31,14,0,220,1.0,0.0041322314049416,0.0248712413012981,
31,15,9,220,0.0,0.0,0.0248717535287141,
31,16,0,227,7.0,0.0289256198345912,0.0248712878674268,
31,17,2,242,15.0,0.061983471074124,0.0248713698238134,
31,18,10,242,0.0,0.0,0.0248717498034238,4.020901679992676
32,0,11,0,0.0,0.0,0.0248893704265356,
32,1,4,22,22.0,0.0780141843968864,0.073866531252861,
32,2,5,30,8.0,0.0283687943261405,0.0738666355609893,
32,3,1,32,2.0,0.0070921985815351,0.0738662183284759,
32,4,5,42,10.0,0.0354609929076756,0.0738666355609893,
32,5,0,42,0.0,0.0,0.0738660022616386,
32,6,1,218,176.0,0.6241134751750919,0.0738661438226699,
32,7,0,218,0.0,0.0,0.0738660395145416,
32,8,5,231,13.0,0.0460992907799783,0.0738666728138923,
32,9,4,232,1.0,0.0035460992907675,0.0387419313192367,
32,10,5,239,7.0,0.0248226950353729,0.0389656014740467,
32,11,0,262,23.0,0.081560283687654,0.0486573539674282,
32,12,0,262,0.0,0.0,0.0486574135720729,
32,13,0,263,1.0,0.0035460992907675,0.0486574694514274,
32,14,9,263,0.0,0.0,0.0419626720249652,
32,15,0,267,4.0,0.0141843971630702,0.0371428020298481,
32,16,10,282,15.0,0.0531914893615135,0.0428704917430877,4.020755767822266
33,0,11,0,0.0,0.0,0.0364674180746078,
33,1,4,24,24.0,0.0269662921348011,0.088671863079071,
33,2,5,32,8.0,0.0089887640449337,0.0886720344424247,
33,3,1,34,2.0,0.0022471910112334,0.0886714458465576,
33,4,5,43,9.0,0.0101123595505504,0.0886720120906829,
33,5,0,43,0.0,0.0,0.0886712297797203,
33,6,5,49,6.0,0.0067415730337002,0.0886720344424247,
33,7,4,780,731.0,0.8213483146058187,0.0297917611896991,
33,8,1,780,0.0,0.0,0.0297916252166032,
33,9,0,780,0.0,0.0,0.0297915618866682,
33,10,5,780,0.0,0.0,0.029791859909892,
33,11,5,793,13.0,0.0146067415730172,0.0297917742282152,
33,12,4,795,2.0,0.0022471910112334,0.02978759072721,
33,13,5,802,7.0,0.007865168539317,0.029787728562951,
33,14,0,870,68.0,0.0764044943819366,0.0297874547541141,
33,15,0,871,1.0,0.0011235955056167,0.0297875143587589,
33,16,9,871,0.0,0.0,0.0297881457954645,
33,17,0,875,4.0,0.0044943820224668,0.0297874826937913,
33,18,2,890,15.0,0.0168539325842507,0.0297876149415969,
33,19,10,890,0.0,0.0,0.0297881830483675,4.020943641662598
34,0,11,0,0.0,0.0,0.0342101566493511,
34,1,4,37,37.0,0.0445783132529583,0.101100318133831,
34,2,5,44,7.0,0.0084337349397488,0.1011005342006683,
34,3,1,46,2.0,0.0024096385542139,0.1010998636484146,
34,4,5,55,9.0,0.0108433734939628,0.1011004894971847,
34,5,0,55,0.0,0.0,0.1010996177792549,
34,6,5,65,10.0,0.0120481927710698,0.1011004894971847,
34,7,1,773,708.0,0.8530120481917434,0.1010998338460922,
34,8,0,773,0.0,0.0,0.1010996922850608,
34,9,5,786,13.0,0.0156626506023907,0.1011006087064743,
34,10,4,788,2.0,0.0024096385542139,0.0004207724996376,
34,11,5,795,7.0,0.0084337349397488,0.0004207716847304,
34,12,0,811,16.0,0.0192771084337117,0.0004207672609481,
34,13,0,811,0.0,0.0,0.0004207676975056,
34,14,0,812,1.0,0.0012048192771069,0.000420768483309,
34,15,9,812,0.0,0.0,0.0004207747115287,
34,16,0,815,3.0,0.0036144578313209,0.0004207692982163,
34,17,10,830,15.0,0.0180722891566047,0.000420775701059,4.020838260650635
